<?xml version="1.0" encoding="UTF-8"?>
<gpx xmlns="http://www.topografix.com/GPX/1/1" xmlns:xsi="http://www.w3.org/2001/XMLSchema-instance" xsi:schemaLocation="http://www.topografix.com/GPX/1/1 http://www.topografix.com/GPX/1/1/gpx.xsd" version="1.1" creator="gpx.py -- https://github.com/tkrajina/gpxpy">
  <trk>
    <name>Combined Segments</name>
    <trkseg>
      <trkpt lat="45.391217" lon="11.805884">
        <ele>12.25</ele>
      </trkpt>
      <trkpt lat="45.391228" lon="11.805991">
        <ele>12.25</ele>
      </trkpt>
      <trkpt lat="45.391229" lon="11.806216">
        <ele>12.25</ele>
      </trkpt>
      <trkpt lat="45.391227" lon="11.806489">
        <ele>12.0</ele>
      </trkpt>
      <trkpt lat="45.391211" lon="11.807013">
        <ele>12.25</ele>
      </trkpt>
      <trkpt lat="45.391202" lon="11.807177">
        <ele>12.25</ele>
      </trkpt>
      <trkpt lat="45.391183" lon="11.807248">
        <ele>12.25</ele>
      </trkpt>
      <trkpt lat="45.391134" lon="11.807326">
        <ele>12.5</ele>
      </trkpt>
      <trkpt lat="45.391092" lon="11.807359">
        <ele>12.5</ele>
      </trkpt>
      <trkpt lat="45.391039" lon="11.807381">
        <ele>12.5</ele>
      </trkpt>
      <trkpt lat="45.390984" lon="11.807387">
        <ele>12.75</ele>
      </trkpt>
      <trkpt lat="45.390891" lon="11.807379">
        <ele>12.75</ele>
      </trkpt>
      <trkpt lat="45.39082" lon="11.807368">
        <ele>12.75</ele>
      </trkpt>
      <trkpt lat="45.390833" lon="11.807438">
        <ele>12.75</ele>
      </trkpt>
      <trkpt lat="45.391038" lon="11.808355">
        <ele>12.5</ele>
      </trkpt>
      <trkpt lat="45.391052" lon="11.808414">
        <ele>12.5</ele>
      </trkpt>
      <trkpt lat="45.391" lon="11.808434">
        <ele>12.5</ele>
      </trkpt>
      <trkpt lat="45.391015" lon="11.808507">
        <ele>12.75</ele>
      </trkpt>
      <trkpt lat="45.39103" lon="11.808645">
        <ele>13.0</ele>
      </trkpt>
      <trkpt lat="45.3911" lon="11.809004">
        <ele>13.5</ele>
      </trkpt>
      <trkpt lat="45.391137" lon="11.809188">
        <ele>14.0</ele>
      </trkpt>
      <trkpt lat="45.391193" lon="11.809449">
        <ele>14.25</ele>
      </trkpt>
      <trkpt lat="45.391232" lon="11.809561">
        <ele>14.25</ele>
      </trkpt>
      <trkpt lat="45.391297" lon="11.809922">
        <ele>14.75</ele>
      </trkpt>
      <trkpt lat="45.391364" lon="11.810265">
        <ele>14.5</ele>
      </trkpt>
      <trkpt lat="45.391302" lon="11.810283">
        <ele>14.5</ele>
      </trkpt>
      <trkpt lat="45.391289" lon="11.8103">
        <ele>14.5</ele>
      </trkpt>
      <trkpt lat="45.39128" lon="11.810328">
        <ele>14.5</ele>
      </trkpt>
      <trkpt lat="45.391483" lon="11.811331">
        <ele>13.75</ele>
      </trkpt>
      <trkpt lat="45.391544" lon="11.811642">
        <ele>13.75</ele>
      </trkpt>
      <trkpt lat="45.391626" lon="11.812066">
        <ele>13.25</ele>
      </trkpt>
      <trkpt lat="45.391685" lon="11.81237">
        <ele>13.0</ele>
      </trkpt>
      <trkpt lat="45.391714" lon="11.812508">
        <ele>13.0</ele>
      </trkpt>
      <trkpt lat="45.391744" lon="11.812636">
        <ele>13.25</ele>
      </trkpt>
      <trkpt lat="45.392096" lon="11.814416">
        <ele>14.5</ele>
      </trkpt>
      <trkpt lat="45.392156" lon="11.814733">
        <ele>14.25</ele>
      </trkpt>
      <trkpt lat="45.392328" lon="11.815616">
        <ele>14.0</ele>
      </trkpt>
      <trkpt lat="45.392342" lon="11.815736">
        <ele>14.0</ele>
      </trkpt>
      <trkpt lat="45.392383" lon="11.815941">
        <ele>13.75</ele>
      </trkpt>
      <trkpt lat="45.39242" lon="11.816132">
        <ele>13.75</ele>
      </trkpt>
      <trkpt lat="45.392465" lon="11.816273">
        <ele>13.75</ele>
      </trkpt>
      <trkpt lat="45.392621" lon="11.816664">
        <ele>13.5</ele>
      </trkpt>
      <trkpt lat="45.392741" lon="11.816947">
        <ele>13.5</ele>
      </trkpt>
      <trkpt lat="45.392754" lon="11.817038">
        <ele>13.5</ele>
      </trkpt>
      <trkpt lat="45.392728" lon="11.817226">
        <ele>13.5</ele>
      </trkpt>
      <trkpt lat="45.392704" lon="11.817332">
        <ele>13.5</ele>
      </trkpt>
      <trkpt lat="45.392723" lon="11.817378">
        <ele>13.5</ele>
      </trkpt>
      <trkpt lat="45.39275" lon="11.817438">
        <ele>13.5</ele>
      </trkpt>
      <trkpt lat="45.392771" lon="11.817496">
        <ele>13.5</ele>
      </trkpt>
      <trkpt lat="45.392856" lon="11.817487">
        <ele>13.5</ele>
      </trkpt>
      <trkpt lat="45.392936" lon="11.817517">
        <ele>13.25</ele>
      </trkpt>
      <trkpt lat="45.393006" lon="11.817623">
        <ele>13.25</ele>
      </trkpt>
      <trkpt lat="45.393125" lon="11.817891">
        <ele>13.0</ele>
      </trkpt>
      <trkpt lat="45.39326" lon="11.818239">
        <ele>13.0</ele>
      </trkpt>
      <trkpt lat="45.393528" lon="11.818881">
        <ele>12.25</ele>
      </trkpt>
      <trkpt lat="45.393603" lon="11.819099">
        <ele>12.25</ele>
      </trkpt>
      <trkpt lat="45.393711" lon="11.819522">
        <ele>12.0</ele>
      </trkpt>
      <trkpt lat="45.393727" lon="11.819585">
        <ele>11.75</ele>
      </trkpt>
      <trkpt lat="45.393739" lon="11.819632">
        <ele>11.75</ele>
      </trkpt>
      <trkpt lat="45.393877" lon="11.820158">
        <ele>11.75</ele>
      </trkpt>
      <trkpt lat="45.393894" lon="11.820225">
        <ele>12.0</ele>
      </trkpt>
      <trkpt lat="45.39408" lon="11.820966">
        <ele>13.0</ele>
      </trkpt>
      <trkpt lat="45.394487" lon="11.822482">
        <ele>14.5</ele>
      </trkpt>
      <trkpt lat="45.394573" lon="11.822825">
        <ele>14.5</ele>
      </trkpt>
      <trkpt lat="45.394693" lon="11.823289">
        <ele>14.5</ele>
      </trkpt>
      <trkpt lat="45.394743" lon="11.8235">
        <ele>14.25</ele>
      </trkpt>
      <trkpt lat="45.394806" lon="11.823745">
        <ele>13.5</ele>
      </trkpt>
      <trkpt lat="45.394848" lon="11.823926">
        <ele>13.25</ele>
      </trkpt>
      <trkpt lat="45.394871" lon="11.824037">
        <ele>13.0</ele>
      </trkpt>
      <trkpt lat="45.394892" lon="11.824201">
        <ele>12.75</ele>
      </trkpt>
      <trkpt lat="45.394894" lon="11.824263">
        <ele>12.75</ele>
      </trkpt>
      <trkpt lat="45.3949" lon="11.824403">
        <ele>12.75</ele>
      </trkpt>
      <trkpt lat="45.394904" lon="11.824449">
        <ele>12.75</ele>
      </trkpt>
      <trkpt lat="45.394909" lon="11.824516">
        <ele>12.75</ele>
      </trkpt>
      <trkpt lat="45.394913" lon="11.824558">
        <ele>12.75</ele>
      </trkpt>
      <trkpt lat="45.394921" lon="11.824571">
        <ele>12.75</ele>
      </trkpt>
      <trkpt lat="45.394926" lon="11.824623">
        <ele>12.75</ele>
      </trkpt>
      <trkpt lat="45.394951" lon="11.824874">
        <ele>12.75</ele>
      </trkpt>
      <trkpt lat="45.394974" lon="11.825094">
        <ele>12.75</ele>
      </trkpt>
      <trkpt lat="45.394981" lon="11.825137">
        <ele>13.0</ele>
      </trkpt>
      <trkpt lat="45.395003" lon="11.8252">
        <ele>13.0</ele>
      </trkpt>
      <trkpt lat="45.395023" lon="11.825246">
        <ele>13.25</ele>
      </trkpt>
      <trkpt lat="45.395046" lon="11.825284">
        <ele>13.25</ele>
      </trkpt>
      <trkpt lat="45.395057" lon="11.825303">
        <ele>13.25</ele>
      </trkpt>
      <trkpt lat="45.395074" lon="11.82543">
        <ele>13.25</ele>
      </trkpt>
      <trkpt lat="45.39515" lon="11.825634">
        <ele>13.5</ele>
      </trkpt>
      <trkpt lat="45.395187" lon="11.825694">
        <ele>13.5</ele>
      </trkpt>
      <trkpt lat="45.395264" lon="11.825871">
        <ele>13.5</ele>
      </trkpt>
      <trkpt lat="45.395362" lon="11.826129">
        <ele>13.75</ele>
      </trkpt>
      <trkpt lat="45.395542" lon="11.82668">
        <ele>13.5</ele>
      </trkpt>
      <trkpt lat="45.395648" lon="11.827127">
        <ele>13.25</ele>
      </trkpt>
      <trkpt lat="45.395763" lon="11.827646">
        <ele>13.0</ele>
      </trkpt>
      <trkpt lat="45.395786" lon="11.82776">
        <ele>13.0</ele>
      </trkpt>
      <trkpt lat="45.395796" lon="11.827813">
        <ele>13.0</ele>
      </trkpt>
      <trkpt lat="45.395804" lon="11.827856">
        <ele>13.0</ele>
      </trkpt>
      <trkpt lat="45.395851" lon="11.828071">
        <ele>12.75</ele>
      </trkpt>
      <trkpt lat="45.395864" lon="11.828133">
        <ele>13.0</ele>
      </trkpt>
      <trkpt lat="45.395873" lon="11.828179">
        <ele>13.0</ele>
      </trkpt>
      <trkpt lat="45.395976" lon="11.828642">
        <ele>12.75</ele>
      </trkpt>
      <trkpt lat="45.395992" lon="11.828718">
        <ele>12.75</ele>
      </trkpt>
      <trkpt lat="45.39601" lon="11.82882">
        <ele>12.75</ele>
      </trkpt>
      <trkpt lat="45.396189" lon="11.829615">
        <ele>13.0</ele>
      </trkpt>
      <trkpt lat="45.396203" lon="11.829684">
        <ele>13.0</ele>
      </trkpt>
      <trkpt lat="45.396277" lon="11.830036">
        <ele>13.25</ele>
      </trkpt>
      <trkpt lat="45.396287" lon="11.830081">
        <ele>13.25</ele>
      </trkpt>
      <trkpt lat="45.396311" lon="11.830193">
        <ele>13.25</ele>
      </trkpt>
      <trkpt lat="45.396356" lon="11.830172">
        <ele>13.25</ele>
      </trkpt>
      <trkpt lat="45.396393" lon="11.830157">
        <ele>13.25</ele>
      </trkpt>
      <trkpt lat="45.396497" lon="11.830652">
        <ele>13.0</ele>
      </trkpt>
      <trkpt lat="45.396672" lon="11.831551">
        <ele>13.0</ele>
      </trkpt>
      <trkpt lat="45.396781" lon="11.832133">
        <ele>13.75</ele>
      </trkpt>
      <trkpt lat="45.396874" lon="11.832555">
        <ele>14.25</ele>
      </trkpt>
      <trkpt lat="45.396948" lon="11.832873">
        <ele>14.0</ele>
      </trkpt>
      <trkpt lat="45.397009" lon="11.83319">
        <ele>13.5</ele>
      </trkpt>
      <trkpt lat="45.397075" lon="11.833515">
        <ele>13.25</ele>
      </trkpt>
      <trkpt lat="45.397137" lon="11.833826">
        <ele>13.25</ele>
      </trkpt>
      <trkpt lat="45.397173" lon="11.834008">
        <ele>13.25</ele>
      </trkpt>
      <trkpt lat="45.397214" lon="11.834216">
        <ele>13.25</ele>
      </trkpt>
      <trkpt lat="45.397233" lon="11.834311">
        <ele>13.25</ele>
      </trkpt>
      <trkpt lat="45.397241" lon="11.834352">
        <ele>13.25</ele>
      </trkpt>
      <trkpt lat="45.397499" lon="11.835687">
        <ele>14.0</ele>
      </trkpt>
      <trkpt lat="45.397615" lon="11.836214">
        <ele>14.0</ele>
      </trkpt>
      <trkpt lat="45.397942" lon="11.837898">
        <ele>13.25</ele>
      </trkpt>
      <trkpt lat="45.397964" lon="11.838002">
        <ele>13.25</ele>
      </trkpt>
      <trkpt lat="45.397991" lon="11.838037">
        <ele>13.25</ele>
      </trkpt>
      <trkpt lat="45.398003" lon="11.838047">
        <ele>13.25</ele>
      </trkpt>
      <trkpt lat="45.398039" lon="11.838052">
        <ele>13.25</ele>
      </trkpt>
      <trkpt lat="45.398108" lon="11.838042">
        <ele>13.5</ele>
      </trkpt>
      <trkpt lat="45.398107" lon="11.838055">
        <ele>13.5</ele>
      </trkpt>
      <trkpt lat="45.398112" lon="11.838113">
        <ele>13.5</ele>
      </trkpt>
      <trkpt lat="45.398117" lon="11.838197">
        <ele>13.5</ele>
      </trkpt>
      <trkpt lat="45.39812" lon="11.83824">
        <ele>13.5</ele>
      </trkpt>
      <trkpt lat="45.398121" lon="11.838253">
        <ele>13.5</ele>
      </trkpt>
      <trkpt lat="45.398065" lon="11.838266">
        <ele>13.25</ele>
      </trkpt>
      <trkpt lat="45.398042" lon="11.838289">
        <ele>13.25</ele>
      </trkpt>
      <trkpt lat="45.398031" lon="11.838334">
        <ele>13.25</ele>
      </trkpt>
      <trkpt lat="45.398048" lon="11.838433">
        <ele>13.25</ele>
      </trkpt>
      <trkpt lat="45.398077" lon="11.838542">
        <ele>13.25</ele>
      </trkpt>
      <trkpt lat="45.398247" lon="11.839373">
        <ele>14.75</ele>
      </trkpt>
      <trkpt lat="45.398327" lon="11.839755">
        <ele>15.5</ele>
      </trkpt>
      <trkpt lat="45.398381" lon="11.840062">
        <ele>15.75</ele>
      </trkpt>
      <trkpt lat="45.398435" lon="11.840303">
        <ele>15.25</ele>
      </trkpt>
      <trkpt lat="45.398499" lon="11.840633">
        <ele>14.75</ele>
      </trkpt>
      <trkpt lat="45.398491" lon="11.840635">
        <ele>14.75</ele>
      </trkpt>
      <trkpt lat="45.398462" lon="11.840645">
        <ele>14.5</ele>
      </trkpt>
      <trkpt lat="45.398402" lon="11.840665">
        <ele>14.5</ele>
      </trkpt>
      <trkpt lat="45.398389" lon="11.840669">
        <ele>14.5</ele>
      </trkpt>
      <trkpt lat="45.398559" lon="11.841768">
        <ele>14.25</ele>
      </trkpt>
      <trkpt lat="45.398624" lon="11.842149">
        <ele>14.5</ele>
      </trkpt>
      <trkpt lat="45.398709" lon="11.842712">
        <ele>14.5</ele>
      </trkpt>
      <trkpt lat="45.398729" lon="11.842847">
        <ele>14.25</ele>
      </trkpt>
      <trkpt lat="45.398831" lon="11.843518">
        <ele>13.25</ele>
      </trkpt>
      <trkpt lat="45.398874" lon="11.843839">
        <ele>13.0</ele>
      </trkpt>
      <trkpt lat="45.398919" lon="11.84412">
        <ele>12.75</ele>
      </trkpt>
      <trkpt lat="45.398979" lon="11.844475">
        <ele>12.75</ele>
      </trkpt>
      <trkpt lat="45.399071" lon="11.844888">
        <ele>12.75</ele>
      </trkpt>
      <trkpt lat="45.39914" lon="11.845196">
        <ele>12.5</ele>
      </trkpt>
      <trkpt lat="45.399215" lon="11.845515">
        <ele>12.25</ele>
      </trkpt>
      <trkpt lat="45.399406" lon="11.84633">
        <ele>10.75</ele>
      </trkpt>
      <trkpt lat="45.399518" lon="11.846782">
        <ele>10.75</ele>
      </trkpt>
      <trkpt lat="45.399562" lon="11.84684">
        <ele>10.75</ele>
      </trkpt>
      <trkpt lat="45.399837" lon="11.84809">
        <ele>11.5</ele>
      </trkpt>
      <trkpt lat="45.400118" lon="11.849324">
        <ele>11.5</ele>
      </trkpt>
      <trkpt lat="45.400142" lon="11.849409">
        <ele>11.25</ele>
      </trkpt>
      <trkpt lat="45.400196" lon="11.849479">
        <ele>11.25</ele>
      </trkpt>
      <trkpt lat="45.400241" lon="11.849532">
        <ele>11.0</ele>
      </trkpt>
      <trkpt lat="45.400251" lon="11.849544">
        <ele>11.0</ele>
      </trkpt>
      <trkpt lat="45.400334" lon="11.850018">
        <ele>10.75</ele>
      </trkpt>
      <trkpt lat="45.400334" lon="11.850058">
        <ele>10.75</ele>
      </trkpt>
      <trkpt lat="45.400332" lon="11.850102">
        <ele>10.75</ele>
      </trkpt>
      <trkpt lat="45.400341" lon="11.850166">
        <ele>11.0</ele>
      </trkpt>
      <trkpt lat="45.400266" lon="11.850199">
        <ele>10.75</ele>
      </trkpt>
      <trkpt lat="45.400191" lon="11.850236">
        <ele>10.75</ele>
      </trkpt>
      <trkpt lat="45.400307" lon="11.850754">
        <ele>11.75</ele>
      </trkpt>
      <trkpt lat="45.400414" lon="11.851421">
        <ele>12.75</ele>
      </trkpt>
      <trkpt lat="45.400446" lon="11.851787">
        <ele>13.0</ele>
      </trkpt>
      <trkpt lat="45.400467" lon="11.852153">
        <ele>13.5</ele>
      </trkpt>
      <trkpt lat="45.400489" lon="11.852545">
        <ele>13.75</ele>
      </trkpt>
      <trkpt lat="45.40049" lon="11.852887">
        <ele>13.5</ele>
      </trkpt>
      <trkpt lat="45.400492" lon="11.853032">
        <ele>13.5</ele>
      </trkpt>
      <trkpt lat="45.400494" lon="11.853161">
        <ele>13.5</ele>
      </trkpt>
      <trkpt lat="45.400484" lon="11.853823">
        <ele>12.75</ele>
      </trkpt>
      <trkpt lat="45.400467" lon="11.8544">
        <ele>12.5</ele>
      </trkpt>
      <trkpt lat="45.400451" lon="11.85464">
        <ele>12.5</ele>
      </trkpt>
      <trkpt lat="45.400439" lon="11.855203">
        <ele>12.75</ele>
      </trkpt>
      <trkpt lat="45.400476" lon="11.855641">
        <ele>12.5</ele>
      </trkpt>
      <trkpt lat="45.400512" lon="11.855982">
        <ele>12.25</ele>
      </trkpt>
      <trkpt lat="45.40052" lon="11.856047">
        <ele>12.5</ele>
      </trkpt>
      <trkpt lat="45.400527" lon="11.856108">
        <ele>12.5</ele>
      </trkpt>
      <trkpt lat="45.400593" lon="11.856631">
        <ele>12.75</ele>
      </trkpt>
      <trkpt lat="45.400601" lon="11.856706">
        <ele>13.0</ele>
      </trkpt>
      <trkpt lat="45.400607" lon="11.85678">
        <ele>13.0</ele>
      </trkpt>
      <trkpt lat="45.400619" lon="11.856885">
        <ele>13.0</ele>
      </trkpt>
      <trkpt lat="45.400682" lon="11.856871">
        <ele>13.0</ele>
      </trkpt>
      <trkpt lat="45.400706" lon="11.856868">
        <ele>13.0</ele>
      </trkpt>
      <trkpt lat="45.400723" lon="11.856858">
        <ele>13.0</ele>
      </trkpt>
      <trkpt lat="45.400762" lon="11.856863">
        <ele>13.0</ele>
      </trkpt>
      <trkpt lat="45.40081" lon="11.856916">
        <ele>13.25</ele>
      </trkpt>
      <trkpt lat="45.401347" lon="11.857927">
        <ele>12.75</ele>
      </trkpt>
      <trkpt lat="45.401457" lon="11.858132">
        <ele>12.25</ele>
      </trkpt>
      <trkpt lat="45.402319" lon="11.859875">
        <ele>14.5</ele>
      </trkpt>
      <trkpt lat="45.402346" lon="11.859932">
        <ele>14.5</ele>
      </trkpt>
      <trkpt lat="45.402369" lon="11.860021">
        <ele>14.75</ele>
      </trkpt>
      <trkpt lat="45.402404" lon="11.860088">
        <ele>14.75</ele>
      </trkpt>
      <trkpt lat="45.402749" lon="11.860796">
        <ele>13.5</ele>
      </trkpt>
      <trkpt lat="45.403126" lon="11.86155">
        <ele>12.5</ele>
      </trkpt>
      <trkpt lat="45.403149" lon="11.861597">
        <ele>12.5</ele>
      </trkpt>
      <trkpt lat="45.403194" lon="11.861693">
        <ele>12.25</ele>
      </trkpt>
      <trkpt lat="45.403237" lon="11.86178">
        <ele>12.25</ele>
      </trkpt>
      <trkpt lat="45.403572" lon="11.862455">
        <ele>12.75</ele>
      </trkpt>
      <trkpt lat="45.403774" lon="11.862871">
        <ele>13.25</ele>
      </trkpt>
      <trkpt lat="45.403774" lon="11.862908">
        <ele>13.25</ele>
      </trkpt>
      <trkpt lat="45.403748" lon="11.862976">
        <ele>13.5</ele>
      </trkpt>
      <trkpt lat="45.403677" lon="11.863009">
        <ele>13.5</ele>
      </trkpt>
      <trkpt lat="45.403692" lon="11.863087">
        <ele>13.75</ele>
      </trkpt>
      <trkpt lat="45.403702" lon="11.863141">
        <ele>13.75</ele>
      </trkpt>
      <trkpt lat="45.403707" lon="11.863202">
        <ele>13.75</ele>
      </trkpt>
      <trkpt lat="45.403712" lon="11.863269">
        <ele>14.0</ele>
      </trkpt>
      <trkpt lat="45.403769" lon="11.863267">
        <ele>13.75</ele>
      </trkpt>
      <trkpt lat="45.403864" lon="11.863291">
        <ele>13.5</ele>
      </trkpt>
      <trkpt lat="45.403943" lon="11.863321">
        <ele>13.5</ele>
      </trkpt>
      <trkpt lat="45.404024" lon="11.863374">
        <ele>13.25</ele>
      </trkpt>
      <trkpt lat="45.404073" lon="11.863446">
        <ele>13.0</ele>
      </trkpt>
      <trkpt lat="45.404153" lon="11.863613">
        <ele>12.5</ele>
      </trkpt>
      <trkpt lat="45.404263" lon="11.86383">
        <ele>12.25</ele>
      </trkpt>
      <trkpt lat="45.404221" lon="11.863872">
        <ele>12.25</ele>
      </trkpt>
      <trkpt lat="45.404224" lon="11.864176">
        <ele>12.0</ele>
      </trkpt>
      <trkpt lat="45.404224" lon="11.864475">
        <ele>12.25</ele>
      </trkpt>
      <trkpt lat="45.404218" lon="11.864552">
        <ele>12.25</ele>
      </trkpt>
      <trkpt lat="45.404305" lon="11.86455">
        <ele>12.5</ele>
      </trkpt>
      <trkpt lat="45.404388" lon="11.864546">
        <ele>12.5</ele>
      </trkpt>
      <trkpt lat="45.404479" lon="11.864556">
        <ele>12.5</ele>
      </trkpt>
      <trkpt lat="45.404594" lon="11.864552">
        <ele>12.5</ele>
      </trkpt>
      <trkpt lat="45.404617" lon="11.864548">
        <ele>12.5</ele>
      </trkpt>
      <trkpt lat="45.404709" lon="11.86452">
        <ele>12.5</ele>
      </trkpt>
      <trkpt lat="45.404719" lon="11.86461">
        <ele>12.75</ele>
      </trkpt>
      <trkpt lat="45.404801" lon="11.86481">
        <ele>13.25</ele>
      </trkpt>
      <trkpt lat="45.404835" lon="11.864906">
        <ele>13.5</ele>
      </trkpt>
      <trkpt lat="45.405016" lon="11.865368">
        <ele>14.75</ele>
      </trkpt>
      <trkpt lat="45.405169" lon="11.865712">
        <ele>15.25</ele>
      </trkpt>
      <trkpt lat="45.40524" lon="11.865901">
        <ele>15.5</ele>
      </trkpt>
      <trkpt lat="45.405305" lon="11.866325">
        <ele>16.0</ele>
      </trkpt>
      <trkpt lat="45.405378" lon="11.866894">
        <ele>16.25</ele>
      </trkpt>
      <trkpt lat="45.405425" lon="11.867358">
        <ele>16.0</ele>
      </trkpt>
      <trkpt lat="45.40544" lon="11.867799">
        <ele>15.75</ele>
      </trkpt>
      <trkpt lat="45.405445" lon="11.867859">
        <ele>15.75</ele>
      </trkpt>
      <trkpt lat="45.405473" lon="11.868062">
        <ele>15.5</ele>
      </trkpt>
      <trkpt lat="45.405508" lon="11.868339">
        <ele>15.25</ele>
      </trkpt>
      <trkpt lat="45.405538" lon="11.868566">
        <ele>16.75</ele>
      </trkpt>
      <trkpt lat="45.405571" lon="11.868879">
        <ele>19.0</ele>
      </trkpt>
      <trkpt lat="45.405678" lon="11.869763">
        <ele>21.75</ele>
      </trkpt>
      <trkpt lat="45.405729" lon="11.870135">
        <ele>22.25</ele>
      </trkpt>
      <trkpt lat="45.40576" lon="11.870395">
        <ele>22.5</ele>
      </trkpt>
      <trkpt lat="45.40579" lon="11.870648">
        <ele>22.75</ele>
      </trkpt>
      <trkpt lat="45.405852" lon="11.871295">
        <ele>22.25</ele>
      </trkpt>
      <trkpt lat="45.405858" lon="11.871384">
        <ele>22.25</ele>
      </trkpt>
      <trkpt lat="45.405866" lon="11.871511">
        <ele>22.0</ele>
      </trkpt>
      <trkpt lat="45.405888" lon="11.871886">
        <ele>21.5</ele>
      </trkpt>
      <trkpt lat="45.405913" lon="11.872195">
        <ele>21.25</ele>
      </trkpt>
      <trkpt lat="45.405983" lon="11.872185">
        <ele>21.25</ele>
      </trkpt>
      <trkpt lat="45.406024" lon="11.872252">
        <ele>21.25</ele>
      </trkpt>
      <trkpt lat="45.406322" lon="11.872405">
        <ele>21.0</ele>
      </trkpt>
      <trkpt lat="45.406336" lon="11.872412">
        <ele>21.0</ele>
      </trkpt>
      <trkpt lat="45.406435" lon="11.872466">
        <ele>21.0</ele>
      </trkpt>
      <trkpt lat="45.40653" lon="11.872471">
        <ele>21.0</ele>
      </trkpt>
      <trkpt lat="45.406743" lon="11.872418">
        <ele>21.25</ele>
      </trkpt>
      <trkpt lat="45.406863" lon="11.872383">
        <ele>22.0</ele>
      </trkpt>
      <trkpt lat="45.406905" lon="11.872421">
        <ele>22.0</ele>
      </trkpt>
      <trkpt lat="45.406907" lon="11.872423">
        <ele>22.0</ele>
      </trkpt>
      <trkpt lat="45.406982" lon="11.872492">
        <ele>22.5</ele>
      </trkpt>
      <trkpt lat="45.406994" lon="11.872773">
        <ele>22.75</ele>
      </trkpt>
      <trkpt lat="45.406994" lon="11.872789">
        <ele>22.75</ele>
      </trkpt>
      <trkpt lat="45.40716" lon="11.872802">
        <ele>23.5</ele>
      </trkpt>
      <trkpt lat="45.407428" lon="11.872797">
        <ele>24.5</ele>
      </trkpt>
      <trkpt lat="45.407623" lon="11.87283">
        <ele>24.75</ele>
      </trkpt>
      <trkpt lat="45.407763" lon="11.872861">
        <ele>24.75</ele>
      </trkpt>
      <trkpt lat="45.407948" lon="11.872907">
        <ele>24.5</ele>
      </trkpt>
      <trkpt lat="45.408034" lon="11.872925">
        <ele>24.5</ele>
      </trkpt>
      <trkpt lat="45.408493" lon="11.873085">
        <ele>24.75</ele>
      </trkpt>
      <trkpt lat="45.408497" lon="11.873103">
        <ele>24.75</ele>
      </trkpt>
      <trkpt lat="45.408509" lon="11.873116">
        <ele>24.75</ele>
      </trkpt>
      <trkpt lat="45.40853" lon="11.873122">
        <ele>24.75</ele>
      </trkpt>
      <trkpt lat="45.408573" lon="11.873134">
        <ele>24.75</ele>
      </trkpt>
      <trkpt lat="45.408816" lon="11.873194">
        <ele>24.75</ele>
      </trkpt>
      <trkpt lat="45.409165" lon="11.873272">
        <ele>24.5</ele>
      </trkpt>
      <trkpt lat="45.409166" lon="11.873293">
        <ele>24.75</ele>
      </trkpt>
      <trkpt lat="45.409167" lon="11.873306">
        <ele>24.75</ele>
      </trkpt>
      <trkpt lat="45.409169" lon="11.873399">
        <ele>25.0</ele>
      </trkpt>
      <trkpt lat="45.409174" lon="11.873399">
        <ele>25.0</ele>
      </trkpt>
      <trkpt lat="45.40922" lon="11.873398">
        <ele>24.75</ele>
      </trkpt>
      <trkpt lat="45.409306" lon="11.873396">
        <ele>24.5</ele>
      </trkpt>
      <trkpt lat="45.409323" lon="11.873394">
        <ele>24.25</ele>
      </trkpt>
      <trkpt lat="45.409339" lon="11.873364">
        <ele>24.25</ele>
      </trkpt>
      <trkpt lat="45.409368" lon="11.87334">
        <ele>24.0</ele>
      </trkpt>
      <trkpt lat="45.409505" lon="11.873339">
        <ele>23.25</ele>
      </trkpt>
      <trkpt lat="45.409692" lon="11.873361">
        <ele>22.5</ele>
      </trkpt>
      <trkpt lat="45.409694" lon="11.873362">
        <ele>22.5</ele>
      </trkpt>
      <trkpt lat="45.409704" lon="11.873363">
        <ele>22.5</ele>
      </trkpt>
      <trkpt lat="45.409883" lon="11.873399">
        <ele>21.75</ele>
      </trkpt>
      <trkpt lat="45.410033" lon="11.873425">
        <ele>21.25</ele>
      </trkpt>
      <trkpt lat="45.410166" lon="11.873466">
        <ele>21.25</ele>
      </trkpt>
      <trkpt lat="45.410899" lon="11.873679">
        <ele>19.25</ele>
      </trkpt>
      <trkpt lat="45.411118" lon="11.873735">
        <ele>17.25</ele>
      </trkpt>
      <trkpt lat="45.411149" lon="11.873743">
        <ele>17.0</ele>
      </trkpt>
      <trkpt lat="45.411132" lon="11.873902">
        <ele>17.0</ele>
      </trkpt>
      <trkpt lat="45.411159" lon="11.873906">
        <ele>16.75</ele>
      </trkpt>
      <trkpt lat="45.411174" lon="11.873909">
        <ele>16.75</ele>
      </trkpt>
      <trkpt lat="45.411187" lon="11.873797">
        <ele>16.75</ele>
      </trkpt>
      <trkpt lat="45.411275" lon="11.873805">
        <ele>16.25</ele>
      </trkpt>
      <trkpt lat="45.411336" lon="11.873816">
        <ele>15.75</ele>
      </trkpt>
      <trkpt lat="45.411367" lon="11.873817">
        <ele>15.5</ele>
      </trkpt>
      <trkpt lat="45.411409" lon="11.873818">
        <ele>15.25</ele>
      </trkpt>
      <trkpt lat="45.411445" lon="11.873802">
        <ele>15.0</ele>
      </trkpt>
      <trkpt lat="45.411454" lon="11.873784">
        <ele>15.0</ele>
      </trkpt>
      <trkpt lat="45.411891" lon="11.873846">
        <ele>14.5</ele>
      </trkpt>
      <trkpt lat="45.412047" lon="11.873844">
        <ele>15.25</ele>
      </trkpt>
      <trkpt lat="45.412075" lon="11.873843">
        <ele>15.25</ele>
      </trkpt>
      <trkpt lat="45.412102" lon="11.873843">
        <ele>15.5</ele>
      </trkpt>
      <trkpt lat="45.412123" lon="11.873843">
        <ele>15.5</ele>
      </trkpt>
      <trkpt lat="45.412529" lon="11.873843">
        <ele>17.25</ele>
      </trkpt>
      <trkpt lat="45.412828" lon="11.873855">
        <ele>17.75</ele>
      </trkpt>
      <trkpt lat="45.412965" lon="11.873855">
        <ele>18.0</ele>
      </trkpt>
      <trkpt lat="45.413061" lon="11.873833">
        <ele>18.0</ele>
      </trkpt>
      <trkpt lat="45.41323" lon="11.873757">
        <ele>18.25</ele>
      </trkpt>
      <trkpt lat="45.413359" lon="11.873674">
        <ele>18.25</ele>
      </trkpt>
      <trkpt lat="45.413451" lon="11.873661">
        <ele>18.0</ele>
      </trkpt>
      <trkpt lat="45.413509" lon="11.873676">
        <ele>18.0</ele>
      </trkpt>
      <trkpt lat="45.41373" lon="11.873792">
        <ele>17.5</ele>
      </trkpt>
      <trkpt lat="45.413814" lon="11.87386">
        <ele>17.25</ele>
      </trkpt>
      <trkpt lat="45.413904" lon="11.873959">
        <ele>17.0</ele>
      </trkpt>
      <trkpt lat="45.413986" lon="11.874082">
        <ele>16.5</ele>
      </trkpt>
      <trkpt lat="45.414009" lon="11.874111">
        <ele>16.5</ele>
      </trkpt>
      <trkpt lat="45.414379" lon="11.87461">
        <ele>15.0</ele>
      </trkpt>
      <trkpt lat="45.414474" lon="11.874735">
        <ele>14.75</ele>
      </trkpt>
      <trkpt lat="45.414481" lon="11.874742">
        <ele>14.75</ele>
      </trkpt>
      <trkpt lat="45.414514" lon="11.874789">
        <ele>14.5</ele>
      </trkpt>
      <trkpt lat="45.414553" lon="11.874832">
        <ele>14.5</ele>
      </trkpt>
      <trkpt lat="45.414653" lon="11.874953">
        <ele>14.25</ele>
      </trkpt>
      <trkpt lat="45.414788" lon="11.875137">
        <ele>14.25</ele>
      </trkpt>
      <trkpt lat="45.414999" lon="11.875451">
        <ele>14.5</ele>
      </trkpt>
      <trkpt lat="45.41511" lon="11.875608">
        <ele>14.5</ele>
      </trkpt>
      <trkpt lat="45.415136" lon="11.875642">
        <ele>14.75</ele>
      </trkpt>
      <trkpt lat="45.415955" lon="11.876562">
        <ele>16.0</ele>
      </trkpt>
      <trkpt lat="45.416078" lon="11.876677">
        <ele>15.75</ele>
      </trkpt>
      <trkpt lat="45.41644" lon="11.877008">
        <ele>14.0</ele>
      </trkpt>
      <trkpt lat="45.416554" lon="11.877076">
        <ele>13.5</ele>
      </trkpt>
      <trkpt lat="45.416637" lon="11.877147">
        <ele>13.0</ele>
      </trkpt>
      <trkpt lat="45.416677" lon="11.877152">
        <ele>12.75</ele>
      </trkpt>
      <trkpt lat="45.41669" lon="11.877122">
        <ele>12.75</ele>
      </trkpt>
      <trkpt lat="45.416703" lon="11.877093">
        <ele>12.75</ele>
      </trkpt>
      <trkpt lat="45.416716" lon="11.877064">
        <ele>12.75</ele>
      </trkpt>
      <trkpt lat="45.416719" lon="11.877057">
        <ele>12.75</ele>
      </trkpt>
      <trkpt lat="45.416722" lon="11.877051">
        <ele>12.75</ele>
      </trkpt>
      <trkpt lat="45.41684" lon="11.877094">
        <ele>12.75</ele>
      </trkpt>
      <trkpt lat="45.416914" lon="11.877098">
        <ele>12.5</ele>
      </trkpt>
      <trkpt lat="45.41696" lon="11.877105">
        <ele>12.5</ele>
      </trkpt>
      <trkpt lat="45.416989" lon="11.877117">
        <ele>12.5</ele>
      </trkpt>
      <trkpt lat="45.417444" lon="11.877494">
        <ele>12.0</ele>
      </trkpt>
      <trkpt lat="45.417602" lon="11.877637">
        <ele>12.0</ele>
      </trkpt>
      <trkpt lat="45.417672" lon="11.877689">
        <ele>12.0</ele>
      </trkpt>
      <trkpt lat="45.417695" lon="11.877722">
        <ele>12.0</ele>
      </trkpt>
      <trkpt lat="45.417706" lon="11.877771">
        <ele>12.0</ele>
      </trkpt>
      <trkpt lat="45.417711" lon="11.877788">
        <ele>12.0</ele>
      </trkpt>
      <trkpt lat="45.417718" lon="11.877815">
        <ele>12.0</ele>
      </trkpt>
      <trkpt lat="45.417724" lon="11.877837">
        <ele>12.0</ele>
      </trkpt>
      <trkpt lat="45.41773" lon="11.877862">
        <ele>12.0</ele>
      </trkpt>
      <trkpt lat="45.417734" lon="11.877886">
        <ele>12.0</ele>
      </trkpt>
      <trkpt lat="45.417797" lon="11.877884">
        <ele>12.0</ele>
      </trkpt>
      <trkpt lat="45.417844" lon="11.877897">
        <ele>12.0</ele>
      </trkpt>
      <trkpt lat="45.417913" lon="11.877951">
        <ele>12.0</ele>
      </trkpt>
      <trkpt lat="45.417968" lon="11.878017">
        <ele>11.75</ele>
      </trkpt>
      <trkpt lat="45.418012" lon="11.878071">
        <ele>11.75</ele>
      </trkpt>
      <trkpt lat="45.418284" lon="11.878365">
        <ele>12.0</ele>
      </trkpt>
      <trkpt lat="45.418418" lon="11.878498">
        <ele>12.25</ele>
      </trkpt>
      <trkpt lat="45.418531" lon="11.878588">
        <ele>12.25</ele>
      </trkpt>
      <trkpt lat="45.418609" lon="11.878635">
        <ele>12.25</ele>
      </trkpt>
      <trkpt lat="45.418729" lon="11.87869">
        <ele>12.5</ele>
      </trkpt>
      <trkpt lat="45.418913" lon="11.878741">
        <ele>12.75</ele>
      </trkpt>
      <trkpt lat="45.418974" lon="11.878747">
        <ele>12.75</ele>
      </trkpt>
      <trkpt lat="45.419035" lon="11.878777">
        <ele>12.75</ele>
      </trkpt>
      <trkpt lat="45.41923" lon="11.878792">
        <ele>13.25</ele>
      </trkpt>
      <trkpt lat="45.419282" lon="11.878782">
        <ele>13.5</ele>
      </trkpt>
      <trkpt lat="45.419492" lon="11.878815">
        <ele>13.75</ele>
      </trkpt>
      <trkpt lat="45.419491" lon="11.878827">
        <ele>13.75</ele>
      </trkpt>
      <trkpt lat="45.419488" lon="11.878851">
        <ele>13.5</ele>
      </trkpt>
      <trkpt lat="45.419408" lon="11.879346">
        <ele>12.5</ele>
      </trkpt>
      <trkpt lat="45.419353" lon="11.879662">
        <ele>12.0</ele>
      </trkpt>
      <trkpt lat="45.419261" lon="11.880227">
        <ele>11.25</ele>
      </trkpt>
      <trkpt lat="45.419161" lon="11.88082">
        <ele>10.75</ele>
      </trkpt>
      <trkpt lat="45.41912" lon="11.880823">
        <ele>10.75</ele>
      </trkpt>
      <trkpt lat="45.418977" lon="11.881553">
        <ele>11.5</ele>
      </trkpt>
      <trkpt lat="45.418843" lon="11.882307">
        <ele>12.5</ele>
      </trkpt>
      <trkpt lat="45.41883" lon="11.882321">
        <ele>12.5</ele>
      </trkpt>
      <trkpt lat="45.418691" lon="11.882374">
        <ele>12.0</ele>
      </trkpt>
      <trkpt lat="45.418656" lon="11.882429">
        <ele>12.0</ele>
      </trkpt>
      <trkpt lat="45.418632" lon="11.88247">
        <ele>12.0</ele>
      </trkpt>
      <trkpt lat="45.418927" lon="11.883125">
        <ele>12.75</ele>
      </trkpt>
      <trkpt lat="45.419106" lon="11.883443">
        <ele>12.75</ele>
      </trkpt>
      <trkpt lat="45.419268" lon="11.883684">
        <ele>12.5</ele>
      </trkpt>
      <trkpt lat="45.419805" lon="11.884598">
        <ele>11.25</ele>
      </trkpt>
      <trkpt lat="45.419818" lon="11.884621">
        <ele>11.25</ele>
      </trkpt>
      <trkpt lat="45.419834" lon="11.884647">
        <ele>11.25</ele>
      </trkpt>
      <trkpt lat="45.41984" lon="11.884658">
        <ele>11.25</ele>
      </trkpt>
      <trkpt lat="45.420134" lon="11.885154">
        <ele>10.75</ele>
      </trkpt>
      <trkpt lat="45.420148" lon="11.885176">
        <ele>10.75</ele>
      </trkpt>
      <trkpt lat="45.420167" lon="11.885211">
        <ele>10.5</ele>
      </trkpt>
      <trkpt lat="45.420186" lon="11.88524">
        <ele>10.5</ele>
      </trkpt>
      <trkpt lat="45.420214" lon="11.885286">
        <ele>10.5</ele>
      </trkpt>
      <trkpt lat="45.420648" lon="11.886048">
        <ele>9.75</ele>
      </trkpt>
      <trkpt lat="45.420699" lon="11.886137">
        <ele>9.75</ele>
      </trkpt>
      <trkpt lat="45.420724" lon="11.886179">
        <ele>9.75</ele>
      </trkpt>
      <trkpt lat="45.420738" lon="11.886155">
        <ele>9.75</ele>
      </trkpt>
      <trkpt lat="45.420863" lon="11.886372">
        <ele>10.0</ele>
      </trkpt>
      <trkpt lat="45.420849" lon="11.886393">
        <ele>10.0</ele>
      </trkpt>
      <trkpt lat="45.421027" lon="11.886694">
        <ele>10.5</ele>
      </trkpt>
      <trkpt lat="45.421082" lon="11.886715">
        <ele>10.75</ele>
      </trkpt>
      <trkpt lat="45.421122" lon="11.886703">
        <ele>11.0</ele>
      </trkpt>
      <trkpt lat="45.421187" lon="11.886621">
        <ele>11.0</ele>
      </trkpt>
      <trkpt lat="45.421243" lon="11.886548">
        <ele>11.25</ele>
      </trkpt>
      <trkpt lat="45.421403" lon="11.886349">
        <ele>11.75</ele>
      </trkpt>
      <trkpt lat="45.42161" lon="11.886096">
        <ele>12.0</ele>
      </trkpt>
      <trkpt lat="45.421661" lon="11.886051">
        <ele>12.0</ele>
      </trkpt>
      <trkpt lat="45.421692" lon="11.886036">
        <ele>12.0</ele>
      </trkpt>
      <trkpt lat="45.421728" lon="11.886037">
        <ele>12.0</ele>
      </trkpt>
      <trkpt lat="45.42176" lon="11.886058">
        <ele>12.0</ele>
      </trkpt>
      <trkpt lat="45.421802" lon="11.886098">
        <ele>12.0</ele>
      </trkpt>
      <trkpt lat="45.421817" lon="11.886236">
        <ele>12.25</ele>
      </trkpt>
      <trkpt lat="45.421804" lon="11.886392">
        <ele>12.25</ele>
      </trkpt>
      <trkpt lat="45.421748" lon="11.886637">
        <ele>12.75</ele>
      </trkpt>
      <trkpt lat="45.421691" lon="11.886797">
        <ele>12.75</ele>
      </trkpt>
      <trkpt lat="45.421453" lon="11.887494">
        <ele>11.25</ele>
      </trkpt>
      <trkpt lat="45.421444" lon="11.887528">
        <ele>11.25</ele>
      </trkpt>
      <trkpt lat="45.421432" lon="11.887557">
        <ele>11.25</ele>
      </trkpt>
      <trkpt lat="45.421135" lon="11.888462">
        <ele>9.0</ele>
      </trkpt>
      <trkpt lat="45.421141" lon="11.888467">
        <ele>9.0</ele>
      </trkpt>
      <trkpt lat="45.421169" lon="11.888489">
        <ele>9.0</ele>
      </trkpt>
      <trkpt lat="45.421191" lon="11.888506">
        <ele>9.0</ele>
      </trkpt>
      <trkpt lat="45.421195" lon="11.88851">
        <ele>9.0</ele>
      </trkpt>
      <trkpt lat="45.421195" lon="11.888522">
        <ele>9.0</ele>
      </trkpt>
      <trkpt lat="45.421326" lon="11.888633">
        <ele>9.0</ele>
      </trkpt>
      <trkpt lat="45.421562" lon="11.888902">
        <ele>9.5</ele>
      </trkpt>
      <trkpt lat="45.421597" lon="11.888945">
        <ele>9.5</ele>
      </trkpt>
      <trkpt lat="45.421614" lon="11.88901">
        <ele>9.75</ele>
      </trkpt>
      <trkpt lat="45.421616" lon="11.889059">
        <ele>9.75</ele>
      </trkpt>
      <trkpt lat="45.421604" lon="11.889148">
        <ele>9.75</ele>
      </trkpt>
      <trkpt lat="45.421529" lon="11.889368">
        <ele>9.75</ele>
      </trkpt>
      <trkpt lat="45.421339" lon="11.88998">
        <ele>10.75</ele>
      </trkpt>
      <trkpt lat="45.421324" lon="11.890019">
        <ele>10.75</ele>
      </trkpt>
      <trkpt lat="45.421281" lon="11.890079">
        <ele>10.75</ele>
      </trkpt>
      <trkpt lat="45.421064" lon="11.890143">
        <ele>11.25</ele>
      </trkpt>
      <trkpt lat="45.42101" lon="11.890188">
        <ele>11.25</ele>
      </trkpt>
      <trkpt lat="45.42098" lon="11.890255">
        <ele>11.25</ele>
      </trkpt>
      <trkpt lat="45.420966" lon="11.890302">
        <ele>11.25</ele>
      </trkpt>
      <trkpt lat="45.42096" lon="11.890349">
        <ele>11.25</ele>
      </trkpt>
      <trkpt lat="45.420955" lon="11.890407">
        <ele>11.25</ele>
      </trkpt>
      <trkpt lat="45.42093" lon="11.890651">
        <ele>11.0</ele>
      </trkpt>
      <trkpt lat="45.420911" lon="11.890777">
        <ele>10.75</ele>
      </trkpt>
      <trkpt lat="45.420885" lon="11.890863">
        <ele>10.75</ele>
      </trkpt>
      <trkpt lat="45.420901" lon="11.890873">
        <ele>10.75</ele>
      </trkpt>
      <trkpt lat="45.420926" lon="11.890894">
        <ele>10.75</ele>
      </trkpt>
      <trkpt lat="45.420958" lon="11.890918">
        <ele>10.5</ele>
      </trkpt>
      <trkpt lat="45.420968" lon="11.890935">
        <ele>10.5</ele>
      </trkpt>
      <trkpt lat="45.420871" lon="11.891171">
        <ele>10.0</ele>
      </trkpt>
      <trkpt lat="45.420911" lon="11.891194">
        <ele>10.0</ele>
      </trkpt>
      <trkpt lat="45.420935" lon="11.8912">
        <ele>10.0</ele>
      </trkpt>
      <trkpt lat="45.421181" lon="11.891269">
        <ele>9.75</ele>
      </trkpt>
      <trkpt lat="45.421803" lon="11.891476">
        <ele>10.0</ele>
      </trkpt>
      <trkpt lat="45.421833" lon="11.891492">
        <ele>10.0</ele>
      </trkpt>
      <trkpt lat="45.421881" lon="11.891512">
        <ele>10.25</ele>
      </trkpt>
      <trkpt lat="45.422122" lon="11.891593">
        <ele>10.5</ele>
      </trkpt>
      <trkpt lat="45.42256" lon="11.891703">
        <ele>11.0</ele>
      </trkpt>
      <trkpt lat="45.422616" lon="11.89172">
        <ele>11.0</ele>
      </trkpt>
      <trkpt lat="45.422644" lon="11.891728">
        <ele>11.0</ele>
      </trkpt>
      <trkpt lat="45.423055" lon="11.891848">
        <ele>11.0</ele>
      </trkpt>
      <trkpt lat="45.423348" lon="11.891942">
        <ele>11.0</ele>
      </trkpt>
      <trkpt lat="45.423558" lon="11.892016">
        <ele>11.0</ele>
      </trkpt>
      <trkpt lat="45.423567" lon="11.892017">
        <ele>11.0</ele>
      </trkpt>
      <trkpt lat="45.423576" lon="11.892272">
        <ele>10.75</ele>
      </trkpt>
      <trkpt lat="45.423588" lon="11.892383">
        <ele>11.0</ele>
      </trkpt>
      <trkpt lat="45.423634" lon="11.892669">
        <ele>10.75</ele>
      </trkpt>
      <trkpt lat="45.423972" lon="11.894086">
        <ele>9.75</ele>
      </trkpt>
      <trkpt lat="45.424014" lon="11.894063">
        <ele>9.75</ele>
      </trkpt>
      <trkpt lat="45.42406" lon="11.894043">
        <ele>9.75</ele>
      </trkpt>
      <trkpt lat="45.424053" lon="11.893989">
        <ele>9.75</ele>
      </trkpt>
      <trkpt lat="45.424065" lon="11.893944">
        <ele>9.75</ele>
      </trkpt>
      <trkpt lat="45.424095" lon="11.893904">
        <ele>9.75</ele>
      </trkpt>
      <trkpt lat="45.424235" lon="11.893829">
        <ele>9.75</ele>
      </trkpt>
      <trkpt lat="45.424346" lon="11.893808">
        <ele>9.75</ele>
      </trkpt>
      <trkpt lat="45.424435" lon="11.893811">
        <ele>9.75</ele>
      </trkpt>
      <trkpt lat="45.424517" lon="11.893833">
        <ele>9.75</ele>
      </trkpt>
      <trkpt lat="45.424595" lon="11.893866">
        <ele>9.75</ele>
      </trkpt>
      <trkpt lat="45.424835" lon="11.893984">
        <ele>9.75</ele>
      </trkpt>
      <trkpt lat="45.424893" lon="11.894007">
        <ele>9.75</ele>
      </trkpt>
      <trkpt lat="45.424994" lon="11.894007">
        <ele>9.75</ele>
      </trkpt>
      <trkpt lat="45.425201" lon="11.894079">
        <ele>9.75</ele>
      </trkpt>
      <trkpt lat="45.42534" lon="11.894114">
        <ele>10.0</ele>
      </trkpt>
      <trkpt lat="45.425585" lon="11.894157">
        <ele>10.0</ele>
      </trkpt>
      <trkpt lat="45.425897" lon="11.894181">
        <ele>10.0</ele>
      </trkpt>
      <trkpt lat="45.426039" lon="11.894208">
        <ele>10.25</ele>
      </trkpt>
      <trkpt lat="45.426218" lon="11.894265">
        <ele>10.75</ele>
      </trkpt>
      <trkpt lat="45.426859" lon="11.894488">
        <ele>12.0</ele>
      </trkpt>
      <trkpt lat="45.426888" lon="11.8945">
        <ele>12.0</ele>
      </trkpt>
      <trkpt lat="45.426911" lon="11.894508">
        <ele>12.0</ele>
      </trkpt>
      <trkpt lat="45.427075" lon="11.89457">
        <ele>12.25</ele>
      </trkpt>
      <trkpt lat="45.4271" lon="11.894578">
        <ele>12.25</ele>
      </trkpt>
      <trkpt lat="45.42712" lon="11.894584">
        <ele>12.25</ele>
      </trkpt>
      <trkpt lat="45.427244" lon="11.894634">
        <ele>12.25</ele>
      </trkpt>
      <trkpt lat="45.427272" lon="11.894648">
        <ele>12.25</ele>
      </trkpt>
      <trkpt lat="45.427301" lon="11.894663">
        <ele>12.25</ele>
      </trkpt>
      <trkpt lat="45.427356" lon="11.894743">
        <ele>12.25</ele>
      </trkpt>
      <trkpt lat="45.42737" lon="11.894825">
        <ele>12.0</ele>
      </trkpt>
      <trkpt lat="45.427368" lon="11.894874">
        <ele>12.0</ele>
      </trkpt>
      <trkpt lat="45.427404" lon="11.894891">
        <ele>12.0</ele>
      </trkpt>
      <trkpt lat="45.427449" lon="11.894909">
        <ele>12.0</ele>
      </trkpt>
      <trkpt lat="45.427483" lon="11.894846">
        <ele>12.0</ele>
      </trkpt>
      <trkpt lat="45.42753" lon="11.894832">
        <ele>12.25</ele>
      </trkpt>
      <trkpt lat="45.42756" lon="11.894853">
        <ele>12.25</ele>
      </trkpt>
      <trkpt lat="45.427879" lon="11.895085">
        <ele>13.25</ele>
      </trkpt>
      <trkpt lat="45.427918" lon="11.895114">
        <ele>13.5</ele>
      </trkpt>
      <trkpt lat="45.427951" lon="11.895136">
        <ele>13.75</ele>
      </trkpt>
      <trkpt lat="45.428618" lon="11.895578">
        <ele>14.5</ele>
      </trkpt>
      <trkpt lat="45.428656" lon="11.895599">
        <ele>14.25</ele>
      </trkpt>
      <trkpt lat="45.428672" lon="11.895608">
        <ele>14.25</ele>
      </trkpt>
      <trkpt lat="45.428736" lon="11.895636">
        <ele>14.0</ele>
      </trkpt>
      <trkpt lat="45.429008" lon="11.895755">
        <ele>12.75</ele>
      </trkpt>
      <trkpt lat="45.429106" lon="11.895796">
        <ele>12.25</ele>
      </trkpt>
      <trkpt lat="45.429127" lon="11.895806">
        <ele>12.0</ele>
      </trkpt>
      <trkpt lat="45.429158" lon="11.895815">
        <ele>12.0</ele>
      </trkpt>
      <trkpt lat="45.429211" lon="11.895836">
        <ele>11.75</ele>
      </trkpt>
      <trkpt lat="45.429561" lon="11.895905">
        <ele>11.75</ele>
      </trkpt>
      <trkpt lat="45.42977" lon="11.895895">
        <ele>11.75</ele>
      </trkpt>
      <trkpt lat="45.430112" lon="11.895847">
        <ele>11.75</ele>
      </trkpt>
      <trkpt lat="45.430445" lon="11.895769">
        <ele>12.0</ele>
      </trkpt>
      <trkpt lat="45.430614" lon="11.895701">
        <ele>12.25</ele>
      </trkpt>
      <trkpt lat="45.430632" lon="11.895704">
        <ele>12.25</ele>
      </trkpt>
      <trkpt lat="45.430657" lon="11.895722">
        <ele>12.25</ele>
      </trkpt>
      <trkpt lat="45.430667" lon="11.895761">
        <ele>12.25</ele>
      </trkpt>
      <trkpt lat="45.430666" lon="11.895796">
        <ele>12.0</ele>
      </trkpt>
      <trkpt lat="45.430699" lon="11.895806">
        <ele>12.0</ele>
      </trkpt>
      <trkpt lat="45.430747" lon="11.895821">
        <ele>12.0</ele>
      </trkpt>
      <trkpt lat="45.430776" lon="11.89583">
        <ele>12.0</ele>
      </trkpt>
      <trkpt lat="45.430787" lon="11.895781">
        <ele>12.0</ele>
      </trkpt>
      <trkpt lat="45.430836" lon="11.895749">
        <ele>12.25</ele>
      </trkpt>
      <trkpt lat="45.430877" lon="11.895702">
        <ele>12.5</ele>
      </trkpt>
      <trkpt lat="45.430903" lon="11.895701">
        <ele>12.5</ele>
      </trkpt>
      <trkpt lat="45.43093" lon="11.895699">
        <ele>12.5</ele>
      </trkpt>
      <trkpt lat="45.431025" lon="11.895685">
        <ele>12.5</ele>
      </trkpt>
      <trkpt lat="45.431161" lon="11.895666">
        <ele>12.75</ele>
      </trkpt>
      <trkpt lat="45.431424" lon="11.89564">
        <ele>12.75</ele>
      </trkpt>
      <trkpt lat="45.431734" lon="11.895655">
        <ele>13.0</ele>
      </trkpt>
      <trkpt lat="45.431964" lon="11.8957">
        <ele>13.5</ele>
      </trkpt>
      <trkpt lat="45.432363" lon="11.895779">
        <ele>14.5</ele>
      </trkpt>
      <trkpt lat="45.432921" lon="11.895976">
        <ele>14.25</ele>
      </trkpt>
      <trkpt lat="45.432972" lon="11.896007">
        <ele>14.0</ele>
      </trkpt>
      <trkpt lat="45.433015" lon="11.896016">
        <ele>14.0</ele>
      </trkpt>
      <trkpt lat="45.433068" lon="11.896027">
        <ele>14.0</ele>
      </trkpt>
      <trkpt lat="45.433092" lon="11.89601">
        <ele>14.0</ele>
      </trkpt>
      <trkpt lat="45.433123" lon="11.89601">
        <ele>14.0</ele>
      </trkpt>
      <trkpt lat="45.433522" lon="11.896164">
        <ele>13.5</ele>
      </trkpt>
      <trkpt lat="45.433763" lon="11.896284">
        <ele>13.5</ele>
      </trkpt>
      <trkpt lat="45.434282" lon="11.896546">
        <ele>13.25</ele>
      </trkpt>
      <trkpt lat="45.434436" lon="11.896632">
        <ele>12.5</ele>
      </trkpt>
      <trkpt lat="45.43452" lon="11.896704">
        <ele>12.0</ele>
      </trkpt>
      <trkpt lat="45.434624" lon="11.896882">
        <ele>11.25</ele>
      </trkpt>
      <trkpt lat="45.434679" lon="11.89702">
        <ele>10.5</ele>
      </trkpt>
      <trkpt lat="45.434682" lon="11.897035">
        <ele>10.5</ele>
      </trkpt>
      <trkpt lat="45.434677" lon="11.897069">
        <ele>10.5</ele>
      </trkpt>
      <trkpt lat="45.434656" lon="11.897108">
        <ele>10.5</ele>
      </trkpt>
      <trkpt lat="45.434608" lon="11.897149">
        <ele>10.5</ele>
      </trkpt>
      <trkpt lat="45.434566" lon="11.897174">
        <ele>10.75</ele>
      </trkpt>
      <trkpt lat="45.434579" lon="11.897218">
        <ele>10.5</ele>
      </trkpt>
      <trkpt lat="45.434597" lon="11.897275">
        <ele>10.25</ele>
      </trkpt>
      <trkpt lat="45.434606" lon="11.897333">
        <ele>10.25</ele>
      </trkpt>
      <trkpt lat="45.434615" lon="11.897389">
        <ele>10.0</ele>
      </trkpt>
      <trkpt lat="45.434658" lon="11.897379">
        <ele>9.75</ele>
      </trkpt>
      <trkpt lat="45.435049" lon="11.897575">
        <ele>8.0</ele>
      </trkpt>
      <trkpt lat="45.435152" lon="11.897559">
        <ele>8.25</ele>
      </trkpt>
      <trkpt lat="45.435238" lon="11.897577">
        <ele>8.25</ele>
      </trkpt>
      <trkpt lat="45.436086" lon="11.897997">
        <ele>9.5</ele>
      </trkpt>
      <trkpt lat="45.436168" lon="11.897966">
        <ele>9.5</ele>
      </trkpt>
      <trkpt lat="45.436216" lon="11.897989">
        <ele>9.5</ele>
      </trkpt>
      <trkpt lat="45.436465" lon="11.898156">
        <ele>9.75</ele>
      </trkpt>
      <trkpt lat="45.436493" lon="11.898175">
        <ele>9.75</ele>
      </trkpt>
      <trkpt lat="45.436752" lon="11.897257">
        <ele>10.0</ele>
      </trkpt>
      <trkpt lat="45.436797" lon="11.897129">
        <ele>10.5</ele>
      </trkpt>
      <trkpt lat="45.436853" lon="11.897011">
        <ele>10.75</ele>
      </trkpt>
      <trkpt lat="45.436931" lon="11.896916">
        <ele>11.0</ele>
      </trkpt>
      <trkpt lat="45.43701" lon="11.896863">
        <ele>11.25</ele>
      </trkpt>
      <trkpt lat="45.437138" lon="11.896824">
        <ele>11.25</ele>
      </trkpt>
      <trkpt lat="45.437344" lon="11.896865">
        <ele>11.0</ele>
      </trkpt>
      <trkpt lat="45.437506" lon="11.896992">
        <ele>11.25</ele>
      </trkpt>
      <trkpt lat="45.437637" lon="11.897077">
        <ele>11.5</ele>
      </trkpt>
      <trkpt lat="45.437944" lon="11.897242">
        <ele>12.0</ele>
      </trkpt>
      <trkpt lat="45.438033" lon="11.897298">
        <ele>12.0</ele>
      </trkpt>
      <trkpt lat="45.438053" lon="11.897307">
        <ele>12.0</ele>
      </trkpt>
      <trkpt lat="45.438094" lon="11.897174">
        <ele>12.0</ele>
      </trkpt>
      <trkpt lat="45.4382" lon="11.896898">
        <ele>12.25</ele>
      </trkpt>
      <trkpt lat="45.438442" lon="11.896362">
        <ele>13.25</ele>
      </trkpt>
      <trkpt lat="45.438466" lon="11.896381">
        <ele>13.25</ele>
      </trkpt>
      <trkpt lat="45.438592" lon="11.896482">
        <ele>13.0</ele>
      </trkpt>
      <trkpt lat="45.438721" lon="11.896564">
        <ele>13.0</ele>
      </trkpt>
      <trkpt lat="45.439415" lon="11.896966">
        <ele>12.0</ele>
      </trkpt>
      <trkpt lat="45.439839" lon="11.897232">
        <ele>12.0</ele>
      </trkpt>
      <trkpt lat="45.440226" lon="11.897493">
        <ele>11.0</ele>
      </trkpt>
      <trkpt lat="45.440341" lon="11.897588">
        <ele>10.75</ele>
      </trkpt>
      <trkpt lat="45.440363" lon="11.897628">
        <ele>10.5</ele>
      </trkpt>
      <trkpt lat="45.440378" lon="11.897679">
        <ele>10.5</ele>
      </trkpt>
      <trkpt lat="45.440392" lon="11.897775">
        <ele>10.5</ele>
      </trkpt>
      <trkpt lat="45.44041" lon="11.898045">
        <ele>10.75</ele>
      </trkpt>
      <trkpt lat="45.440416" lon="11.898086">
        <ele>10.75</ele>
      </trkpt>
      <trkpt lat="45.440435" lon="11.89813">
        <ele>10.75</ele>
      </trkpt>
      <trkpt lat="45.440458" lon="11.898146">
        <ele>10.75</ele>
      </trkpt>
      <trkpt lat="45.440796" lon="11.898278">
        <ele>10.75</ele>
      </trkpt>
      <trkpt lat="45.440896" lon="11.898318">
        <ele>10.75</ele>
      </trkpt>
      <trkpt lat="45.441691" lon="11.898634">
        <ele>11.25</ele>
      </trkpt>
      <trkpt lat="45.441738" lon="11.898677">
        <ele>11.5</ele>
      </trkpt>
      <trkpt lat="45.44176" lon="11.89872">
        <ele>11.5</ele>
      </trkpt>
      <trkpt lat="45.441771" lon="11.898772">
        <ele>11.75</ele>
      </trkpt>
      <trkpt lat="45.441813" lon="11.898759">
        <ele>11.75</ele>
      </trkpt>
      <trkpt lat="45.441863" lon="11.898727">
        <ele>11.75</ele>
      </trkpt>
      <trkpt lat="45.441899" lon="11.898559">
        <ele>11.75</ele>
      </trkpt>
      <trkpt lat="45.441924" lon="11.898552">
        <ele>11.75</ele>
      </trkpt>
      <trkpt lat="45.441931" lon="11.89852">
        <ele>11.75</ele>
      </trkpt>
      <trkpt lat="45.442073" lon="11.898438">
        <ele>12.0</ele>
      </trkpt>
      <trkpt lat="45.442216" lon="11.898511">
        <ele>12.5</ele>
      </trkpt>
      <trkpt lat="45.442366" lon="11.898398">
        <ele>12.75</ele>
      </trkpt>
      <trkpt lat="45.442433" lon="11.898007">
        <ele>13.0</ele>
      </trkpt>
      <trkpt lat="45.442538" lon="11.897403">
        <ele>13.75</ele>
      </trkpt>
      <trkpt lat="45.442554" lon="11.897294">
        <ele>13.75</ele>
      </trkpt>
      <trkpt lat="45.443046" lon="11.897466">
        <ele>14.5</ele>
      </trkpt>
      <trkpt lat="45.443067" lon="11.897473">
        <ele>14.5</ele>
      </trkpt>
      <trkpt lat="45.443087" lon="11.897453">
        <ele>14.5</ele>
      </trkpt>
      <trkpt lat="45.443166" lon="11.897039">
        <ele>14.5</ele>
      </trkpt>
      <trkpt lat="45.443193" lon="11.896871">
        <ele>14.5</ele>
      </trkpt>
      <trkpt lat="45.443231" lon="11.896885">
        <ele>14.75</ele>
      </trkpt>
      <trkpt lat="45.443236" lon="11.896857">
        <ele>14.75</ele>
      </trkpt>
      <trkpt lat="45.443254" lon="11.896848">
        <ele>14.75</ele>
      </trkpt>
      <trkpt lat="45.443449" lon="11.896916">
        <ele>14.75</ele>
      </trkpt>
      <trkpt lat="45.443499" lon="11.896887">
        <ele>14.5</ele>
      </trkpt>
      <trkpt lat="45.443685" lon="11.896966">
        <ele>14.25</ele>
      </trkpt>
      <trkpt lat="45.443708" lon="11.897011">
        <ele>14.25</ele>
      </trkpt>
      <trkpt lat="45.443845" lon="11.897076">
        <ele>14.0</ele>
      </trkpt>
      <trkpt lat="45.443873" lon="11.897091">
        <ele>14.0</ele>
      </trkpt>
      <trkpt lat="45.443893" lon="11.897138">
        <ele>13.75</ele>
      </trkpt>
      <trkpt lat="45.443928" lon="11.897155">
        <ele>13.75</ele>
      </trkpt>
      <trkpt lat="45.443977" lon="11.89718">
        <ele>13.75</ele>
      </trkpt>
      <trkpt lat="45.443996" lon="11.897173">
        <ele>13.5</ele>
      </trkpt>
      <trkpt lat="45.444517" lon="11.897477">
        <ele>13.0</ele>
      </trkpt>
      <trkpt lat="45.444918" lon="11.897721">
        <ele>12.5</ele>
      </trkpt>
      <trkpt lat="45.444955" lon="11.897747">
        <ele>12.25</ele>
      </trkpt>
      <trkpt lat="45.444983" lon="11.897764">
        <ele>12.25</ele>
      </trkpt>
      <trkpt lat="45.444996" lon="11.897768">
        <ele>12.25</ele>
      </trkpt>
      <trkpt lat="45.445036" lon="11.897728">
        <ele>12.25</ele>
      </trkpt>
      <trkpt lat="45.445067" lon="11.897655">
        <ele>12.25</ele>
      </trkpt>
      <trkpt lat="45.445249" lon="11.897155">
        <ele>12.75</ele>
      </trkpt>
      <trkpt lat="45.44539" lon="11.896716">
        <ele>13.0</ele>
      </trkpt>
      <trkpt lat="45.445584" lon="11.895971">
        <ele>12.25</ele>
      </trkpt>
      <trkpt lat="45.445684" lon="11.895513">
        <ele>11.75</ele>
      </trkpt>
      <trkpt lat="45.445801" lon="11.895024">
        <ele>11.0</ele>
      </trkpt>
      <trkpt lat="45.445844" lon="11.894762">
        <ele>11.0</ele>
      </trkpt>
      <trkpt lat="45.445902" lon="11.89452">
        <ele>11.25</ele>
      </trkpt>
      <trkpt lat="45.44593" lon="11.894479">
        <ele>11.0</ele>
      </trkpt>
      <trkpt lat="45.445999" lon="11.894228">
        <ele>11.0</ele>
      </trkpt>
      <trkpt lat="45.446013" lon="11.894196">
        <ele>11.0</ele>
      </trkpt>
      <trkpt lat="45.446034" lon="11.894196">
        <ele>11.0</ele>
      </trkpt>
      <trkpt lat="45.446071" lon="11.893862">
        <ele>11.0</ele>
      </trkpt>
      <trkpt lat="45.446138" lon="11.89387">
        <ele>10.75</ele>
      </trkpt>
      <trkpt lat="45.446199" lon="11.893878">
        <ele>10.5</ele>
      </trkpt>
      <trkpt lat="45.446218" lon="11.893778">
        <ele>10.5</ele>
      </trkpt>
      <trkpt lat="45.446223" lon="11.893762">
        <ele>10.5</ele>
      </trkpt>
      <trkpt lat="45.446236" lon="11.893756">
        <ele>10.5</ele>
      </trkpt>
      <trkpt lat="45.447109" lon="11.894028">
        <ele>10.5</ele>
      </trkpt>
      <trkpt lat="45.447143" lon="11.894039">
        <ele>10.75</ele>
      </trkpt>
      <trkpt lat="45.447137" lon="11.894072">
        <ele>10.75</ele>
      </trkpt>
      <trkpt lat="45.447119" lon="11.894164">
        <ele>10.5</ele>
      </trkpt>
      <trkpt lat="45.447096" lon="11.894281">
        <ele>10.25</ele>
      </trkpt>
      <trkpt lat="45.447077" lon="11.894394">
        <ele>10.0</ele>
      </trkpt>
      <trkpt lat="45.447074" lon="11.894535">
        <ele>10.0</ele>
      </trkpt>
      <trkpt lat="45.447086" lon="11.894611">
        <ele>9.75</ele>
      </trkpt>
      <trkpt lat="45.447109" lon="11.894678">
        <ele>10.0</ele>
      </trkpt>
      <trkpt lat="45.447138" lon="11.894731">
        <ele>10.0</ele>
      </trkpt>
      <trkpt lat="45.447203" lon="11.894821">
        <ele>10.0</ele>
      </trkpt>
      <trkpt lat="45.447268" lon="11.894882">
        <ele>10.25</ele>
      </trkpt>
      <trkpt lat="45.447349" lon="11.894926">
        <ele>10.5</ele>
      </trkpt>
      <trkpt lat="45.447481" lon="11.894969">
        <ele>11.0</ele>
      </trkpt>
      <trkpt lat="45.44786" lon="11.895032">
        <ele>13.0</ele>
      </trkpt>
      <trkpt lat="45.448006" lon="11.895067">
        <ele>13.75</ele>
      </trkpt>
      <trkpt lat="45.448127" lon="11.895109">
        <ele>14.25</ele>
      </trkpt>
      <trkpt lat="45.448549" lon="11.895305">
        <ele>14.5</ele>
      </trkpt>
      <trkpt lat="45.448705" lon="11.895392">
        <ele>14.5</ele>
      </trkpt>
      <trkpt lat="45.448853" lon="11.89551">
        <ele>14.25</ele>
      </trkpt>
      <trkpt lat="45.448904" lon="11.895545">
        <ele>14.25</ele>
      </trkpt>
      <trkpt lat="45.44894" lon="11.89557">
        <ele>14.25</ele>
      </trkpt>
      <trkpt lat="45.448973" lon="11.89558">
        <ele>14.25</ele>
      </trkpt>
      <trkpt lat="45.44901" lon="11.895591">
        <ele>14.25</ele>
      </trkpt>
      <trkpt lat="45.44897" lon="11.895874">
        <ele>14.0</ele>
      </trkpt>
      <trkpt lat="45.448937" lon="11.89614">
        <ele>13.75</ele>
      </trkpt>
      <trkpt lat="45.448932" lon="11.896238">
        <ele>13.75</ele>
      </trkpt>
      <trkpt lat="45.44895" lon="11.896331">
        <ele>13.75</ele>
      </trkpt>
      <trkpt lat="45.448979" lon="11.896376">
        <ele>13.75</ele>
      </trkpt>
      <trkpt lat="45.449028" lon="11.896426">
        <ele>13.75</ele>
      </trkpt>
      <trkpt lat="45.449115" lon="11.896467">
        <ele>13.75</ele>
      </trkpt>
      <trkpt lat="45.449205" lon="11.896484">
        <ele>14.0</ele>
      </trkpt>
      <trkpt lat="45.449319" lon="11.896502">
        <ele>14.25</ele>
      </trkpt>
      <trkpt lat="45.449742" lon="11.896588">
        <ele>15.5</ele>
      </trkpt>
      <trkpt lat="45.449759" lon="11.896481">
        <ele>15.0</ele>
      </trkpt>
      <trkpt lat="45.450157" lon="11.89655">
        <ele>15.25</ele>
      </trkpt>
      <trkpt lat="45.450371" lon="11.896597">
        <ele>14.25</ele>
      </trkpt>
      <trkpt lat="45.451409" lon="11.896769">
        <ele>13.5</ele>
      </trkpt>
      <trkpt lat="45.451731" lon="11.896796">
        <ele>14.25</ele>
      </trkpt>
      <trkpt lat="45.452115" lon="11.896844">
        <ele>14.5</ele>
      </trkpt>
      <trkpt lat="45.452513" lon="11.896872">
        <ele>14.5</ele>
      </trkpt>
      <trkpt lat="45.452982" lon="11.896888">
        <ele>13.0</ele>
      </trkpt>
      <trkpt lat="45.453189" lon="11.896875">
        <ele>12.25</ele>
      </trkpt>
      <trkpt lat="45.454023" lon="11.896853">
        <ele>12.25</ele>
      </trkpt>
      <trkpt lat="45.454497" lon="11.896857">
        <ele>13.0</ele>
      </trkpt>
      <trkpt lat="45.454684" lon="11.896851">
        <ele>13.5</ele>
      </trkpt>
      <trkpt lat="45.454822" lon="11.896881">
        <ele>13.75</ele>
      </trkpt>
      <trkpt lat="45.45555" lon="11.896984">
        <ele>14.25</ele>
      </trkpt>
      <trkpt lat="45.456085" lon="11.89701">
        <ele>13.75</ele>
      </trkpt>
      <trkpt lat="45.456978" lon="11.896927">
        <ele>12.25</ele>
      </trkpt>
      <trkpt lat="45.457209" lon="11.896892">
        <ele>12.25</ele>
      </trkpt>
      <trkpt lat="45.45745" lon="11.896813">
        <ele>12.0</ele>
      </trkpt>
      <trkpt lat="45.458023" lon="11.896539">
        <ele>12.5</ele>
      </trkpt>
      <trkpt lat="45.458682" lon="11.896149">
        <ele>12.0</ele>
      </trkpt>
      <trkpt lat="45.459143" lon="11.895913">
        <ele>11.0</ele>
      </trkpt>
      <trkpt lat="45.459595" lon="11.895707">
        <ele>10.75</ele>
      </trkpt>
      <trkpt lat="45.459798" lon="11.895595">
        <ele>10.5</ele>
      </trkpt>
      <trkpt lat="45.459993" lon="11.895466">
        <ele>10.5</ele>
      </trkpt>
      <trkpt lat="45.460251" lon="11.895277">
        <ele>10.5</ele>
      </trkpt>
      <trkpt lat="45.460489" lon="11.895088">
        <ele>10.5</ele>
      </trkpt>
      <trkpt lat="45.460754" lon="11.894933">
        <ele>10.75</ele>
      </trkpt>
      <trkpt lat="45.461114" lon="11.894782">
        <ele>11.5</ele>
      </trkpt>
      <trkpt lat="45.461452" lon="11.894674">
        <ele>12.0</ele>
      </trkpt>
      <trkpt lat="45.461738" lon="11.894593">
        <ele>12.5</ele>
      </trkpt>
      <trkpt lat="45.462066" lon="11.894521">
        <ele>12.25</ele>
      </trkpt>
      <trkpt lat="45.462332" lon="11.894448">
        <ele>12.25</ele>
      </trkpt>
      <trkpt lat="45.462761" lon="11.894356">
        <ele>12.25</ele>
      </trkpt>
      <trkpt lat="45.464148" lon="11.893918">
        <ele>12.0</ele>
      </trkpt>
      <trkpt lat="45.464881" lon="11.893666">
        <ele>12.75</ele>
      </trkpt>
      <trkpt lat="45.465075" lon="11.893631">
        <ele>13.0</ele>
      </trkpt>
      <trkpt lat="45.465244" lon="11.893624">
        <ele>13.0</ele>
      </trkpt>
      <trkpt lat="45.465446" lon="11.893647">
        <ele>13.25</ele>
      </trkpt>
      <trkpt lat="45.466449" lon="11.894002">
        <ele>11.5</ele>
      </trkpt>
      <trkpt lat="45.466513" lon="11.894051">
        <ele>11.5</ele>
      </trkpt>
      <trkpt lat="45.466518" lon="11.894031">
        <ele>11.5</ele>
      </trkpt>
      <trkpt lat="45.467207" lon="11.894315">
        <ele>11.5</ele>
      </trkpt>
      <trkpt lat="45.467346" lon="11.894359">
        <ele>11.75</ele>
      </trkpt>
      <trkpt lat="45.468665" lon="11.894846">
        <ele>9.75</ele>
      </trkpt>
      <trkpt lat="45.469956" lon="11.895384">
        <ele>11.25</ele>
      </trkpt>
      <trkpt lat="45.471235" lon="11.895815">
        <ele>11.0</ele>
      </trkpt>
      <trkpt lat="45.471883" lon="11.896039">
        <ele>10.0</ele>
      </trkpt>
      <trkpt lat="45.47392" lon="11.896709">
        <ele>11.5</ele>
      </trkpt>
      <trkpt lat="45.474164" lon="11.896796">
        <ele>12.25</ele>
      </trkpt>
      <trkpt lat="45.474878" lon="11.897074">
        <ele>11.5</ele>
      </trkpt>
      <trkpt lat="45.475532" lon="11.897363">
        <ele>10.75</ele>
      </trkpt>
      <trkpt lat="45.475944" lon="11.897517">
        <ele>10.0</ele>
      </trkpt>
      <trkpt lat="45.476455" lon="11.897695">
        <ele>10.5</ele>
      </trkpt>
      <trkpt lat="45.476951" lon="11.897831">
        <ele>10.5</ele>
      </trkpt>
      <trkpt lat="45.47763" lon="11.898046">
        <ele>10.25</ele>
      </trkpt>
      <trkpt lat="45.478414" lon="11.898324">
        <ele>10.0</ele>
      </trkpt>
      <trkpt lat="45.480012" lon="11.898922">
        <ele>12.25</ele>
      </trkpt>
      <trkpt lat="45.481596" lon="11.899508">
        <ele>12.0</ele>
      </trkpt>
      <trkpt lat="45.482045" lon="11.899634">
        <ele>12.5</ele>
      </trkpt>
      <trkpt lat="45.482141" lon="11.899648">
        <ele>12.5</ele>
      </trkpt>
      <trkpt lat="45.482216" lon="11.899724">
        <ele>12.75</ele>
      </trkpt>
      <trkpt lat="45.482236" lon="11.899724">
        <ele>12.75</ele>
      </trkpt>
      <trkpt lat="45.482303" lon="11.899719">
        <ele>12.75</ele>
      </trkpt>
      <trkpt lat="45.482333" lon="11.899705">
        <ele>13.0</ele>
      </trkpt>
      <trkpt lat="45.482479" lon="11.899768">
        <ele>13.0</ele>
      </trkpt>
      <trkpt lat="45.482627" lon="11.899823">
        <ele>13.0</ele>
      </trkpt>
      <trkpt lat="45.482889" lon="11.899953">
        <ele>13.0</ele>
      </trkpt>
      <trkpt lat="45.484185" lon="11.900378">
        <ele>13.75</ele>
      </trkpt>
      <trkpt lat="45.486633" lon="11.901245">
        <ele>11.0</ele>
      </trkpt>
      <trkpt lat="45.488908" lon="11.902103">
        <ele>11.5</ele>
      </trkpt>
      <trkpt lat="45.489827" lon="11.902517">
        <ele>12.75</ele>
      </trkpt>
      <trkpt lat="45.490629" lon="11.9028">
        <ele>11.75</ele>
      </trkpt>
      <trkpt lat="45.491028" lon="11.902888">
        <ele>11.75</ele>
      </trkpt>
      <trkpt lat="45.494059" lon="11.904078">
        <ele>11.0</ele>
      </trkpt>
      <trkpt lat="45.494296" lon="11.904157">
        <ele>11.0</ele>
      </trkpt>
      <trkpt lat="45.494361" lon="11.904186">
        <ele>11.25</ele>
      </trkpt>
      <trkpt lat="45.494399" lon="11.904199">
        <ele>11.25</ele>
      </trkpt>
      <trkpt lat="45.49445" lon="11.904215">
        <ele>11.25</ele>
      </trkpt>
      <trkpt lat="45.49449" lon="11.904229">
        <ele>11.25</ele>
      </trkpt>
      <trkpt lat="45.494496" lon="11.904194">
        <ele>11.25</ele>
      </trkpt>
      <trkpt lat="45.494567" lon="11.90381">
        <ele>11.5</ele>
      </trkpt>
      <trkpt lat="45.494574" lon="11.903776">
        <ele>11.5</ele>
      </trkpt>
      <trkpt lat="45.494598" lon="11.903785">
        <ele>11.5</ele>
      </trkpt>
      <trkpt lat="45.494853" lon="11.90389">
        <ele>11.75</ele>
      </trkpt>
      <trkpt lat="45.496325" lon="11.904449">
        <ele>13.0</ele>
      </trkpt>
      <trkpt lat="45.496834" lon="11.904678">
        <ele>13.5</ele>
      </trkpt>
      <trkpt lat="45.497442" lon="11.904896">
        <ele>13.75</ele>
      </trkpt>
      <trkpt lat="45.497453" lon="11.9049">
        <ele>13.75</ele>
      </trkpt>
      <trkpt lat="45.49747" lon="11.904905">
        <ele>13.75</ele>
      </trkpt>
      <trkpt lat="45.497491" lon="11.904914">
        <ele>13.75</ele>
      </trkpt>
      <trkpt lat="45.497501" lon="11.904917">
        <ele>13.75</ele>
      </trkpt>
      <trkpt lat="45.499762" lon="11.905745">
        <ele>12.75</ele>
      </trkpt>
      <trkpt lat="45.500473" lon="11.906027">
        <ele>14.25</ele>
      </trkpt>
      <trkpt lat="45.500794" lon="11.906178">
        <ele>15.25</ele>
      </trkpt>
      <trkpt lat="45.500905" lon="11.90618">
        <ele>15.25</ele>
      </trkpt>
      <trkpt lat="45.500974" lon="11.906165">
        <ele>15.0</ele>
      </trkpt>
      <trkpt lat="45.501307" lon="11.906162">
        <ele>14.5</ele>
      </trkpt>
      <trkpt lat="45.501345" lon="11.90616">
        <ele>14.5</ele>
      </trkpt>
      <trkpt lat="45.501739" lon="11.905974">
        <ele>14.0</ele>
      </trkpt>
      <trkpt lat="45.501956" lon="11.905902">
        <ele>14.25</ele>
      </trkpt>
      <trkpt lat="45.502221" lon="11.905845">
        <ele>14.5</ele>
      </trkpt>
      <trkpt lat="45.502352" lon="11.905841">
        <ele>14.75</ele>
      </trkpt>
      <trkpt lat="45.502488" lon="11.905856">
        <ele>15.0</ele>
      </trkpt>
      <trkpt lat="45.502652" lon="11.905908">
        <ele>15.25</ele>
      </trkpt>
      <trkpt lat="45.502871" lon="11.906048">
        <ele>15.5</ele>
      </trkpt>
      <trkpt lat="45.503104" lon="11.906285">
        <ele>16.25</ele>
      </trkpt>
      <trkpt lat="45.503196" lon="11.906414">
        <ele>16.5</ele>
      </trkpt>
      <trkpt lat="45.503349" lon="11.906655">
        <ele>16.75</ele>
      </trkpt>
      <trkpt lat="45.503409" lon="11.906714">
        <ele>16.75</ele>
      </trkpt>
      <trkpt lat="45.503414" lon="11.906758">
        <ele>16.75</ele>
      </trkpt>
      <trkpt lat="45.503443" lon="11.906788">
        <ele>16.5</ele>
      </trkpt>
      <trkpt lat="45.503464" lon="11.90681">
        <ele>16.5</ele>
      </trkpt>
      <trkpt lat="45.503572" lon="11.906938">
        <ele>16.25</ele>
      </trkpt>
      <trkpt lat="45.503744" lon="11.907081">
        <ele>15.75</ele>
      </trkpt>
      <trkpt lat="45.503927" lon="11.907204">
        <ele>15.0</ele>
      </trkpt>
      <trkpt lat="45.504227" lon="11.907359">
        <ele>13.75</ele>
      </trkpt>
      <trkpt lat="45.506314" lon="11.908142">
        <ele>14.75</ele>
      </trkpt>
      <trkpt lat="45.507629" lon="11.908583">
        <ele>15.5</ele>
      </trkpt>
      <trkpt lat="45.509277" lon="11.9092">
        <ele>18.25</ele>
      </trkpt>
      <trkpt lat="45.509354" lon="11.90922">
        <ele>17.75</ele>
      </trkpt>
      <trkpt lat="45.50941" lon="11.909234">
        <ele>17.5</ele>
      </trkpt>
      <trkpt lat="45.509441" lon="11.90924">
        <ele>17.25</ele>
      </trkpt>
      <trkpt lat="45.509538" lon="11.909277">
        <ele>16.75</ele>
      </trkpt>
      <trkpt lat="45.50986" lon="11.909425">
        <ele>15.0</ele>
      </trkpt>
      <trkpt lat="45.510328" lon="11.909615">
        <ele>14.0</ele>
      </trkpt>
      <trkpt lat="45.510804" lon="11.909789">
        <ele>13.75</ele>
      </trkpt>
      <trkpt lat="45.511811" lon="11.910152">
        <ele>14.25</ele>
      </trkpt>
      <trkpt lat="45.514591" lon="11.911178">
        <ele>15.0</ele>
      </trkpt>
      <trkpt lat="45.515525" lon="11.911524">
        <ele>16.5</ele>
      </trkpt>
      <trkpt lat="45.51595" lon="11.911679">
        <ele>16.5</ele>
      </trkpt>
      <trkpt lat="45.516239" lon="11.911788">
        <ele>16.0</ele>
      </trkpt>
      <trkpt lat="45.516574" lon="11.911901">
        <ele>15.25</ele>
      </trkpt>
      <trkpt lat="45.516841" lon="11.912012">
        <ele>15.5</ele>
      </trkpt>
      <trkpt lat="45.517615" lon="11.912295">
        <ele>16.5</ele>
      </trkpt>
      <trkpt lat="45.518157" lon="11.91249">
        <ele>16.75</ele>
      </trkpt>
      <trkpt lat="45.518732" lon="11.91269">
        <ele>16.25</ele>
      </trkpt>
      <trkpt lat="45.519338" lon="11.912926">
        <ele>15.5</ele>
      </trkpt>
      <trkpt lat="45.519949" lon="11.913146">
        <ele>15.75</ele>
      </trkpt>
      <trkpt lat="45.520049" lon="11.913171">
        <ele>16.0</ele>
      </trkpt>
      <trkpt lat="45.520091" lon="11.913201">
        <ele>16.0</ele>
      </trkpt>
      <trkpt lat="45.520201" lon="11.913248">
        <ele>16.0</ele>
      </trkpt>
      <trkpt lat="45.520541" lon="11.913371">
        <ele>16.0</ele>
      </trkpt>
      <trkpt lat="45.520562" lon="11.913379">
        <ele>16.0</ele>
      </trkpt>
      <trkpt lat="45.523042" lon="11.914298">
        <ele>16.5</ele>
      </trkpt>
      <trkpt lat="45.523995" lon="11.914642">
        <ele>15.75</ele>
      </trkpt>
      <trkpt lat="45.525724" lon="11.915323">
        <ele>16.25</ele>
      </trkpt>
      <trkpt lat="45.528246" lon="11.916135">
        <ele>15.25</ele>
      </trkpt>
      <trkpt lat="45.528873" lon="11.916327">
        <ele>16.5</ele>
      </trkpt>
      <trkpt lat="45.528858" lon="11.916412">
        <ele>16.75</ele>
      </trkpt>
      <trkpt lat="45.528829" lon="11.916617">
        <ele>17.0</ele>
      </trkpt>
      <trkpt lat="45.528844" lon="11.916621">
        <ele>17.0</ele>
      </trkpt>
      <trkpt lat="45.52884" lon="11.916648">
        <ele>17.0</ele>
      </trkpt>
      <trkpt lat="45.528832" lon="11.916702">
        <ele>17.0</ele>
      </trkpt>
      <trkpt lat="45.528821" lon="11.916769">
        <ele>17.0</ele>
      </trkpt>
      <trkpt lat="45.528814" lon="11.916805">
        <ele>17.0</ele>
      </trkpt>
      <trkpt lat="45.528806" lon="11.916839">
        <ele>17.0</ele>
      </trkpt>
      <trkpt lat="45.528739" lon="11.917004">
        <ele>16.75</ele>
      </trkpt>
      <trkpt lat="45.528716" lon="11.917224">
        <ele>16.75</ele>
      </trkpt>
      <trkpt lat="45.528704" lon="11.917301">
        <ele>16.75</ele>
      </trkpt>
      <trkpt lat="45.528681" lon="11.917464">
        <ele>16.75</ele>
      </trkpt>
      <trkpt lat="45.528665" lon="11.917545">
        <ele>17.0</ele>
      </trkpt>
      <trkpt lat="45.528612" lon="11.917824">
        <ele>17.5</ele>
      </trkpt>
      <trkpt lat="45.52859" lon="11.917873">
        <ele>17.5</ele>
      </trkpt>
      <trkpt lat="45.528548" lon="11.917848">
        <ele>17.5</ele>
      </trkpt>
      <trkpt lat="45.528515" lon="11.917944">
        <ele>17.75</ele>
      </trkpt>
      <trkpt lat="45.528473" lon="11.91802">
        <ele>18.0</ele>
      </trkpt>
      <trkpt lat="45.528307" lon="11.918231">
        <ele>18.5</ele>
      </trkpt>
      <trkpt lat="45.528199" lon="11.918405">
        <ele>18.75</ele>
      </trkpt>
      <trkpt lat="45.528121" lon="11.918562">
        <ele>18.5</ele>
      </trkpt>
      <trkpt lat="45.527845" lon="11.919232">
        <ele>18.25</ele>
      </trkpt>
      <trkpt lat="45.527671" lon="11.919701">
        <ele>17.5</ele>
      </trkpt>
      <trkpt lat="45.527531" lon="11.920122">
        <ele>17.0</ele>
      </trkpt>
      <trkpt lat="45.527492" lon="11.920265">
        <ele>17.25</ele>
      </trkpt>
      <trkpt lat="45.52741" lon="11.920783">
        <ele>17.5</ele>
      </trkpt>
      <trkpt lat="45.527412" lon="11.92085">
        <ele>17.75</ele>
      </trkpt>
      <trkpt lat="45.527426" lon="11.920916">
        <ele>17.5</ele>
      </trkpt>
      <trkpt lat="45.527429" lon="11.920964">
        <ele>17.5</ele>
      </trkpt>
      <trkpt lat="45.527425" lon="11.920995">
        <ele>17.5</ele>
      </trkpt>
      <trkpt lat="45.527405" lon="11.921095">
        <ele>17.5</ele>
      </trkpt>
      <trkpt lat="45.527391" lon="11.921144">
        <ele>17.25</ele>
      </trkpt>
      <trkpt lat="45.527407" lon="11.92116">
        <ele>17.25</ele>
      </trkpt>
      <trkpt lat="45.527427" lon="11.921186">
        <ele>17.25</ele>
      </trkpt>
      <trkpt lat="45.52745" lon="11.921182">
        <ele>17.5</ele>
      </trkpt>
      <trkpt lat="45.527527" lon="11.921254">
        <ele>17.25</ele>
      </trkpt>
      <trkpt lat="45.527621" lon="11.921316">
        <ele>17.25</ele>
      </trkpt>
      <trkpt lat="45.527745" lon="11.921364">
        <ele>17.0</ele>
      </trkpt>
      <trkpt lat="45.531213" lon="11.922954">
        <ele>16.75</ele>
      </trkpt>
      <trkpt lat="45.531289" lon="11.923">
        <ele>16.75</ele>
      </trkpt>
      <trkpt lat="45.531386" lon="11.923076">
        <ele>16.75</ele>
      </trkpt>
      <trkpt lat="45.531432" lon="11.923086">
        <ele>16.75</ele>
      </trkpt>
      <trkpt lat="45.531484" lon="11.923083">
        <ele>16.75</ele>
      </trkpt>
      <trkpt lat="45.531554" lon="11.923105">
        <ele>16.75</ele>
      </trkpt>
      <trkpt lat="45.532641" lon="11.923621">
        <ele>15.25</ele>
      </trkpt>
      <trkpt lat="45.534114" lon="11.924299">
        <ele>16.75</ele>
      </trkpt>
      <trkpt lat="45.534606" lon="11.924508">
        <ele>16.5</ele>
      </trkpt>
      <trkpt lat="45.536309" lon="11.925263">
        <ele>18.0</ele>
      </trkpt>
      <trkpt lat="45.537394" lon="11.925708">
        <ele>18.75</ele>
      </trkpt>
      <trkpt lat="45.53749" lon="11.925743">
        <ele>18.75</ele>
      </trkpt>
      <trkpt lat="45.537528" lon="11.925757">
        <ele>18.75</ele>
      </trkpt>
      <trkpt lat="45.537531" lon="11.925759">
        <ele>18.75</ele>
      </trkpt>
      <trkpt lat="45.537553" lon="11.925767">
        <ele>18.75</ele>
      </trkpt>
      <trkpt lat="45.537643" lon="11.925802">
        <ele>18.5</ele>
      </trkpt>
      <trkpt lat="45.538085" lon="11.926023">
        <ele>17.75</ele>
      </trkpt>
      <trkpt lat="45.539012" lon="11.926408">
        <ele>18.25</ele>
      </trkpt>
      <trkpt lat="45.539651" lon="11.926686">
        <ele>19.5</ele>
      </trkpt>
      <trkpt lat="45.54075" lon="11.927298">
        <ele>17.0</ele>
      </trkpt>
      <trkpt lat="45.541058" lon="11.927432">
        <ele>17.25</ele>
      </trkpt>
      <trkpt lat="45.541445" lon="11.927547">
        <ele>17.75</ele>
      </trkpt>
      <trkpt lat="45.5418" lon="11.92764">
        <ele>18.0</ele>
      </trkpt>
      <trkpt lat="45.542069" lon="11.927738">
        <ele>18.25</ele>
      </trkpt>
      <trkpt lat="45.542348" lon="11.927916">
        <ele>18.25</ele>
      </trkpt>
      <trkpt lat="45.542671" lon="11.928139">
        <ele>18.75</ele>
      </trkpt>
      <trkpt lat="45.542854" lon="11.928212">
        <ele>18.75</ele>
      </trkpt>
      <trkpt lat="45.543048" lon="11.928275">
        <ele>18.75</ele>
      </trkpt>
      <trkpt lat="45.543282" lon="11.928325">
        <ele>18.75</ele>
      </trkpt>
      <trkpt lat="45.543565" lon="11.928426">
        <ele>18.5</ele>
      </trkpt>
      <trkpt lat="45.544287" lon="11.928741">
        <ele>17.75</ele>
      </trkpt>
      <trkpt lat="45.546403" lon="11.929735">
        <ele>18.25</ele>
      </trkpt>
      <trkpt lat="45.547367" lon="11.930153">
        <ele>19.75</ele>
      </trkpt>
      <trkpt lat="45.547475" lon="11.930196">
        <ele>20.0</ele>
      </trkpt>
      <trkpt lat="45.548564" lon="11.930665">
        <ele>19.75</ele>
      </trkpt>
      <trkpt lat="45.549927" lon="11.931317">
        <ele>21.0</ele>
      </trkpt>
      <trkpt lat="45.550356" lon="11.931557">
        <ele>20.5</ele>
      </trkpt>
      <trkpt lat="45.550388" lon="11.931572">
        <ele>20.5</ele>
      </trkpt>
      <trkpt lat="45.55043" lon="11.931613">
        <ele>20.5</ele>
      </trkpt>
      <trkpt lat="45.550469" lon="11.931621">
        <ele>20.25</ele>
      </trkpt>
      <trkpt lat="45.550897" lon="11.931825">
        <ele>20.25</ele>
      </trkpt>
      <trkpt lat="45.551733" lon="11.932146">
        <ele>21.0</ele>
      </trkpt>
      <trkpt lat="45.551741" lon="11.932111">
        <ele>21.0</ele>
      </trkpt>
      <trkpt lat="45.551789" lon="11.931863">
        <ele>21.0</ele>
      </trkpt>
      <trkpt lat="45.551796" lon="11.931831">
        <ele>21.0</ele>
      </trkpt>
      <trkpt lat="45.551848" lon="11.931844">
        <ele>21.0</ele>
      </trkpt>
      <trkpt lat="45.551877" lon="11.931851">
        <ele>21.0</ele>
      </trkpt>
      <trkpt lat="45.551915" lon="11.931868">
        <ele>21.0</ele>
      </trkpt>
      <trkpt lat="45.552783" lon="11.932254">
        <ele>21.25</ele>
      </trkpt>
      <trkpt lat="45.554638" lon="11.933102">
        <ele>20.25</ele>
      </trkpt>
      <trkpt lat="45.554797" lon="11.933157">
        <ele>20.5</ele>
      </trkpt>
      <trkpt lat="45.554818" lon="11.933162">
        <ele>20.5</ele>
      </trkpt>
      <trkpt lat="45.554839" lon="11.933172">
        <ele>20.5</ele>
      </trkpt>
      <trkpt lat="45.554885" lon="11.933193">
        <ele>20.5</ele>
      </trkpt>
      <trkpt lat="45.554939" lon="11.933218">
        <ele>20.75</ele>
      </trkpt>
      <trkpt lat="45.554969" lon="11.933238">
        <ele>20.75</ele>
      </trkpt>
      <trkpt lat="45.554982" lon="11.933244">
        <ele>20.75</ele>
      </trkpt>
      <trkpt lat="45.55512" lon="11.933324">
        <ele>20.75</ele>
      </trkpt>
      <trkpt lat="45.555985" lon="11.933716">
        <ele>21.25</ele>
      </trkpt>
      <trkpt lat="45.556415" lon="11.933918">
        <ele>20.5</ele>
      </trkpt>
      <trkpt lat="45.557699" lon="11.934519">
        <ele>19.5</ele>
      </trkpt>
      <trkpt lat="45.55927" lon="11.935214">
        <ele>19.5</ele>
      </trkpt>
      <trkpt lat="45.560238" lon="11.935641">
        <ele>20.75</ele>
      </trkpt>
      <trkpt lat="45.560607" lon="11.935803">
        <ele>21.25</ele>
      </trkpt>
      <trkpt lat="45.560703" lon="11.935845">
        <ele>21.5</ele>
      </trkpt>
      <trkpt lat="45.560826" lon="11.935901">
        <ele>21.75</ele>
      </trkpt>
      <trkpt lat="45.562519" lon="11.936667">
        <ele>22.75</ele>
      </trkpt>
      <trkpt lat="45.562981" lon="11.936875">
        <ele>22.75</ele>
      </trkpt>
      <trkpt lat="45.562993" lon="11.93688">
        <ele>22.5</ele>
      </trkpt>
      <trkpt lat="45.563027" lon="11.936894">
        <ele>22.5</ele>
      </trkpt>
      <trkpt lat="45.563035" lon="11.936898">
        <ele>22.5</ele>
      </trkpt>
      <trkpt lat="45.563072" lon="11.936912">
        <ele>22.5</ele>
      </trkpt>
      <trkpt lat="45.563118" lon="11.936934">
        <ele>22.5</ele>
      </trkpt>
      <trkpt lat="45.563134" lon="11.936941">
        <ele>22.5</ele>
      </trkpt>
      <trkpt lat="45.5632" lon="11.936975">
        <ele>22.5</ele>
      </trkpt>
      <trkpt lat="45.56321" lon="11.93698">
        <ele>22.5</ele>
      </trkpt>
      <trkpt lat="45.563594" lon="11.937155">
        <ele>22.25</ele>
      </trkpt>
      <trkpt lat="45.567149" lon="11.93874">
        <ele>22.0</ele>
      </trkpt>
      <trkpt lat="45.568485" lon="11.939357">
        <ele>21.25</ele>
      </trkpt>
      <trkpt lat="45.568918" lon="11.939549">
        <ele>21.25</ele>
      </trkpt>
      <trkpt lat="45.568999" lon="11.939569">
        <ele>21.25</ele>
      </trkpt>
      <trkpt lat="45.569003" lon="11.939585">
        <ele>21.25</ele>
      </trkpt>
      <trkpt lat="45.569035" lon="11.939602">
        <ele>21.25</ele>
      </trkpt>
      <trkpt lat="45.56905" lon="11.939613">
        <ele>21.25</ele>
      </trkpt>
      <trkpt lat="45.569078" lon="11.939628">
        <ele>21.25</ele>
      </trkpt>
      <trkpt lat="45.569559" lon="11.939864">
        <ele>20.5</ele>
      </trkpt>
      <trkpt lat="45.569821" lon="11.939942">
        <ele>19.5</ele>
      </trkpt>
      <trkpt lat="45.570081" lon="11.939989">
        <ele>19.0</ele>
      </trkpt>
      <trkpt lat="45.570804" lon="11.94005">
        <ele>19.75</ele>
      </trkpt>
      <trkpt lat="45.572196" lon="11.939993">
        <ele>20.5</ele>
      </trkpt>
      <trkpt lat="45.57472" lon="11.939942">
        <ele>21.25</ele>
      </trkpt>
      <trkpt lat="45.57496" lon="11.939943">
        <ele>21.0</ele>
      </trkpt>
      <trkpt lat="45.575063" lon="11.939907">
        <ele>20.75</ele>
      </trkpt>
      <trkpt lat="45.575162" lon="11.939849">
        <ele>20.75</ele>
      </trkpt>
      <trkpt lat="45.575224" lon="11.939875">
        <ele>20.75</ele>
      </trkpt>
      <trkpt lat="45.575259" lon="11.939883">
        <ele>20.5</ele>
      </trkpt>
      <trkpt lat="45.575397" lon="11.939917">
        <ele>20.5</ele>
      </trkpt>
      <trkpt lat="45.575492" lon="11.939928">
        <ele>20.25</ele>
      </trkpt>
      <trkpt lat="45.575935" lon="11.939896">
        <ele>20.0</ele>
      </trkpt>
      <trkpt lat="45.578002" lon="11.939557">
        <ele>21.25</ele>
      </trkpt>
      <trkpt lat="45.579786" lon="11.939232">
        <ele>22.75</ele>
      </trkpt>
      <trkpt lat="45.580005" lon="11.93921">
        <ele>22.75</ele>
      </trkpt>
      <trkpt lat="45.580103" lon="11.939177">
        <ele>22.75</ele>
      </trkpt>
      <trkpt lat="45.580284" lon="11.939128">
        <ele>22.5</ele>
      </trkpt>
      <trkpt lat="45.58101" lon="11.93899">
        <ele>22.0</ele>
      </trkpt>
      <trkpt lat="45.581688" lon="11.938885">
        <ele>23.5</ele>
      </trkpt>
      <trkpt lat="45.581774" lon="11.938867">
        <ele>23.25</ele>
      </trkpt>
      <trkpt lat="45.581819" lon="11.938823">
        <ele>23.0</ele>
      </trkpt>
      <trkpt lat="45.581841" lon="11.938885">
        <ele>23.0</ele>
      </trkpt>
      <trkpt lat="45.581954" lon="11.939265">
        <ele>23.25</ele>
      </trkpt>
      <trkpt lat="45.582211" lon="11.940108">
        <ele>23.25</ele>
      </trkpt>
      <trkpt lat="45.582341" lon="11.940503">
        <ele>22.75</ele>
      </trkpt>
      <trkpt lat="45.583866" lon="11.945498">
        <ele>21.0</ele>
      </trkpt>
      <trkpt lat="45.583901" lon="11.945611">
        <ele>21.25</ele>
      </trkpt>
      <trkpt lat="45.584834" lon="11.948712">
        <ele>21.5</ele>
      </trkpt>
      <trkpt lat="45.584859" lon="11.948803">
        <ele>21.75</ele>
      </trkpt>
      <trkpt lat="45.584884" lon="11.948898">
        <ele>21.75</ele>
      </trkpt>
      <trkpt lat="45.584921" lon="11.949043">
        <ele>21.75</ele>
      </trkpt>
      <trkpt lat="45.584953" lon="11.94913">
        <ele>21.75</ele>
      </trkpt>
      <trkpt lat="45.58499" lon="11.949259">
        <ele>21.75</ele>
      </trkpt>
      <trkpt lat="45.585055" lon="11.949469">
        <ele>21.5</ele>
      </trkpt>
      <trkpt lat="45.585655" lon="11.951418">
        <ele>21.5</ele>
      </trkpt>
      <trkpt lat="45.585993" lon="11.952502">
        <ele>21.75</ele>
      </trkpt>
      <trkpt lat="45.586017" lon="11.952586">
        <ele>21.5</ele>
      </trkpt>
      <trkpt lat="45.586533" lon="11.954289">
        <ele>22.5</ele>
      </trkpt>
      <trkpt lat="45.587165" lon="11.956377">
        <ele>22.25</ele>
      </trkpt>
      <trkpt lat="45.587407" lon="11.956345">
        <ele>21.5</ele>
      </trkpt>
      <trkpt lat="45.587708" lon="11.956318">
        <ele>21.5</ele>
      </trkpt>
      <trkpt lat="45.587806" lon="11.956295">
        <ele>21.75</ele>
      </trkpt>
      <trkpt lat="45.587851" lon="11.956223">
        <ele>21.75</ele>
      </trkpt>
      <trkpt lat="45.58792" lon="11.955743">
        <ele>22.0</ele>
      </trkpt>
      <trkpt lat="45.587947" lon="11.955647">
        <ele>22.0</ele>
      </trkpt>
      <trkpt lat="45.587998" lon="11.955636">
        <ele>22.25</ele>
      </trkpt>
      <trkpt lat="45.588045" lon="11.955641">
        <ele>22.25</ele>
      </trkpt>
      <trkpt lat="45.588068" lon="11.955676">
        <ele>22.25</ele>
      </trkpt>
      <trkpt lat="45.588031" lon="11.95596">
        <ele>22.0</ele>
      </trkpt>
      <trkpt lat="45.587972" lon="11.956522">
        <ele>22.0</ele>
      </trkpt>
      <trkpt lat="45.587943" lon="11.956882">
        <ele>22.25</ele>
      </trkpt>
      <trkpt lat="45.587926" lon="11.957201">
        <ele>22.75</ele>
      </trkpt>
      <trkpt lat="45.587904" lon="11.957429">
        <ele>23.25</ele>
      </trkpt>
      <trkpt lat="45.587868" lon="11.9578">
        <ele>22.75</ele>
      </trkpt>
      <trkpt lat="45.587859" lon="11.957896">
        <ele>22.75</ele>
      </trkpt>
      <trkpt lat="45.587852" lon="11.958004">
        <ele>22.5</ele>
      </trkpt>
      <trkpt lat="45.587855" lon="11.958131">
        <ele>22.25</ele>
      </trkpt>
      <trkpt lat="45.587895" lon="11.958624">
        <ele>21.75</ele>
      </trkpt>
      <trkpt lat="45.587922" lon="11.95881">
        <ele>21.5</ele>
      </trkpt>
      <trkpt lat="45.590401" lon="11.966985">
        <ele>22.0</ele>
      </trkpt>
      <trkpt lat="45.590434" lon="11.967086">
        <ele>22.0</ele>
      </trkpt>
      <trkpt lat="45.590453" lon="11.967153">
        <ele>22.0</ele>
      </trkpt>
      <trkpt lat="45.59048" lon="11.967233">
        <ele>22.0</ele>
      </trkpt>
      <trkpt lat="45.590511" lon="11.967324">
        <ele>22.0</ele>
      </trkpt>
      <trkpt lat="45.590617" lon="11.96767">
        <ele>22.0</ele>
      </trkpt>
      <trkpt lat="45.590635" lon="11.967727">
        <ele>22.0</ele>
      </trkpt>
      <trkpt lat="45.590653" lon="11.967784">
        <ele>22.25</ele>
      </trkpt>
      <trkpt lat="45.590758" lon="11.968119">
        <ele>22.5</ele>
      </trkpt>
      <trkpt lat="45.59167" lon="11.971014">
        <ele>22.25</ele>
      </trkpt>
      <trkpt lat="45.591698" lon="11.971107">
        <ele>22.5</ele>
      </trkpt>
      <trkpt lat="45.591728" lon="11.971205">
        <ele>22.75</ele>
      </trkpt>
      <trkpt lat="45.592524" lon="11.973832">
        <ele>21.0</ele>
      </trkpt>
      <trkpt lat="45.592547" lon="11.973909">
        <ele>21.25</ele>
      </trkpt>
      <trkpt lat="45.594184" lon="11.979315">
        <ele>22.75</ele>
      </trkpt>
      <trkpt lat="45.59421" lon="11.979401">
        <ele>22.75</ele>
      </trkpt>
      <trkpt lat="45.59423" lon="11.979478">
        <ele>22.75</ele>
      </trkpt>
      <trkpt lat="45.594339" lon="11.979873">
        <ele>22.75</ele>
      </trkpt>
      <trkpt lat="45.594368" lon="11.979939">
        <ele>22.75</ele>
      </trkpt>
      <trkpt lat="45.594408" lon="11.980072">
        <ele>22.75</ele>
      </trkpt>
      <trkpt lat="45.594748" lon="11.981189">
        <ele>23.5</ele>
      </trkpt>
      <trkpt lat="45.594775" lon="11.981284">
        <ele>23.5</ele>
      </trkpt>
      <trkpt lat="45.59488" lon="11.981624">
        <ele>23.75</ele>
      </trkpt>
      <trkpt lat="45.595589" lon="11.98392">
        <ele>21.25</ele>
      </trkpt>
      <trkpt lat="45.595946" lon="11.985045">
        <ele>20.75</ele>
      </trkpt>
      <trkpt lat="45.596294" lon="11.986215">
        <ele>21.25</ele>
      </trkpt>
      <trkpt lat="45.596597" lon="11.987184">
        <ele>22.25</ele>
      </trkpt>
      <trkpt lat="45.596672" lon="11.98744">
        <ele>22.0</ele>
      </trkpt>
      <trkpt lat="45.596987" lon="11.988509">
        <ele>22.0</ele>
      </trkpt>
      <trkpt lat="45.597405" lon="11.989951">
        <ele>24.0</ele>
      </trkpt>
      <trkpt lat="45.597868" lon="11.991395">
        <ele>20.75</ele>
      </trkpt>
      <trkpt lat="45.598443" lon="11.993238">
        <ele>23.5</ele>
      </trkpt>
      <trkpt lat="45.598708" lon="11.994102">
        <ele>23.5</ele>
      </trkpt>
      <trkpt lat="45.599252" lon="11.995903">
        <ele>21.75</ele>
      </trkpt>
      <trkpt lat="45.599924" lon="11.998136">
        <ele>23.25</ele>
      </trkpt>
      <trkpt lat="45.600481" lon="11.999971">
        <ele>21.5</ele>
      </trkpt>
      <trkpt lat="45.60052" lon="12.000083">
        <ele>21.75</ele>
      </trkpt>
      <trkpt lat="45.600535" lon="12.000146">
        <ele>21.75</ele>
      </trkpt>
      <trkpt lat="45.600668" lon="12.000576">
        <ele>22.5</ele>
      </trkpt>
      <trkpt lat="45.60195" lon="12.004702">
        <ele>21.25</ele>
      </trkpt>
      <trkpt lat="45.601979" lon="12.004794">
        <ele>20.75</ele>
      </trkpt>
      <trkpt lat="45.602222" lon="12.005665">
        <ele>20.75</ele>
      </trkpt>
      <trkpt lat="45.602904" lon="12.007948">
        <ele>23.5</ele>
      </trkpt>
      <trkpt lat="45.602923" lon="12.008021">
        <ele>23.5</ele>
      </trkpt>
      <trkpt lat="45.603038" lon="12.008463">
        <ele>22.5</ele>
      </trkpt>
      <trkpt lat="45.603183" lon="12.008834">
        <ele>22.5</ele>
      </trkpt>
      <trkpt lat="45.603231" lon="12.00897">
        <ele>22.5</ele>
      </trkpt>
      <trkpt lat="45.603283" lon="12.009295">
        <ele>22.75</ele>
      </trkpt>
      <trkpt lat="45.603325" lon="12.009428">
        <ele>22.75</ele>
      </trkpt>
      <trkpt lat="45.603393" lon="12.00959">
        <ele>22.75</ele>
      </trkpt>
      <trkpt lat="45.603493" lon="12.009862">
        <ele>22.5</ele>
      </trkpt>
      <trkpt lat="45.604432" lon="12.012611">
        <ele>22.0</ele>
      </trkpt>
      <trkpt lat="45.604661" lon="12.013312">
        <ele>21.75</ele>
      </trkpt>
      <trkpt lat="45.604734" lon="12.013517">
        <ele>22.0</ele>
      </trkpt>
      <trkpt lat="45.605685" lon="12.016271">
        <ele>22.25</ele>
      </trkpt>
      <trkpt lat="45.60572" lon="12.016373">
        <ele>22.5</ele>
      </trkpt>
      <trkpt lat="45.606038" lon="12.017296">
        <ele>22.75</ele>
      </trkpt>
      <trkpt lat="45.606954" lon="12.020065">
        <ele>21.5</ele>
      </trkpt>
      <trkpt lat="45.607095" lon="12.020484">
        <ele>21.0</ele>
      </trkpt>
      <trkpt lat="45.60713" lon="12.02061">
        <ele>20.75</ele>
      </trkpt>
      <trkpt lat="45.607132" lon="12.020664">
        <ele>20.75</ele>
      </trkpt>
      <trkpt lat="45.607116" lon="12.020749">
        <ele>20.5</ele>
      </trkpt>
      <trkpt lat="45.607115" lon="12.020801">
        <ele>20.5</ele>
      </trkpt>
      <trkpt lat="45.607127" lon="12.020872">
        <ele>20.5</ele>
      </trkpt>
      <trkpt lat="45.607127" lon="12.020976">
        <ele>20.5</ele>
      </trkpt>
      <trkpt lat="45.607089" lon="12.021203">
        <ele>20.5</ele>
      </trkpt>
      <trkpt lat="45.607139" lon="12.021226">
        <ele>20.75</ele>
      </trkpt>
      <trkpt lat="45.607175" lon="12.021242">
        <ele>20.75</ele>
      </trkpt>
      <trkpt lat="45.607197" lon="12.021214">
        <ele>20.75</ele>
      </trkpt>
      <trkpt lat="45.60726" lon="12.021099">
        <ele>20.75</ele>
      </trkpt>
      <trkpt lat="45.607289" lon="12.021077">
        <ele>20.75</ele>
      </trkpt>
      <trkpt lat="45.607312" lon="12.021097">
        <ele>21.0</ele>
      </trkpt>
      <trkpt lat="45.608519" lon="12.024645">
        <ele>22.5</ele>
      </trkpt>
      <trkpt lat="45.608581" lon="12.024828">
        <ele>22.75</ele>
      </trkpt>
      <trkpt lat="45.608626" lon="12.024961">
        <ele>23.25</ele>
      </trkpt>
      <trkpt lat="45.608671" lon="12.025091">
        <ele>23.25</ele>
      </trkpt>
      <trkpt lat="45.609405" lon="12.027246">
        <ele>19.5</ele>
      </trkpt>
      <trkpt lat="45.610631" lon="12.030848">
        <ele>21.5</ele>
      </trkpt>
      <trkpt lat="45.611292" lon="12.032788">
        <ele>21.5</ele>
      </trkpt>
      <trkpt lat="45.611304" lon="12.032823">
        <ele>21.5</ele>
      </trkpt>
      <trkpt lat="45.611372" lon="12.033027">
        <ele>21.75</ele>
      </trkpt>
      <trkpt lat="45.611455" lon="12.033266">
        <ele>21.75</ele>
      </trkpt>
      <trkpt lat="45.612296" lon="12.035688">
        <ele>21.5</ele>
      </trkpt>
      <trkpt lat="45.612798" lon="12.0372">
        <ele>19.5</ele>
      </trkpt>
      <trkpt lat="45.612866" lon="12.037417">
        <ele>19.25</ele>
      </trkpt>
      <trkpt lat="45.613182" lon="12.038363">
        <ele>19.75</ele>
      </trkpt>
      <trkpt lat="45.613221" lon="12.038456">
        <ele>20.0</ele>
      </trkpt>
      <trkpt lat="45.613256" lon="12.038563">
        <ele>20.0</ele>
      </trkpt>
      <trkpt lat="45.613727" lon="12.040045">
        <ele>20.5</ele>
      </trkpt>
      <trkpt lat="45.614109" lon="12.041285">
        <ele>21.25</ele>
      </trkpt>
      <trkpt lat="45.614185" lon="12.041533">
        <ele>21.75</ele>
      </trkpt>
      <trkpt lat="45.6146" lon="12.043025">
        <ele>20.5</ele>
      </trkpt>
      <trkpt lat="45.614983" lon="12.044457">
        <ele>20.0</ele>
      </trkpt>
      <trkpt lat="45.615013" lon="12.044569">
        <ele>19.75</ele>
      </trkpt>
      <trkpt lat="45.615049" lon="12.044683">
        <ele>20.0</ele>
      </trkpt>
      <trkpt lat="45.616231" lon="12.049007">
        <ele>21.0</ele>
      </trkpt>
      <trkpt lat="45.616252" lon="12.049098">
        <ele>21.0</ele>
      </trkpt>
      <trkpt lat="45.616276" lon="12.049174">
        <ele>21.0</ele>
      </trkpt>
      <trkpt lat="45.617016" lon="12.05186">
        <ele>21.25</ele>
      </trkpt>
      <trkpt lat="45.617045" lon="12.051963">
        <ele>21.25</ele>
      </trkpt>
      <trkpt lat="45.617878" lon="12.054987">
        <ele>21.25</ele>
      </trkpt>
      <trkpt lat="45.617965" lon="12.055301">
        <ele>21.0</ele>
      </trkpt>
      <trkpt lat="45.61819" lon="12.056121">
        <ele>20.0</ele>
      </trkpt>
      <trkpt lat="45.619177" lon="12.059714">
        <ele>19.25</ele>
      </trkpt>
      <trkpt lat="45.619278" lon="12.060082">
        <ele>19.75</ele>
      </trkpt>
      <trkpt lat="45.619788" lon="12.061966">
        <ele>20.0</ele>
      </trkpt>
      <trkpt lat="45.620045" lon="12.062914">
        <ele>19.5</ele>
      </trkpt>
      <trkpt lat="45.62023" lon="12.063599">
        <ele>19.5</ele>
      </trkpt>
      <trkpt lat="45.620246" lon="12.063659">
        <ele>19.5</ele>
      </trkpt>
      <trkpt lat="45.621141" lon="12.066961">
        <ele>21.75</ele>
      </trkpt>
      <trkpt lat="45.621199" lon="12.067131">
        <ele>22.0</ele>
      </trkpt>
      <trkpt lat="45.621255" lon="12.067308">
        <ele>22.25</ele>
      </trkpt>
      <trkpt lat="45.622426" lon="12.071718">
        <ele>24.25</ele>
      </trkpt>
      <trkpt lat="45.62273" lon="12.072738">
        <ele>20.5</ele>
      </trkpt>
      <trkpt lat="45.622777" lon="12.072897">
        <ele>20.5</ele>
      </trkpt>
      <trkpt lat="45.623859" lon="12.076876">
        <ele>20.25</ele>
      </trkpt>
      <trkpt lat="45.624462" lon="12.079039">
        <ele>20.75</ele>
      </trkpt>
      <trkpt lat="45.624716" lon="12.079996">
        <ele>20.5</ele>
      </trkpt>
      <trkpt lat="45.625226" lon="12.081987">
        <ele>23.25</ele>
      </trkpt>
      <trkpt lat="45.625291" lon="12.082232">
        <ele>23.5</ele>
      </trkpt>
      <trkpt lat="45.625494" lon="12.082996">
        <ele>22.75</ele>
      </trkpt>
      <trkpt lat="45.625537" lon="12.083139">
        <ele>22.75</ele>
      </trkpt>
      <trkpt lat="45.625562" lon="12.083228">
        <ele>22.5</ele>
      </trkpt>
      <trkpt lat="45.625689" lon="12.083691">
        <ele>22.75</ele>
      </trkpt>
      <trkpt lat="45.625754" lon="12.08391">
        <ele>22.75</ele>
      </trkpt>
      <trkpt lat="45.626386" lon="12.086189">
        <ele>23.75</ele>
      </trkpt>
      <trkpt lat="45.627051" lon="12.088637">
        <ele>23.5</ele>
      </trkpt>
      <trkpt lat="45.627055" lon="12.088656">
        <ele>23.5</ele>
      </trkpt>
      <trkpt lat="45.627078" lon="12.088746">
        <ele>23.5</ele>
      </trkpt>
      <trkpt lat="45.627094" lon="12.088796">
        <ele>23.25</ele>
      </trkpt>
      <trkpt lat="45.627099" lon="12.08881">
        <ele>23.25</ele>
      </trkpt>
      <trkpt lat="45.628124" lon="12.092502">
        <ele>20.75</ele>
      </trkpt>
      <trkpt lat="45.62814" lon="12.092555">
        <ele>20.75</ele>
      </trkpt>
      <trkpt lat="45.628154" lon="12.092607">
        <ele>20.75</ele>
      </trkpt>
      <trkpt lat="45.628929" lon="12.095424">
        <ele>19.5</ele>
      </trkpt>
      <trkpt lat="45.628964" lon="12.095528">
        <ele>19.25</ele>
      </trkpt>
      <trkpt lat="45.628976" lon="12.095568">
        <ele>19.0</ele>
      </trkpt>
      <trkpt lat="45.629009" lon="12.095571">
        <ele>19.0</ele>
      </trkpt>
      <trkpt lat="45.629054" lon="12.095574">
        <ele>19.0</ele>
      </trkpt>
      <trkpt lat="45.629054" lon="12.095585">
        <ele>18.75</ele>
      </trkpt>
      <trkpt lat="45.629035" lon="12.095781">
        <ele>18.25</ele>
      </trkpt>
      <trkpt lat="45.629037" lon="12.095803">
        <ele>18.25</ele>
      </trkpt>
      <trkpt lat="45.629124" lon="12.096081">
        <ele>18.75</ele>
      </trkpt>
      <trkpt lat="45.629155" lon="12.096198">
        <ele>19.25</ele>
      </trkpt>
      <trkpt lat="45.630544" lon="12.101341">
        <ele>18.5</ele>
      </trkpt>
      <trkpt lat="45.631395" lon="12.104433">
        <ele>23.0</ele>
      </trkpt>
      <trkpt lat="45.6314" lon="12.104453">
        <ele>23.0</ele>
      </trkpt>
      <trkpt lat="45.631413" lon="12.104501">
        <ele>23.25</ele>
      </trkpt>
      <trkpt lat="45.631424" lon="12.104546">
        <ele>23.25</ele>
      </trkpt>
      <trkpt lat="45.631452" lon="12.104646">
        <ele>23.5</ele>
      </trkpt>
      <trkpt lat="45.63157" lon="12.105081">
        <ele>23.5</ele>
      </trkpt>
      <trkpt lat="45.632536" lon="12.108629">
        <ele>23.0</ele>
      </trkpt>
      <trkpt lat="45.632566" lon="12.108738">
        <ele>23.0</ele>
      </trkpt>
      <trkpt lat="45.632598" lon="12.108844">
        <ele>23.0</ele>
      </trkpt>
      <trkpt lat="45.633563" lon="12.112016">
        <ele>18.25</ele>
      </trkpt>
      <trkpt lat="45.634863" lon="12.116305">
        <ele>19.5</ele>
      </trkpt>
      <trkpt lat="45.634904" lon="12.116442">
        <ele>19.25</ele>
      </trkpt>
      <trkpt lat="45.636173" lon="12.120681">
        <ele>20.75</ele>
      </trkpt>
      <trkpt lat="45.636199" lon="12.120769">
        <ele>20.75</ele>
      </trkpt>
      <trkpt lat="45.63624" lon="12.120903">
        <ele>21.0</ele>
      </trkpt>
      <trkpt lat="45.636241" lon="12.120909">
        <ele>21.0</ele>
      </trkpt>
      <trkpt lat="45.636256" lon="12.120959">
        <ele>20.75</ele>
      </trkpt>
      <trkpt lat="45.636269" lon="12.121001">
        <ele>20.75</ele>
      </trkpt>
      <trkpt lat="45.636271" lon="12.121008">
        <ele>20.75</ele>
      </trkpt>
      <trkpt lat="45.638233" lon="12.127465">
        <ele>17.75</ele>
      </trkpt>
      <trkpt lat="45.638771" lon="12.129299">
        <ele>17.75</ele>
      </trkpt>
      <trkpt lat="45.638814" lon="12.129456">
        <ele>17.75</ele>
      </trkpt>
      <trkpt lat="45.638923" lon="12.129817">
        <ele>17.75</ele>
      </trkpt>
      <trkpt lat="45.63897" lon="12.129797">
        <ele>17.75</ele>
      </trkpt>
      <trkpt lat="45.638987" lon="12.12983">
        <ele>17.75</ele>
      </trkpt>
      <trkpt lat="45.639009" lon="12.129863">
        <ele>17.75</ele>
      </trkpt>
      <trkpt lat="45.638979" lon="12.130002">
        <ele>17.75</ele>
      </trkpt>
      <trkpt lat="45.63961" lon="12.13213">
        <ele>17.0</ele>
      </trkpt>
      <trkpt lat="45.639751" lon="12.132572">
        <ele>17.25</ele>
      </trkpt>
      <trkpt lat="45.64004" lon="12.13351">
        <ele>17.0</ele>
      </trkpt>
      <trkpt lat="45.640076" lon="12.133569">
        <ele>17.25</ele>
      </trkpt>
      <trkpt lat="45.640083" lon="12.133664">
        <ele>17.25</ele>
      </trkpt>
      <trkpt lat="45.640088" lon="12.133733">
        <ele>17.25</ele>
      </trkpt>
      <trkpt lat="45.640118" lon="12.133791">
        <ele>17.5</ele>
      </trkpt>
      <trkpt lat="45.640993" lon="12.136698">
        <ele>17.75</ele>
      </trkpt>
      <trkpt lat="45.642472" lon="12.141646">
        <ele>16.75</ele>
      </trkpt>
      <trkpt lat="45.642496" lon="12.141728">
        <ele>16.75</ele>
      </trkpt>
      <trkpt lat="45.642523" lon="12.141817">
        <ele>17.0</ele>
      </trkpt>
      <trkpt lat="45.644615" lon="12.148839">
        <ele>16.0</ele>
      </trkpt>
      <trkpt lat="45.644638" lon="12.148915">
        <ele>16.0</ele>
      </trkpt>
      <trkpt lat="45.644663" lon="12.148999">
        <ele>16.0</ele>
      </trkpt>
      <trkpt lat="45.64552" lon="12.151873">
        <ele>16.25</ele>
      </trkpt>
      <trkpt lat="45.645552" lon="12.15198">
        <ele>16.5</ele>
      </trkpt>
      <trkpt lat="45.645582" lon="12.152077">
        <ele>16.5</ele>
      </trkpt>
      <trkpt lat="45.64647" lon="12.155012">
        <ele>17.75</ele>
      </trkpt>
      <trkpt lat="45.646489" lon="12.155074">
        <ele>17.75</ele>
      </trkpt>
      <trkpt lat="45.64651" lon="12.155147">
        <ele>18.0</ele>
      </trkpt>
      <trkpt lat="45.647015" lon="12.156846">
        <ele>17.25</ele>
      </trkpt>
      <trkpt lat="45.647339" lon="12.157936">
        <ele>17.0</ele>
      </trkpt>
      <trkpt lat="45.64772" lon="12.159147">
        <ele>16.5</ele>
      </trkpt>
      <trkpt lat="45.647739" lon="12.159214">
        <ele>16.75</ele>
      </trkpt>
      <trkpt lat="45.647758" lon="12.159275">
        <ele>16.75</ele>
      </trkpt>
      <trkpt lat="45.647773" lon="12.159323">
        <ele>16.75</ele>
      </trkpt>
      <trkpt lat="45.647854" lon="12.159588">
        <ele>16.75</ele>
      </trkpt>
      <trkpt lat="45.647987" lon="12.15955">
        <ele>16.5</ele>
      </trkpt>
      <trkpt lat="45.648036" lon="12.159536">
        <ele>16.5</ele>
      </trkpt>
      <trkpt lat="45.648125" lon="12.159512">
        <ele>16.25</ele>
      </trkpt>
      <trkpt lat="45.648161" lon="12.1595">
        <ele>16.25</ele>
      </trkpt>
      <trkpt lat="45.64824" lon="12.160153">
        <ele>16.0</ele>
      </trkpt>
      <trkpt lat="45.648278" lon="12.160255">
        <ele>15.75</ele>
      </trkpt>
      <trkpt lat="45.648337" lon="12.160347">
        <ele>15.5</ele>
      </trkpt>
      <trkpt lat="45.648427" lon="12.160425">
        <ele>15.5</ele>
      </trkpt>
      <trkpt lat="45.648507" lon="12.160467">
        <ele>15.5</ele>
      </trkpt>
      <trkpt lat="45.648662" lon="12.160512">
        <ele>15.5</ele>
      </trkpt>
      <trkpt lat="45.648666" lon="12.160541">
        <ele>15.5</ele>
      </trkpt>
      <trkpt lat="45.648675" lon="12.160612">
        <ele>15.5</ele>
      </trkpt>
      <trkpt lat="45.648685" lon="12.160692">
        <ele>15.5</ele>
      </trkpt>
      <trkpt lat="45.648587" lon="12.160718">
        <ele>15.25</ele>
      </trkpt>
      <trkpt lat="45.648189" lon="12.160911">
        <ele>15.25</ele>
      </trkpt>
      <trkpt lat="45.648109" lon="12.160973">
        <ele>15.5</ele>
      </trkpt>
      <trkpt lat="45.648071" lon="12.161023">
        <ele>15.5</ele>
      </trkpt>
      <trkpt lat="45.648126" lon="12.161017">
        <ele>15.5</ele>
      </trkpt>
      <trkpt lat="45.648187" lon="12.160979">
        <ele>15.25</ele>
      </trkpt>
      <trkpt lat="45.648235" lon="12.160954">
        <ele>15.25</ele>
      </trkpt>
      <trkpt lat="45.648621" lon="12.162216">
        <ele>15.75</ele>
      </trkpt>
      <trkpt lat="45.648942" lon="12.163319">
        <ele>15.75</ele>
      </trkpt>
      <trkpt lat="45.649637" lon="12.165495">
        <ele>16.25</ele>
      </trkpt>
      <trkpt lat="45.64987" lon="12.166227">
        <ele>17.5</ele>
      </trkpt>
      <trkpt lat="45.650759" lon="12.169188">
        <ele>16.0</ele>
      </trkpt>
      <trkpt lat="45.651297" lon="12.171146">
        <ele>16.0</ele>
      </trkpt>
      <trkpt lat="45.6513" lon="12.171158">
        <ele>16.0</ele>
      </trkpt>
      <trkpt lat="45.651323" lon="12.171241">
        <ele>16.0</ele>
      </trkpt>
      <trkpt lat="45.651335" lon="12.171282">
        <ele>16.0</ele>
      </trkpt>
      <trkpt lat="45.651339" lon="12.171294">
        <ele>16.0</ele>
      </trkpt>
      <trkpt lat="45.652116" lon="12.173883">
        <ele>15.5</ele>
      </trkpt>
      <trkpt lat="45.653002" lon="12.176836">
        <ele>14.25</ele>
      </trkpt>
      <trkpt lat="45.653899" lon="12.179773">
        <ele>14.5</ele>
      </trkpt>
      <trkpt lat="45.65484" lon="12.182906">
        <ele>14.75</ele>
      </trkpt>
      <trkpt lat="45.654856" lon="12.18295">
        <ele>14.75</ele>
      </trkpt>
      <trkpt lat="45.654884" lon="12.183031">
        <ele>14.75</ele>
      </trkpt>
      <trkpt lat="45.656305" lon="12.187808">
        <ele>14.75</ele>
      </trkpt>
      <trkpt lat="45.657614" lon="12.192261">
        <ele>14.0</ele>
      </trkpt>
      <trkpt lat="45.657629" lon="12.192318">
        <ele>14.0</ele>
      </trkpt>
      <trkpt lat="45.657756" lon="12.192736">
        <ele>14.75</ele>
      </trkpt>
      <trkpt lat="45.658294" lon="12.194364">
        <ele>15.0</ele>
      </trkpt>
      <trkpt lat="45.658719" lon="12.195679">
        <ele>15.5</ele>
      </trkpt>
      <trkpt lat="45.659108" lon="12.197168">
        <ele>15.0</ele>
      </trkpt>
      <trkpt lat="45.659587" lon="12.198865">
        <ele>12.75</ele>
      </trkpt>
      <trkpt lat="45.659826" lon="12.199654">
        <ele>13.5</ele>
      </trkpt>
      <trkpt lat="45.659987" lon="12.20022">
        <ele>14.0</ele>
      </trkpt>
      <trkpt lat="45.660103" lon="12.200593">
        <ele>14.0</ele>
      </trkpt>
      <trkpt lat="45.660665" lon="12.202448">
        <ele>14.0</ele>
      </trkpt>
      <trkpt lat="45.660697" lon="12.202576">
        <ele>14.25</ele>
      </trkpt>
      <trkpt lat="45.660725" lon="12.202665">
        <ele>14.25</ele>
      </trkpt>
      <trkpt lat="45.660757" lon="12.202773">
        <ele>14.5</ele>
      </trkpt>
      <trkpt lat="45.661691" lon="12.205841">
        <ele>13.0</ele>
      </trkpt>
      <trkpt lat="45.662227" lon="12.207589">
        <ele>13.75</ele>
      </trkpt>
      <trkpt lat="45.66232" lon="12.207912">
        <ele>13.25</ele>
      </trkpt>
      <trkpt lat="45.662398" lon="12.208167">
        <ele>13.0</ele>
      </trkpt>
      <trkpt lat="45.662484" lon="12.208434">
        <ele>13.0</ele>
      </trkpt>
      <trkpt lat="45.662673" lon="12.209067">
        <ele>14.25</ele>
      </trkpt>
      <trkpt lat="45.662697" lon="12.209153">
        <ele>14.25</ele>
      </trkpt>
      <trkpt lat="45.662722" lon="12.209225">
        <ele>14.5</ele>
      </trkpt>
      <trkpt lat="45.662857" lon="12.209708">
        <ele>15.0</ele>
      </trkpt>
      <trkpt lat="45.66304" lon="12.210289">
        <ele>14.75</ele>
      </trkpt>
      <trkpt lat="45.663436" lon="12.21167">
        <ele>12.0</ele>
      </trkpt>
      <trkpt lat="45.663636" lon="12.212468">
        <ele>12.75</ele>
      </trkpt>
      <trkpt lat="45.66371" lon="12.212814">
        <ele>13.25</ele>
      </trkpt>
      <trkpt lat="45.663785" lon="12.213201">
        <ele>13.75</ele>
      </trkpt>
      <trkpt lat="45.663874" lon="12.213766">
        <ele>14.25</ele>
      </trkpt>
      <trkpt lat="45.663966" lon="12.214514">
        <ele>14.0</ele>
      </trkpt>
      <trkpt lat="45.664008" lon="12.214955">
        <ele>13.5</ele>
      </trkpt>
      <trkpt lat="45.664013" lon="12.214991">
        <ele>13.5</ele>
      </trkpt>
      <trkpt lat="45.664022" lon="12.215052">
        <ele>13.5</ele>
      </trkpt>
      <trkpt lat="45.664036" lon="12.215291">
        <ele>13.25</ele>
      </trkpt>
      <trkpt lat="45.664062" lon="12.215703">
        <ele>13.0</ele>
      </trkpt>
      <trkpt lat="45.664052" lon="12.215813">
        <ele>12.75</ele>
      </trkpt>
      <trkpt lat="45.663972" lon="12.216261">
        <ele>12.75</ele>
      </trkpt>
      <trkpt lat="45.663962" lon="12.216368">
        <ele>12.75</ele>
      </trkpt>
      <trkpt lat="45.663948" lon="12.217016">
        <ele>12.5</ele>
      </trkpt>
      <trkpt lat="45.663908" lon="12.217851">
        <ele>12.25</ele>
      </trkpt>
      <trkpt lat="45.663897" lon="12.218021">
        <ele>12.5</ele>
      </trkpt>
      <trkpt lat="45.663857" lon="12.2184">
        <ele>12.75</ele>
      </trkpt>
      <trkpt lat="45.663802" lon="12.218912">
        <ele>13.25</ele>
      </trkpt>
      <trkpt lat="45.663759" lon="12.219182">
        <ele>13.25</ele>
      </trkpt>
      <trkpt lat="45.663671" lon="12.219937">
        <ele>11.75</ele>
      </trkpt>
      <trkpt lat="45.663627" lon="12.220075">
        <ele>11.5</ele>
      </trkpt>
      <trkpt lat="45.663609" lon="12.220111">
        <ele>11.5</ele>
      </trkpt>
      <trkpt lat="45.663567" lon="12.220146">
        <ele>11.5</ele>
      </trkpt>
      <trkpt lat="45.66357" lon="12.220217">
        <ele>11.5</ele>
      </trkpt>
      <trkpt lat="45.663396" lon="12.222528">
        <ele>16.0</ele>
      </trkpt>
      <trkpt lat="45.663219" lon="12.224114">
        <ele>14.25</ele>
      </trkpt>
      <trkpt lat="45.663209" lon="12.224129">
        <ele>14.25</ele>
      </trkpt>
      <trkpt lat="45.663159" lon="12.224153">
        <ele>14.25</ele>
      </trkpt>
      <trkpt lat="45.663153" lon="12.224222">
        <ele>14.25</ele>
      </trkpt>
      <trkpt lat="45.663136" lon="12.224378">
        <ele>14.25</ele>
      </trkpt>
      <trkpt lat="45.663113" lon="12.22455">
        <ele>14.0</ele>
      </trkpt>
      <trkpt lat="45.663112" lon="12.224609">
        <ele>14.0</ele>
      </trkpt>
      <trkpt lat="45.663134" lon="12.224689">
        <ele>14.0</ele>
      </trkpt>
      <trkpt lat="45.663148" lon="12.224702">
        <ele>14.0</ele>
      </trkpt>
      <trkpt lat="45.663176" lon="12.224711">
        <ele>14.0</ele>
      </trkpt>
      <trkpt lat="45.663588" lon="12.224792">
        <ele>14.0</ele>
      </trkpt>
      <trkpt lat="45.663709" lon="12.224813">
        <ele>14.25</ele>
      </trkpt>
      <trkpt lat="45.663734" lon="12.224827">
        <ele>14.25</ele>
      </trkpt>
      <trkpt lat="45.663784" lon="12.224883">
        <ele>14.25</ele>
      </trkpt>
      <trkpt lat="45.663809" lon="12.224908">
        <ele>14.5</ele>
      </trkpt>
      <trkpt lat="45.663855" lon="12.224958">
        <ele>14.5</ele>
      </trkpt>
      <trkpt lat="45.663966" lon="12.225065">
        <ele>14.5</ele>
      </trkpt>
      <trkpt lat="45.663988" lon="12.225085">
        <ele>14.5</ele>
      </trkpt>
      <trkpt lat="45.664016" lon="12.225031">
        <ele>14.5</ele>
      </trkpt>
      <trkpt lat="45.664139" lon="12.225155">
        <ele>14.25</ele>
      </trkpt>
      <trkpt lat="45.664483" lon="12.225528">
        <ele>14.25</ele>
      </trkpt>
      <trkpt lat="45.664506" lon="12.225593">
        <ele>14.25</ele>
      </trkpt>
      <trkpt lat="45.664539" lon="12.225632">
        <ele>14.25</ele>
      </trkpt>
      <trkpt lat="45.664626" lon="12.225736">
        <ele>14.25</ele>
      </trkpt>
      <trkpt lat="45.664642" lon="12.225768">
        <ele>14.25</ele>
      </trkpt>
      <trkpt lat="45.664657" lon="12.225801">
        <ele>14.25</ele>
      </trkpt>
      <trkpt lat="45.665342" lon="12.226455">
        <ele>15.0</ele>
      </trkpt>
      <trkpt lat="45.665365" lon="12.226474">
        <ele>15.0</ele>
      </trkpt>
      <trkpt lat="45.665388" lon="12.226494">
        <ele>15.0</ele>
      </trkpt>
      <trkpt lat="45.665883" lon="12.226938">
        <ele>16.5</ele>
      </trkpt>
      <trkpt lat="45.666071" lon="12.227124">
        <ele>16.75</ele>
      </trkpt>
      <trkpt lat="45.666113" lon="12.227187">
        <ele>17.0</ele>
      </trkpt>
      <trkpt lat="45.666142" lon="12.227261">
        <ele>17.0</ele>
      </trkpt>
      <trkpt lat="45.666168" lon="12.227407">
        <ele>17.25</ele>
      </trkpt>
      <trkpt lat="45.666184" lon="12.227403">
        <ele>17.25</ele>
      </trkpt>
      <trkpt lat="45.666219" lon="12.227397">
        <ele>17.25</ele>
      </trkpt>
      <trkpt lat="45.666237" lon="12.227393">
        <ele>17.25</ele>
      </trkpt>
      <trkpt lat="45.66625" lon="12.227391">
        <ele>17.25</ele>
      </trkpt>
      <trkpt lat="45.666263" lon="12.227388">
        <ele>17.25</ele>
      </trkpt>
      <trkpt lat="45.666325" lon="12.227377">
        <ele>17.0</ele>
      </trkpt>
      <trkpt lat="45.666339" lon="12.227382">
        <ele>17.0</ele>
      </trkpt>
      <trkpt lat="45.666344" lon="12.227505">
        <ele>17.25</ele>
      </trkpt>
      <trkpt lat="45.666344" lon="12.227559">
        <ele>17.25</ele>
      </trkpt>
      <trkpt lat="45.666345" lon="12.2276">
        <ele>17.5</ele>
      </trkpt>
      <trkpt lat="45.666376" lon="12.227919">
        <ele>18.0</ele>
      </trkpt>
      <trkpt lat="45.666352" lon="12.227946">
        <ele>18.0</ele>
      </trkpt>
      <trkpt lat="45.666344" lon="12.227977">
        <ele>18.0</ele>
      </trkpt>
      <trkpt lat="45.66639" lon="12.228408">
        <ele>18.5</ele>
      </trkpt>
      <trkpt lat="45.666438" lon="12.228894">
        <ele>17.75</ele>
      </trkpt>
      <trkpt lat="45.666536" lon="12.229867">
        <ele>16.75</ele>
      </trkpt>
      <trkpt lat="45.666544" lon="12.229943">
        <ele>16.75</ele>
      </trkpt>
      <trkpt lat="45.666549" lon="12.22999">
        <ele>16.75</ele>
      </trkpt>
      <trkpt lat="45.666568" lon="12.230183">
        <ele>17.25</ele>
      </trkpt>
      <trkpt lat="45.666571" lon="12.230219">
        <ele>17.25</ele>
      </trkpt>
      <trkpt lat="45.66658" lon="12.230301">
        <ele>17.5</ele>
      </trkpt>
      <trkpt lat="45.666594" lon="12.230441">
        <ele>18.0</ele>
      </trkpt>
      <trkpt lat="45.666597" lon="12.230469">
        <ele>18.0</ele>
      </trkpt>
      <trkpt lat="45.666725" lon="12.231767">
        <ele>17.5</ele>
      </trkpt>
      <trkpt lat="45.666729" lon="12.23181">
        <ele>17.5</ele>
      </trkpt>
      <trkpt lat="45.666735" lon="12.231877">
        <ele>17.5</ele>
      </trkpt>
      <trkpt lat="45.666741" lon="12.231938">
        <ele>17.5</ele>
      </trkpt>
      <trkpt lat="45.666944" lon="12.233921">
        <ele>15.5</ele>
      </trkpt>
      <trkpt lat="45.666954" lon="12.233994">
        <ele>15.5</ele>
      </trkpt>
      <trkpt lat="45.666977" lon="12.234095">
        <ele>15.25</ele>
      </trkpt>
      <trkpt lat="45.666992" lon="12.234134">
        <ele>15.25</ele>
      </trkpt>
      <trkpt lat="45.667032" lon="12.234182">
        <ele>15.25</ele>
      </trkpt>
      <trkpt lat="45.667044" lon="12.234209">
        <ele>15.5</ele>
      </trkpt>
      <trkpt lat="45.667024" lon="12.234232">
        <ele>15.5</ele>
      </trkpt>
      <trkpt lat="45.667001" lon="12.234266">
        <ele>15.5</ele>
      </trkpt>
      <trkpt lat="45.666983" lon="12.234293">
        <ele>15.5</ele>
      </trkpt>
      <trkpt lat="45.666959" lon="12.234353">
        <ele>15.75</ele>
      </trkpt>
      <trkpt lat="45.666964" lon="12.234406">
        <ele>15.75</ele>
      </trkpt>
      <trkpt lat="45.66697" lon="12.234453">
        <ele>16.0</ele>
      </trkpt>
      <trkpt lat="45.666976" lon="12.234499">
        <ele>16.0</ele>
      </trkpt>
      <trkpt lat="45.666979" lon="12.23452">
        <ele>16.0</ele>
      </trkpt>
      <trkpt lat="45.667012" lon="12.234843">
        <ele>16.75</ele>
      </trkpt>
      <trkpt lat="45.667031" lon="12.235048">
        <ele>17.25</ele>
      </trkpt>
      <trkpt lat="45.667055" lon="12.235316">
        <ele>18.0</ele>
      </trkpt>
      <trkpt lat="45.667131" lon="12.235305">
        <ele>17.75</ele>
      </trkpt>
      <trkpt lat="45.667554" lon="12.235184">
        <ele>16.5</ele>
      </trkpt>
      <trkpt lat="45.667751" lon="12.23506">
        <ele>17.0</ele>
      </trkpt>
      <trkpt lat="45.667842" lon="12.23492">
        <ele>17.5</ele>
      </trkpt>
      <trkpt lat="45.668383" lon="12.234822">
        <ele>19.25</ele>
      </trkpt>
      <trkpt lat="45.668519" lon="12.23482">
        <ele>19.5</ele>
      </trkpt>
      <trkpt lat="45.668574" lon="12.234839">
        <ele>19.5</ele>
      </trkpt>
      <trkpt lat="45.668633" lon="12.23488">
        <ele>19.75</ele>
      </trkpt>
      <trkpt lat="45.6687" lon="12.234963">
        <ele>20.25</ele>
      </trkpt>
      <trkpt lat="45.668727" lon="12.235088">
        <ele>20.0</ele>
      </trkpt>
      <trkpt lat="45.668782" lon="12.235561">
        <ele>17.75</ele>
      </trkpt>
      <trkpt lat="45.668962" lon="12.237734">
        <ele>20.5</ele>
      </trkpt>
      <trkpt lat="45.669021" lon="12.238511">
        <ele>21.25</ele>
      </trkpt>
      <trkpt lat="45.669036" lon="12.238716">
        <ele>20.75</ele>
      </trkpt>
      <trkpt lat="45.669099" lon="12.239631">
        <ele>19.75</ele>
      </trkpt>
      <trkpt lat="45.669228" lon="12.241268">
        <ele>19.25</ele>
      </trkpt>
      <trkpt lat="45.669249" lon="12.241744">
        <ele>17.75</ele>
      </trkpt>
      <trkpt lat="45.669259" lon="12.241962">
        <ele>17.25</ele>
      </trkpt>
      <trkpt lat="45.669283" lon="12.242374">
        <ele>16.25</ele>
      </trkpt>
      <trkpt lat="45.669386" lon="12.243901">
        <ele>15.0</ele>
      </trkpt>
      <trkpt lat="45.669413" lon="12.244473">
        <ele>15.0</ele>
      </trkpt>
      <trkpt lat="45.669449" lon="12.245244">
        <ele>15.25</ele>
      </trkpt>
      <trkpt lat="45.669456" lon="12.245412">
        <ele>15.25</ele>
      </trkpt>
      <trkpt lat="45.669483" lon="12.245859">
        <ele>15.25</ele>
      </trkpt>
      <trkpt lat="45.669507" lon="12.246284">
        <ele>15.25</ele>
      </trkpt>
      <trkpt lat="45.669523" lon="12.246667">
        <ele>15.25</ele>
      </trkpt>
      <trkpt lat="45.669561" lon="12.247585">
        <ele>15.25</ele>
      </trkpt>
      <trkpt lat="45.669564" lon="12.24774">
        <ele>15.0</ele>
      </trkpt>
      <trkpt lat="45.66957" lon="12.248108">
        <ele>14.5</ele>
      </trkpt>
      <trkpt lat="45.669536" lon="12.248766">
        <ele>14.25</ele>
      </trkpt>
      <trkpt lat="45.669604" lon="12.248753">
        <ele>14.5</ele>
      </trkpt>
      <trkpt lat="45.669844" lon="12.248702">
        <ele>15.75</ele>
      </trkpt>
      <trkpt lat="45.669904" lon="12.248671">
        <ele>16.0</ele>
      </trkpt>
      <trkpt lat="45.669939" lon="12.248636">
        <ele>16.25</ele>
      </trkpt>
      <trkpt lat="45.669948" lon="12.24866">
        <ele>16.25</ele>
      </trkpt>
      <trkpt lat="45.669957" lon="12.248685">
        <ele>16.25</ele>
      </trkpt>
      <trkpt lat="45.669967" lon="12.24871">
        <ele>16.25</ele>
      </trkpt>
      <trkpt lat="45.669988" lon="12.248761">
        <ele>16.25</ele>
      </trkpt>
      <trkpt lat="45.669996" lon="12.248832">
        <ele>16.25</ele>
      </trkpt>
      <trkpt lat="45.669992" lon="12.248846">
        <ele>16.25</ele>
      </trkpt>
      <trkpt lat="45.669978" lon="12.248869">
        <ele>16.25</ele>
      </trkpt>
      <trkpt lat="45.669963" lon="12.248893">
        <ele>16.0</ele>
      </trkpt>
      <trkpt lat="45.669959" lon="12.2489">
        <ele>16.0</ele>
      </trkpt>
      <trkpt lat="45.669895" lon="12.249051">
        <ele>15.5</ele>
      </trkpt>
      <trkpt lat="45.669886" lon="12.249106">
        <ele>15.5</ele>
      </trkpt>
      <trkpt lat="45.669904" lon="12.250171">
        <ele>14.5</ele>
      </trkpt>
      <trkpt lat="45.669914" lon="12.250526">
        <ele>14.25</ele>
      </trkpt>
      <trkpt lat="45.669926" lon="12.250689">
        <ele>14.0</ele>
      </trkpt>
      <trkpt lat="45.670006" lon="12.250756">
        <ele>14.0</ele>
      </trkpt>
      <trkpt lat="45.670041" lon="12.250754">
        <ele>14.0</ele>
      </trkpt>
      <trkpt lat="45.670075" lon="12.25075">
        <ele>14.25</ele>
      </trkpt>
      <trkpt lat="45.670152" lon="12.250745">
        <ele>14.25</ele>
      </trkpt>
      <trkpt lat="45.670186" lon="12.250758">
        <ele>14.5</ele>
      </trkpt>
      <trkpt lat="45.670214" lon="12.250819">
        <ele>14.5</ele>
      </trkpt>
      <trkpt lat="45.670229" lon="12.250838">
        <ele>14.5</ele>
      </trkpt>
      <trkpt lat="45.670243" lon="12.250858">
        <ele>14.5</ele>
      </trkpt>
      <trkpt lat="45.670259" lon="12.25088">
        <ele>14.5</ele>
      </trkpt>
      <trkpt lat="45.67027" lon="12.250896">
        <ele>14.5</ele>
      </trkpt>
      <trkpt lat="45.670283" lon="12.250915">
        <ele>14.5</ele>
      </trkpt>
      <trkpt lat="45.670299" lon="12.250941">
        <ele>14.5</ele>
      </trkpt>
      <trkpt lat="45.670324" lon="12.250983">
        <ele>14.5</ele>
      </trkpt>
      <trkpt lat="45.670331" lon="12.250972">
        <ele>14.5</ele>
      </trkpt>
      <trkpt lat="45.670355" lon="12.250937">
        <ele>14.75</ele>
      </trkpt>
      <trkpt lat="45.670381" lon="12.2509">
        <ele>14.75</ele>
      </trkpt>
      <trkpt lat="45.670422" lon="12.250841">
        <ele>15.0</ele>
      </trkpt>
      <trkpt lat="45.670491" lon="12.250749">
        <ele>15.0</ele>
      </trkpt>
      <trkpt lat="45.670548" lon="12.250726">
        <ele>15.25</ele>
      </trkpt>
      <trkpt lat="45.671558" lon="12.250691">
        <ele>16.75</ele>
      </trkpt>
      <trkpt lat="45.671731" lon="12.250683">
        <ele>16.75</ele>
      </trkpt>
      <trkpt lat="45.67191" lon="12.250675">
        <ele>16.0</ele>
      </trkpt>
      <trkpt lat="45.671941" lon="12.250674">
        <ele>16.0</ele>
      </trkpt>
      <trkpt lat="45.67197" lon="12.250672">
        <ele>15.75</ele>
      </trkpt>
      <trkpt lat="45.671989" lon="12.250672">
        <ele>15.75</ele>
      </trkpt>
      <trkpt lat="45.672488" lon="12.250653">
        <ele>14.25</ele>
      </trkpt>
      <trkpt lat="45.672621" lon="12.250647">
        <ele>14.25</ele>
      </trkpt>
      <trkpt lat="45.673193" lon="12.250626">
        <ele>14.75</ele>
      </trkpt>
      <trkpt lat="45.673897" lon="12.250592">
        <ele>13.75</ele>
      </trkpt>
      <trkpt lat="45.674172" lon="12.250582">
        <ele>13.25</ele>
      </trkpt>
      <trkpt lat="45.674201" lon="12.250581">
        <ele>13.25</ele>
      </trkpt>
      <trkpt lat="45.674237" lon="12.25058">
        <ele>13.25</ele>
      </trkpt>
      <trkpt lat="45.674654" lon="12.250566">
        <ele>13.75</ele>
      </trkpt>
      <trkpt lat="45.675311" lon="12.250538">
        <ele>14.75</ele>
      </trkpt>
      <trkpt lat="45.675337" lon="12.250537">
        <ele>15.0</ele>
      </trkpt>
      <trkpt lat="45.675381" lon="12.250536">
        <ele>15.0</ele>
      </trkpt>
      <trkpt lat="45.675805" lon="12.250521">
        <ele>15.75</ele>
      </trkpt>
      <trkpt lat="45.675886" lon="12.250523">
        <ele>15.75</ele>
      </trkpt>
      <trkpt lat="45.675999" lon="12.250553">
        <ele>15.5</ele>
      </trkpt>
      <trkpt lat="45.676791" lon="12.250861">
        <ele>14.5</ele>
      </trkpt>
      <trkpt lat="45.676863" lon="12.250948">
        <ele>15.0</ele>
      </trkpt>
      <trkpt lat="45.676908" lon="12.25098">
        <ele>15.25</ele>
      </trkpt>
      <trkpt lat="45.676935" lon="12.250999">
        <ele>15.5</ele>
      </trkpt>
      <trkpt lat="45.676967" lon="12.251022">
        <ele>15.75</ele>
      </trkpt>
      <trkpt lat="45.676998" lon="12.251017">
        <ele>15.75</ele>
      </trkpt>
      <trkpt lat="45.677088" lon="12.250976">
        <ele>16.5</ele>
      </trkpt>
      <trkpt lat="45.67711" lon="12.250978">
        <ele>16.5</ele>
      </trkpt>
      <trkpt lat="45.678165" lon="12.251377">
        <ele>19.75</ele>
      </trkpt>
      <trkpt lat="45.678242" lon="12.251416">
        <ele>19.75</ele>
      </trkpt>
      <trkpt lat="45.678315" lon="12.251435">
        <ele>19.75</ele>
      </trkpt>
      <trkpt lat="45.679051" lon="12.251713">
        <ele>18.0</ele>
      </trkpt>
      <trkpt lat="45.679061" lon="12.251719">
        <ele>18.0</ele>
      </trkpt>
      <trkpt lat="45.679092" lon="12.25175">
        <ele>18.0</ele>
      </trkpt>
      <trkpt lat="45.679143" lon="12.251771">
        <ele>17.75</ele>
      </trkpt>
      <trkpt lat="45.679185" lon="12.251786">
        <ele>17.75</ele>
      </trkpt>
      <trkpt lat="45.679241" lon="12.251786">
        <ele>18.0</ele>
      </trkpt>
      <trkpt lat="45.680011" lon="12.252083">
        <ele>20.25</ele>
      </trkpt>
      <trkpt lat="45.680046" lon="12.252099">
        <ele>20.25</ele>
      </trkpt>
      <trkpt lat="45.68011" lon="12.252115">
        <ele>19.75</ele>
      </trkpt>
      <trkpt lat="45.680606" lon="12.25231">
        <ele>17.5</ele>
      </trkpt>
      <trkpt lat="45.680609" lon="12.252311">
        <ele>17.5</ele>
      </trkpt>
      <trkpt lat="45.68153" lon="12.252657">
        <ele>17.0</ele>
      </trkpt>
      <trkpt lat="45.681547" lon="12.252663">
        <ele>17.0</ele>
      </trkpt>
      <trkpt lat="45.681598" lon="12.252682">
        <ele>17.0</ele>
      </trkpt>
      <trkpt lat="45.681657" lon="12.252703">
        <ele>17.0</ele>
      </trkpt>
      <trkpt lat="45.681674" lon="12.252709">
        <ele>16.75</ele>
      </trkpt>
      <trkpt lat="45.682078" lon="12.252866">
        <ele>16.25</ele>
      </trkpt>
      <trkpt lat="45.682339" lon="12.253012">
        <ele>16.5</ele>
      </trkpt>
      <trkpt lat="45.682384" lon="12.253027">
        <ele>16.5</ele>
      </trkpt>
      <trkpt lat="45.682469" lon="12.253054">
        <ele>16.5</ele>
      </trkpt>
      <trkpt lat="45.682579" lon="12.253096">
        <ele>16.75</ele>
      </trkpt>
      <trkpt lat="45.682637" lon="12.253119">
        <ele>16.75</ele>
      </trkpt>
      <trkpt lat="45.682851" lon="12.253197">
        <ele>16.75</ele>
      </trkpt>
      <trkpt lat="45.682891" lon="12.253181">
        <ele>16.75</ele>
      </trkpt>
      <trkpt lat="45.682977" lon="12.253211">
        <ele>16.5</ele>
      </trkpt>
      <trkpt lat="45.682989" lon="12.253141">
        <ele>16.5</ele>
      </trkpt>
      <trkpt lat="45.683267" lon="12.253263">
        <ele>16.0</ele>
      </trkpt>
      <trkpt lat="45.683341" lon="12.253189">
        <ele>16.0</ele>
      </trkpt>
      <trkpt lat="45.684313" lon="12.252952">
        <ele>15.5</ele>
      </trkpt>
      <trkpt lat="45.684403" lon="12.252951">
        <ele>15.5</ele>
      </trkpt>
      <trkpt lat="45.684731" lon="12.252948">
        <ele>15.5</ele>
      </trkpt>
      <trkpt lat="45.684814" lon="12.252945">
        <ele>15.5</ele>
      </trkpt>
      <trkpt lat="45.684931" lon="12.252943">
        <ele>15.5</ele>
      </trkpt>
      <trkpt lat="45.685222" lon="12.252988">
        <ele>16.0</ele>
      </trkpt>
      <trkpt lat="45.685367" lon="12.253033">
        <ele>16.25</ele>
      </trkpt>
      <trkpt lat="45.685504" lon="12.253007">
        <ele>16.5</ele>
      </trkpt>
      <trkpt lat="45.685673" lon="12.252437">
        <ele>15.75</ele>
      </trkpt>
      <trkpt lat="45.687478" lon="12.253225">
        <ele>18.5</ele>
      </trkpt>
      <trkpt lat="45.687483" lon="12.2532">
        <ele>18.25</ele>
      </trkpt>
      <trkpt lat="45.687661" lon="12.253278">
        <ele>18.75</ele>
      </trkpt>
      <trkpt lat="45.687748" lon="12.253273">
        <ele>19.0</ele>
      </trkpt>
      <trkpt lat="45.689572" lon="12.253828">
        <ele>19.5</ele>
      </trkpt>
      <trkpt lat="45.690139" lon="12.253984">
        <ele>20.5</ele>
      </trkpt>
      <trkpt lat="45.690307" lon="12.253995">
        <ele>21.5</ele>
      </trkpt>
      <trkpt lat="45.690477" lon="12.253956">
        <ele>22.25</ele>
      </trkpt>
      <trkpt lat="45.6916" lon="12.253586">
        <ele>20.5</ele>
      </trkpt>
      <trkpt lat="45.691802" lon="12.253476">
        <ele>19.75</ele>
      </trkpt>
      <trkpt lat="45.692022" lon="12.253356">
        <ele>19.0</ele>
      </trkpt>
      <trkpt lat="45.692396" lon="12.253137">
        <ele>17.75</ele>
      </trkpt>
      <trkpt lat="45.692656" lon="12.252983">
        <ele>17.5</ele>
      </trkpt>
      <trkpt lat="45.692957" lon="12.252826">
        <ele>18.0</ele>
      </trkpt>
      <trkpt lat="45.693086" lon="12.252747">
        <ele>18.25</ele>
      </trkpt>
      <trkpt lat="45.693404" lon="12.252573">
        <ele>18.75</ele>
      </trkpt>
      <trkpt lat="45.69347" lon="12.252528">
        <ele>18.5</ele>
      </trkpt>
      <trkpt lat="45.693491" lon="12.25248">
        <ele>18.5</ele>
      </trkpt>
      <trkpt lat="45.693506" lon="12.25242">
        <ele>18.25</ele>
      </trkpt>
      <trkpt lat="45.693502" lon="12.252361">
        <ele>18.25</ele>
      </trkpt>
      <trkpt lat="45.693489" lon="12.252316">
        <ele>18.0</ele>
      </trkpt>
      <trkpt lat="45.693457" lon="12.252269">
        <ele>18.0</ele>
      </trkpt>
      <trkpt lat="45.693468" lon="12.252242">
        <ele>18.0</ele>
      </trkpt>
      <trkpt lat="45.693489" lon="12.252191">
        <ele>17.75</ele>
      </trkpt>
      <trkpt lat="45.693502" lon="12.252157">
        <ele>17.75</ele>
      </trkpt>
      <trkpt lat="45.693508" lon="12.252141">
        <ele>17.75</ele>
      </trkpt>
      <trkpt lat="45.693518" lon="12.252119">
        <ele>17.5</ele>
      </trkpt>
      <trkpt lat="45.693532" lon="12.252085">
        <ele>17.5</ele>
      </trkpt>
      <trkpt lat="45.69354" lon="12.252064">
        <ele>17.5</ele>
      </trkpt>
      <trkpt lat="45.693639" lon="12.252158">
        <ele>17.5</ele>
      </trkpt>
      <trkpt lat="45.693679" lon="12.252173">
        <ele>17.5</ele>
      </trkpt>
      <trkpt lat="45.693793" lon="12.25218">
        <ele>17.25</ele>
      </trkpt>
      <trkpt lat="45.693847" lon="12.252195">
        <ele>17.25</ele>
      </trkpt>
      <trkpt lat="45.693894" lon="12.252224">
        <ele>17.0</ele>
      </trkpt>
      <trkpt lat="45.693927" lon="12.252234">
        <ele>17.0</ele>
      </trkpt>
      <trkpt lat="45.693962" lon="12.252231">
        <ele>17.0</ele>
      </trkpt>
      <trkpt lat="45.693965" lon="12.252238">
        <ele>17.0</ele>
      </trkpt>
      <trkpt lat="45.693978" lon="12.252277">
        <ele>17.0</ele>
      </trkpt>
      <trkpt lat="45.693992" lon="12.252327">
        <ele>17.0</ele>
      </trkpt>
      <trkpt lat="45.693994" lon="12.252335">
        <ele>17.0</ele>
      </trkpt>
      <trkpt lat="45.694164" lon="12.252229">
        <ele>16.5</ele>
      </trkpt>
      <trkpt lat="45.694656" lon="12.251964">
        <ele>17.25</ele>
      </trkpt>
      <trkpt lat="45.694717" lon="12.25195">
        <ele>17.25</ele>
      </trkpt>
      <trkpt lat="45.694786" lon="12.251959">
        <ele>17.5</ele>
      </trkpt>
      <trkpt lat="45.69483" lon="12.251939">
        <ele>17.5</ele>
      </trkpt>
      <trkpt lat="45.694815" lon="12.251889">
        <ele>17.5</ele>
      </trkpt>
      <trkpt lat="45.694805" lon="12.251803">
        <ele>17.5</ele>
      </trkpt>
      <trkpt lat="45.694863" lon="12.251647">
        <ele>17.5</ele>
      </trkpt>
      <trkpt lat="45.694895" lon="12.251554">
        <ele>17.5</ele>
      </trkpt>
      <trkpt lat="45.694908" lon="12.251443">
        <ele>17.5</ele>
      </trkpt>
      <trkpt lat="45.694907" lon="12.251333">
        <ele>17.5</ele>
      </trkpt>
      <trkpt lat="45.694863" lon="12.250943">
        <ele>17.0</ele>
      </trkpt>
      <trkpt lat="45.694805" lon="12.250601">
        <ele>17.75</ele>
      </trkpt>
      <trkpt lat="45.69476" lon="12.250256">
        <ele>18.75</ele>
      </trkpt>
      <trkpt lat="45.694764" lon="12.250093">
        <ele>19.0</ele>
      </trkpt>
      <trkpt lat="45.694773" lon="12.24996">
        <ele>19.25</ele>
      </trkpt>
      <trkpt lat="45.694812" lon="12.249794">
        <ele>19.25</ele>
      </trkpt>
      <trkpt lat="45.694905" lon="12.249583">
        <ele>19.25</ele>
      </trkpt>
      <trkpt lat="45.694984" lon="12.249471">
        <ele>19.25</ele>
      </trkpt>
      <trkpt lat="45.69508" lon="12.24937">
        <ele>19.0</ele>
      </trkpt>
      <trkpt lat="45.695196" lon="12.24929">
        <ele>18.75</ele>
      </trkpt>
      <trkpt lat="45.695347" lon="12.24924">
        <ele>18.5</ele>
      </trkpt>
      <trkpt lat="45.695579" lon="12.249246">
        <ele>18.25</ele>
      </trkpt>
      <trkpt lat="45.695745" lon="12.249273">
        <ele>18.0</ele>
      </trkpt>
      <trkpt lat="45.696171" lon="12.249367">
        <ele>18.5</ele>
      </trkpt>
      <trkpt lat="45.696455" lon="12.249412">
        <ele>18.75</ele>
      </trkpt>
      <trkpt lat="45.697231" lon="12.249545">
        <ele>18.75</ele>
      </trkpt>
      <trkpt lat="45.697149" lon="12.250575">
        <ele>20.25</ele>
      </trkpt>
      <trkpt lat="45.696954" lon="12.250821">
        <ele>19.5</ele>
      </trkpt>
      <trkpt lat="45.697106" lon="12.25095">
        <ele>20.75</ele>
      </trkpt>
      <trkpt lat="45.697196" lon="12.250816">
        <ele>21.0</ele>
      </trkpt>
      <trkpt lat="45.697327" lon="12.25067">
        <ele>21.5</ele>
      </trkpt>
      <trkpt lat="45.697399" lon="12.250609">
        <ele>21.5</ele>
      </trkpt>
      <trkpt lat="45.697468" lon="12.250583">
        <ele>21.75</ele>
      </trkpt>
      <trkpt lat="45.697535" lon="12.250578">
        <ele>21.75</ele>
      </trkpt>
      <trkpt lat="45.697827" lon="12.250674">
        <ele>21.0</ele>
      </trkpt>
      <trkpt lat="45.698139" lon="12.250792">
        <ele>19.75</ele>
      </trkpt>
      <trkpt lat="45.698264" lon="12.250857">
        <ele>19.25</ele>
      </trkpt>
      <trkpt lat="45.698498" lon="12.251029">
        <ele>19.0</ele>
      </trkpt>
      <trkpt lat="45.698654" lon="12.251104">
        <ele>19.0</ele>
      </trkpt>
      <trkpt lat="45.699286" lon="12.251333">
        <ele>18.5</ele>
      </trkpt>
      <trkpt lat="45.699464" lon="12.251407">
        <ele>17.5</ele>
      </trkpt>
      <trkpt lat="45.699794" lon="12.251521">
        <ele>16.0</ele>
      </trkpt>
      <trkpt lat="45.700214" lon="12.25169">
        <ele>15.25</ele>
      </trkpt>
      <trkpt lat="45.700837" lon="12.25191">
        <ele>16.0</ele>
      </trkpt>
      <trkpt lat="45.701111" lon="12.25198">
        <ele>16.75</ele>
      </trkpt>
      <trkpt lat="45.701703" lon="12.252089">
        <ele>19.0</ele>
      </trkpt>
      <trkpt lat="45.701852" lon="12.252129">
        <ele>19.0</ele>
      </trkpt>
      <trkpt lat="45.701844" lon="12.25221">
        <ele>19.0</ele>
      </trkpt>
      <trkpt lat="45.701843" lon="12.252257">
        <ele>19.0</ele>
      </trkpt>
      <trkpt lat="45.701886" lon="12.252263">
        <ele>19.0</ele>
      </trkpt>
      <trkpt lat="45.701892" lon="12.252236">
        <ele>19.0</ele>
      </trkpt>
      <trkpt lat="45.70192" lon="12.252105">
        <ele>19.0</ele>
      </trkpt>
      <trkpt lat="45.70196" lon="12.252115">
        <ele>19.0</ele>
      </trkpt>
      <trkpt lat="45.701988" lon="12.252122">
        <ele>19.0</ele>
      </trkpt>
      <trkpt lat="45.703443" lon="12.252372">
        <ele>18.25</ele>
      </trkpt>
      <trkpt lat="45.703794" lon="12.252473">
        <ele>19.5</ele>
      </trkpt>
      <trkpt lat="45.703889" lon="12.252508">
        <ele>19.75</ele>
      </trkpt>
      <trkpt lat="45.704199" lon="12.25253">
        <ele>20.75</ele>
      </trkpt>
      <trkpt lat="45.70429" lon="12.252558">
        <ele>20.75</ele>
      </trkpt>
      <trkpt lat="45.704383" lon="12.252641">
        <ele>20.75</ele>
      </trkpt>
      <trkpt lat="45.704482" lon="12.252799">
        <ele>20.75</ele>
      </trkpt>
      <trkpt lat="45.704559" lon="12.252898">
        <ele>20.75</ele>
      </trkpt>
      <trkpt lat="45.704671" lon="12.25296">
        <ele>21.0</ele>
      </trkpt>
      <trkpt lat="45.704799" lon="12.252975">
        <ele>21.25</ele>
      </trkpt>
      <trkpt lat="45.704897" lon="12.252951">
        <ele>21.25</ele>
      </trkpt>
      <trkpt lat="45.705416" lon="12.252978">
        <ele>21.75</ele>
      </trkpt>
      <trkpt lat="45.705582" lon="12.253035">
        <ele>22.0</ele>
      </trkpt>
      <trkpt lat="45.706137" lon="12.253256">
        <ele>22.75</ele>
      </trkpt>
      <trkpt lat="45.706409" lon="12.253603">
        <ele>22.75</ele>
      </trkpt>
      <trkpt lat="45.706494" lon="12.253659">
        <ele>22.75</ele>
      </trkpt>
      <trkpt lat="45.706765" lon="12.253756">
        <ele>23.0</ele>
      </trkpt>
      <trkpt lat="45.706903" lon="12.253819">
        <ele>23.0</ele>
      </trkpt>
      <trkpt lat="45.707019" lon="12.253886">
        <ele>23.0</ele>
      </trkpt>
      <trkpt lat="45.707152" lon="12.253926">
        <ele>23.0</ele>
      </trkpt>
      <trkpt lat="45.707236" lon="12.253884">
        <ele>23.25</ele>
      </trkpt>
      <trkpt lat="45.707372" lon="12.253931">
        <ele>23.25</ele>
      </trkpt>
      <trkpt lat="45.707446" lon="12.253916">
        <ele>23.5</ele>
      </trkpt>
      <trkpt lat="45.708362" lon="12.25353">
        <ele>22.75</ele>
      </trkpt>
      <trkpt lat="45.70849" lon="12.253509">
        <ele>22.75</ele>
      </trkpt>
      <trkpt lat="45.708636" lon="12.253513">
        <ele>22.5</ele>
      </trkpt>
      <trkpt lat="45.708794" lon="12.253559">
        <ele>22.5</ele>
      </trkpt>
      <trkpt lat="45.70893" lon="12.253643">
        <ele>22.5</ele>
      </trkpt>
      <trkpt lat="45.709233" lon="12.253859">
        <ele>22.75</ele>
      </trkpt>
      <trkpt lat="45.709642" lon="12.254128">
        <ele>24.0</ele>
      </trkpt>
      <trkpt lat="45.710351" lon="12.254627">
        <ele>25.25</ele>
      </trkpt>
      <trkpt lat="45.710428" lon="12.254609">
        <ele>25.5</ele>
      </trkpt>
      <trkpt lat="45.710476" lon="12.254605">
        <ele>25.5</ele>
      </trkpt>
      <trkpt lat="45.711056" lon="12.255034">
        <ele>25.25</ele>
      </trkpt>
      <trkpt lat="45.711611" lon="12.255408">
        <ele>23.5</ele>
      </trkpt>
      <trkpt lat="45.711676" lon="12.255459">
        <ele>23.25</ele>
      </trkpt>
      <trkpt lat="45.712057" lon="12.255707">
        <ele>23.75</ele>
      </trkpt>
      <trkpt lat="45.712341" lon="12.255882">
        <ele>23.75</ele>
      </trkpt>
      <trkpt lat="45.71243" lon="12.255949">
        <ele>23.75</ele>
      </trkpt>
      <trkpt lat="45.712538" lon="12.256018">
        <ele>24.0</ele>
      </trkpt>
      <trkpt lat="45.712622" lon="12.256138">
        <ele>24.0</ele>
      </trkpt>
      <trkpt lat="45.712811" lon="12.256377">
        <ele>24.0</ele>
      </trkpt>
      <trkpt lat="45.713674" lon="12.257537">
        <ele>24.75</ele>
      </trkpt>
      <trkpt lat="45.714086" lon="12.25811">
        <ele>26.0</ele>
      </trkpt>
      <trkpt lat="45.714139" lon="12.258189">
        <ele>26.0</ele>
      </trkpt>
      <trkpt lat="45.714096" lon="12.258226">
        <ele>26.0</ele>
      </trkpt>
      <trkpt lat="45.714303" lon="12.258334">
        <ele>26.0</ele>
      </trkpt>
      <trkpt lat="45.714664" lon="12.258475">
        <ele>26.25</ele>
      </trkpt>
      <trkpt lat="45.715731" lon="12.258956">
        <ele>26.5</ele>
      </trkpt>
      <trkpt lat="45.715848" lon="12.258968">
        <ele>26.75</ele>
      </trkpt>
      <trkpt lat="45.716058" lon="12.258944">
        <ele>26.75</ele>
      </trkpt>
      <trkpt lat="45.71671" lon="12.258756">
        <ele>27.5</ele>
      </trkpt>
      <trkpt lat="45.716962" lon="12.2587">
        <ele>27.75</ele>
      </trkpt>
      <trkpt lat="45.718197" lon="12.258343">
        <ele>27.0</ele>
      </trkpt>
      <trkpt lat="45.718377" lon="12.2583">
        <ele>27.0</ele>
      </trkpt>
      <trkpt lat="45.71853" lon="12.258346">
        <ele>27.0</ele>
      </trkpt>
      <trkpt lat="45.718642" lon="12.258392">
        <ele>27.0</ele>
      </trkpt>
      <trkpt lat="45.718734" lon="12.258371">
        <ele>27.0</ele>
      </trkpt>
      <trkpt lat="45.718804" lon="12.258293">
        <ele>27.0</ele>
      </trkpt>
      <trkpt lat="45.718953" lon="12.258188">
        <ele>27.0</ele>
      </trkpt>
      <trkpt lat="45.71911" lon="12.258139">
        <ele>27.0</ele>
      </trkpt>
      <trkpt lat="45.719285" lon="12.258014">
        <ele>27.5</ele>
      </trkpt>
      <trkpt lat="45.719494" lon="12.257833">
        <ele>27.75</ele>
      </trkpt>
      <trkpt lat="45.720439" lon="12.25723">
        <ele>30.0</ele>
      </trkpt>
      <trkpt lat="45.720639" lon="12.257103">
        <ele>31.25</ele>
      </trkpt>
      <trkpt lat="45.720762" lon="12.257063">
        <ele>32.0</ele>
      </trkpt>
      <trkpt lat="45.722431" lon="12.256664">
        <ele>30.0</ele>
      </trkpt>
      <trkpt lat="45.722459" lon="12.256657">
        <ele>30.0</ele>
      </trkpt>
      <trkpt lat="45.722486" lon="12.25665">
        <ele>29.75</ele>
      </trkpt>
      <trkpt lat="45.722501" lon="12.256646">
        <ele>29.75</ele>
      </trkpt>
      <trkpt lat="45.72295" lon="12.256532">
        <ele>29.25</ele>
      </trkpt>
      <trkpt lat="45.723393" lon="12.256437">
        <ele>28.75</ele>
      </trkpt>
      <trkpt lat="45.723621" lon="12.256427">
        <ele>28.75</ele>
      </trkpt>
      <trkpt lat="45.724168" lon="12.256547">
        <ele>29.0</ele>
      </trkpt>
      <trkpt lat="45.724503" lon="12.256731">
        <ele>29.5</ele>
      </trkpt>
      <trkpt lat="45.724784" lon="12.256953">
        <ele>29.75</ele>
      </trkpt>
      <trkpt lat="45.724939" lon="12.257138">
        <ele>29.5</ele>
      </trkpt>
      <trkpt lat="45.725047" lon="12.257001">
        <ele>30.0</ele>
      </trkpt>
      <trkpt lat="45.725295" lon="12.257374">
        <ele>29.0</ele>
      </trkpt>
      <trkpt lat="45.72553" lon="12.257619">
        <ele>28.75</ele>
      </trkpt>
      <trkpt lat="45.725679" lon="12.257796">
        <ele>28.75</ele>
      </trkpt>
      <trkpt lat="45.725864" lon="12.257959">
        <ele>29.0</ele>
      </trkpt>
      <trkpt lat="45.726111" lon="12.258054">
        <ele>29.25</ele>
      </trkpt>
      <trkpt lat="45.726331" lon="12.258036">
        <ele>29.75</ele>
      </trkpt>
      <trkpt lat="45.726668" lon="12.257878">
        <ele>30.5</ele>
      </trkpt>
      <trkpt lat="45.726827" lon="12.257767">
        <ele>31.0</ele>
      </trkpt>
      <trkpt lat="45.72779" lon="12.257145">
        <ele>33.0</ele>
      </trkpt>
      <trkpt lat="45.728066" lon="12.256999">
        <ele>33.25</ele>
      </trkpt>
      <trkpt lat="45.728215" lon="12.256904">
        <ele>33.5</ele>
      </trkpt>
      <trkpt lat="45.728504" lon="12.256761">
        <ele>33.25</ele>
      </trkpt>
      <trkpt lat="45.728649" lon="12.25674">
        <ele>33.0</ele>
      </trkpt>
      <trkpt lat="45.728937" lon="12.256749">
        <ele>32.25</ele>
      </trkpt>
      <trkpt lat="45.7292" lon="12.256791">
        <ele>31.75</ele>
      </trkpt>
      <trkpt lat="45.729444" lon="12.256813">
        <ele>31.75</ele>
      </trkpt>
      <trkpt lat="45.729664" lon="12.256894">
        <ele>32.0</ele>
      </trkpt>
      <trkpt lat="45.729889" lon="12.257001">
        <ele>32.25</ele>
      </trkpt>
      <trkpt lat="45.730325" lon="12.257164">
        <ele>32.75</ele>
      </trkpt>
      <trkpt lat="45.730632" lon="12.25725">
        <ele>33.0</ele>
      </trkpt>
      <trkpt lat="45.730847" lon="12.257334">
        <ele>33.5</ele>
      </trkpt>
      <trkpt lat="45.731145" lon="12.257349">
        <ele>33.25</ele>
      </trkpt>
      <trkpt lat="45.731296" lon="12.257321">
        <ele>33.25</ele>
      </trkpt>
      <trkpt lat="45.731726" lon="12.257157">
        <ele>33.0</ele>
      </trkpt>
      <trkpt lat="45.731777" lon="12.257099">
        <ele>33.0</ele>
      </trkpt>
      <trkpt lat="45.731793" lon="12.257041">
        <ele>33.0</ele>
      </trkpt>
      <trkpt lat="45.731792" lon="12.256973">
        <ele>33.0</ele>
      </trkpt>
      <trkpt lat="45.73174" lon="12.2567">
        <ele>33.0</ele>
      </trkpt>
      <trkpt lat="45.731654" lon="12.256387">
        <ele>32.25</ele>
      </trkpt>
      <trkpt lat="45.731661" lon="12.256327">
        <ele>32.0</ele>
      </trkpt>
      <trkpt lat="45.73167" lon="12.256313">
        <ele>32.0</ele>
      </trkpt>
      <trkpt lat="45.731689" lon="12.256286">
        <ele>32.0</ele>
      </trkpt>
      <trkpt lat="45.731704" lon="12.256265">
        <ele>32.0</ele>
      </trkpt>
      <trkpt lat="45.731717" lon="12.256249">
        <ele>32.0</ele>
      </trkpt>
      <trkpt lat="45.731729" lon="12.256247">
        <ele>32.0</ele>
      </trkpt>
      <trkpt lat="45.731761" lon="12.256241">
        <ele>32.0</ele>
      </trkpt>
      <trkpt lat="45.731785" lon="12.256236">
        <ele>32.0</ele>
      </trkpt>
      <trkpt lat="45.731797" lon="12.256234">
        <ele>32.0</ele>
      </trkpt>
      <trkpt lat="45.731817" lon="12.256375">
        <ele>32.25</ele>
      </trkpt>
      <trkpt lat="45.731866" lon="12.256545">
        <ele>32.75</ele>
      </trkpt>
      <trkpt lat="45.731929" lon="12.256706">
        <ele>33.25</ele>
      </trkpt>
      <trkpt lat="45.732045" lon="12.256964">
        <ele>33.5</ele>
      </trkpt>
      <trkpt lat="45.73224" lon="12.257286">
        <ele>34.0</ele>
      </trkpt>
      <trkpt lat="45.73237" lon="12.257436">
        <ele>34.5</ele>
      </trkpt>
      <trkpt lat="45.732451" lon="12.257511">
        <ele>34.75</ele>
      </trkpt>
      <trkpt lat="45.732609" lon="12.257632">
        <ele>34.25</ele>
      </trkpt>
      <trkpt lat="45.732748" lon="12.257717">
        <ele>33.75</ele>
      </trkpt>
      <trkpt lat="45.732838" lon="12.257759">
        <ele>33.5</ele>
      </trkpt>
      <trkpt lat="45.73298" lon="12.257809">
        <ele>33.25</ele>
      </trkpt>
      <trkpt lat="45.733227" lon="12.257854">
        <ele>32.75</ele>
      </trkpt>
      <trkpt lat="45.733343" lon="12.257865">
        <ele>32.5</ele>
      </trkpt>
      <trkpt lat="45.735007" lon="12.257905">
        <ele>36.0</ele>
      </trkpt>
      <trkpt lat="45.735007" lon="12.257923">
        <ele>35.75</ele>
      </trkpt>
      <trkpt lat="45.735006" lon="12.257961">
        <ele>35.75</ele>
      </trkpt>
      <trkpt lat="45.735006" lon="12.257996">
        <ele>35.75</ele>
      </trkpt>
      <trkpt lat="45.735003" lon="12.258042">
        <ele>35.5</ele>
      </trkpt>
      <trkpt lat="45.734984" lon="12.258098">
        <ele>35.5</ele>
      </trkpt>
      <trkpt lat="45.734971" lon="12.258132">
        <ele>35.25</ele>
      </trkpt>
      <trkpt lat="45.734959" lon="12.258164">
        <ele>35.25</ele>
      </trkpt>
      <trkpt lat="45.73495" lon="12.258187">
        <ele>35.0</ele>
      </trkpt>
      <trkpt lat="45.734982" lon="12.258221">
        <ele>35.0</ele>
      </trkpt>
      <trkpt lat="45.735014" lon="12.25827">
        <ele>35.0</ele>
      </trkpt>
      <trkpt lat="45.735088" lon="12.258479">
        <ele>34.5</ele>
      </trkpt>
      <trkpt lat="45.735119" lon="12.258525">
        <ele>34.25</ele>
      </trkpt>
      <trkpt lat="45.73529" lon="12.258715">
        <ele>34.0</ele>
      </trkpt>
      <trkpt lat="45.735347" lon="12.258797">
        <ele>33.75</ele>
      </trkpt>
      <trkpt lat="45.735388" lon="12.25887">
        <ele>33.75</ele>
      </trkpt>
      <trkpt lat="45.735417" lon="12.258945">
        <ele>33.75</ele>
      </trkpt>
      <trkpt lat="45.735434" lon="12.259024">
        <ele>33.5</ele>
      </trkpt>
      <trkpt lat="45.735752" lon="12.261289">
        <ele>34.75</ele>
      </trkpt>
      <trkpt lat="45.735768" lon="12.261415">
        <ele>34.75</ele>
      </trkpt>
      <trkpt lat="45.735817" lon="12.261399">
        <ele>34.75</ele>
      </trkpt>
      <trkpt lat="45.735805" lon="12.261308">
        <ele>34.75</ele>
      </trkpt>
      <trkpt lat="45.735858" lon="12.261297">
        <ele>34.75</ele>
      </trkpt>
      <trkpt lat="45.735951" lon="12.261282">
        <ele>34.75</ele>
      </trkpt>
      <trkpt lat="45.736057" lon="12.261282">
        <ele>34.75</ele>
      </trkpt>
      <trkpt lat="45.736502" lon="12.261304">
        <ele>34.5</ele>
      </trkpt>
      <trkpt lat="45.736681" lon="12.261273">
        <ele>34.5</ele>
      </trkpt>
      <trkpt lat="45.736945" lon="12.261178">
        <ele>34.25</ele>
      </trkpt>
      <trkpt lat="45.737195" lon="12.261048">
        <ele>34.25</ele>
      </trkpt>
      <trkpt lat="45.737531" lon="12.260828">
        <ele>34.0</ele>
      </trkpt>
      <trkpt lat="45.737587" lon="12.260781">
        <ele>34.0</ele>
      </trkpt>
      <trkpt lat="45.737631" lon="12.260733">
        <ele>34.0</ele>
      </trkpt>
      <trkpt lat="45.737778" lon="12.260551">
        <ele>34.25</ele>
      </trkpt>
      <trkpt lat="45.737833" lon="12.260505">
        <ele>34.5</ele>
      </trkpt>
      <trkpt lat="45.737881" lon="12.260477">
        <ele>34.5</ele>
      </trkpt>
      <trkpt lat="45.737935" lon="12.260452">
        <ele>34.75</ele>
      </trkpt>
      <trkpt lat="45.737994" lon="12.260436">
        <ele>34.75</ele>
      </trkpt>
      <trkpt lat="45.738502" lon="12.260374">
        <ele>35.75</ele>
      </trkpt>
      <trkpt lat="45.738759" lon="12.260374">
        <ele>36.0</ele>
      </trkpt>
      <trkpt lat="45.739102" lon="12.260334">
        <ele>36.5</ele>
      </trkpt>
      <trkpt lat="45.739871" lon="12.26028">
        <ele>34.75</ele>
      </trkpt>
      <trkpt lat="45.739952" lon="12.26027">
        <ele>34.75</ele>
      </trkpt>
      <trkpt lat="45.74002" lon="12.260251">
        <ele>34.5</ele>
      </trkpt>
      <trkpt lat="45.740281" lon="12.260199">
        <ele>35.25</ele>
      </trkpt>
      <trkpt lat="45.740435" lon="12.260186">
        <ele>35.5</ele>
      </trkpt>
      <trkpt lat="45.740515" lon="12.260197">
        <ele>35.75</ele>
      </trkpt>
      <trkpt lat="45.740703" lon="12.26026">
        <ele>36.0</ele>
      </trkpt>
      <trkpt lat="45.740859" lon="12.260317">
        <ele>36.25</ele>
      </trkpt>
      <trkpt lat="45.740992" lon="12.260371">
        <ele>36.5</ele>
      </trkpt>
      <trkpt lat="45.741159" lon="12.260446">
        <ele>36.75</ele>
      </trkpt>
      <trkpt lat="45.741233" lon="12.26048">
        <ele>37.0</ele>
      </trkpt>
      <trkpt lat="45.741307" lon="12.260531">
        <ele>37.0</ele>
      </trkpt>
      <trkpt lat="45.7416" lon="12.260805">
        <ele>37.75</ele>
      </trkpt>
      <trkpt lat="45.741664" lon="12.260859">
        <ele>37.75</ele>
      </trkpt>
      <trkpt lat="45.742138" lon="12.261138">
        <ele>37.25</ele>
      </trkpt>
      <trkpt lat="45.742372" lon="12.261216">
        <ele>37.0</ele>
      </trkpt>
      <trkpt lat="45.742571" lon="12.26126">
        <ele>36.75</ele>
      </trkpt>
      <trkpt lat="45.74278" lon="12.261226">
        <ele>36.5</ele>
      </trkpt>
      <trkpt lat="45.743006" lon="12.261158">
        <ele>36.25</ele>
      </trkpt>
      <trkpt lat="45.743196" lon="12.261053">
        <ele>36.0</ele>
      </trkpt>
      <trkpt lat="45.74335" lon="12.260811">
        <ele>36.0</ele>
      </trkpt>
      <trkpt lat="45.743429" lon="12.260543">
        <ele>36.0</ele>
      </trkpt>
      <trkpt lat="45.743473" lon="12.260307">
        <ele>36.25</ele>
      </trkpt>
      <trkpt lat="45.7435" lon="12.260055">
        <ele>36.25</ele>
      </trkpt>
      <trkpt lat="45.743552" lon="12.259787">
        <ele>36.75</ele>
      </trkpt>
      <trkpt lat="45.743623" lon="12.259556">
        <ele>37.25</ele>
      </trkpt>
      <trkpt lat="45.744099" lon="12.258472">
        <ele>38.75</ele>
      </trkpt>
      <trkpt lat="45.744282" lon="12.258151">
        <ele>38.5</ele>
      </trkpt>
      <trkpt lat="45.744424" lon="12.258022">
        <ele>38.25</ele>
      </trkpt>
      <trkpt lat="45.744597" lon="12.257941">
        <ele>38.5</ele>
      </trkpt>
      <trkpt lat="45.744788" lon="12.257925">
        <ele>38.5</ele>
      </trkpt>
      <trkpt lat="45.745484" lon="12.258059">
        <ele>38.5</ele>
      </trkpt>
      <trkpt lat="45.745851" lon="12.258156">
        <ele>38.25</ele>
      </trkpt>
      <trkpt lat="45.746092" lon="12.25813">
        <ele>38.5</ele>
      </trkpt>
      <trkpt lat="45.746465" lon="12.258124">
        <ele>38.75</ele>
      </trkpt>
      <trkpt lat="45.746719" lon="12.258188">
        <ele>39.0</ele>
      </trkpt>
      <trkpt lat="45.747427" lon="12.258569">
        <ele>39.75</ele>
      </trkpt>
      <trkpt lat="45.747603" lon="12.25865">
        <ele>39.75</ele>
      </trkpt>
      <trkpt lat="45.74782" lon="12.258666">
        <ele>39.5</ele>
      </trkpt>
      <trkpt lat="45.748052" lon="12.258617">
        <ele>39.25</ele>
      </trkpt>
      <trkpt lat="45.748449" lon="12.258483">
        <ele>38.75</ele>
      </trkpt>
      <trkpt lat="45.748729" lon="12.258413">
        <ele>38.75</ele>
      </trkpt>
      <trkpt lat="45.748912" lon="12.258343">
        <ele>38.75</ele>
      </trkpt>
      <trkpt lat="45.749091" lon="12.258253">
        <ele>39.0</ele>
      </trkpt>
      <trkpt lat="45.749204" lon="12.258153">
        <ele>39.25</ele>
      </trkpt>
      <trkpt lat="45.749575" lon="12.257878">
        <ele>40.0</ele>
      </trkpt>
      <trkpt lat="45.749863" lon="12.257624">
        <ele>40.5</ele>
      </trkpt>
      <trkpt lat="45.749989" lon="12.257889">
        <ele>40.5</ele>
      </trkpt>
      <trkpt lat="45.75011" lon="12.258165">
        <ele>40.0</ele>
      </trkpt>
      <trkpt lat="45.750165" lon="12.258354">
        <ele>39.75</ele>
      </trkpt>
      <trkpt lat="45.750183" lon="12.258554">
        <ele>39.75</ele>
      </trkpt>
      <trkpt lat="45.750195" lon="12.258804">
        <ele>39.5</ele>
      </trkpt>
      <trkpt lat="45.750304" lon="12.258777">
        <ele>39.5</ele>
      </trkpt>
      <trkpt lat="45.750336" lon="12.258784">
        <ele>39.5</ele>
      </trkpt>
      <trkpt lat="45.750748" lon="12.258975">
        <ele>39.75</ele>
      </trkpt>
      <trkpt lat="45.751017" lon="12.259133">
        <ele>39.75</ele>
      </trkpt>
      <trkpt lat="45.751143" lon="12.2592">
        <ele>39.5</ele>
      </trkpt>
      <trkpt lat="45.751439" lon="12.259301">
        <ele>39.5</ele>
      </trkpt>
      <trkpt lat="45.752362" lon="12.259458">
        <ele>40.25</ele>
      </trkpt>
      <trkpt lat="45.752459" lon="12.25952">
        <ele>40.25</ele>
      </trkpt>
      <trkpt lat="45.752585" lon="12.25941">
        <ele>40.25</ele>
      </trkpt>
      <trkpt lat="45.753042" lon="12.258831">
        <ele>41.5</ele>
      </trkpt>
      <trkpt lat="45.753192" lon="12.258656">
        <ele>41.75</ele>
      </trkpt>
      <trkpt lat="45.753409" lon="12.258471">
        <ele>41.75</ele>
      </trkpt>
      <trkpt lat="45.75373" lon="12.258266">
        <ele>41.75</ele>
      </trkpt>
      <trkpt lat="45.75409" lon="12.258049">
        <ele>41.5</ele>
      </trkpt>
      <trkpt lat="45.754303" lon="12.257886">
        <ele>41.25</ele>
      </trkpt>
      <trkpt lat="45.75444" lon="12.257697">
        <ele>40.75</ele>
      </trkpt>
      <trkpt lat="45.754524" lon="12.257443">
        <ele>40.5</ele>
      </trkpt>
      <trkpt lat="45.754569" lon="12.257131">
        <ele>41.0</ele>
      </trkpt>
      <trkpt lat="45.754655" lon="12.256278">
        <ele>42.5</ele>
      </trkpt>
      <trkpt lat="45.754752" lon="12.255882">
        <ele>43.0</ele>
      </trkpt>
      <trkpt lat="45.754883" lon="12.25564">
        <ele>43.25</ele>
      </trkpt>
      <trkpt lat="45.755063" lon="12.255415">
        <ele>43.25</ele>
      </trkpt>
      <trkpt lat="45.755369" lon="12.255074">
        <ele>43.75</ele>
      </trkpt>
      <trkpt lat="45.755598" lon="12.254798">
        <ele>43.75</ele>
      </trkpt>
      <trkpt lat="45.755792" lon="12.254508">
        <ele>43.75</ele>
      </trkpt>
      <trkpt lat="45.756058" lon="12.254072">
        <ele>43.5</ele>
      </trkpt>
      <trkpt lat="45.756326" lon="12.254387">
        <ele>43.25</ele>
      </trkpt>
      <trkpt lat="45.756639" lon="12.253962">
        <ele>43.5</ele>
      </trkpt>
      <trkpt lat="45.756655" lon="12.253949">
        <ele>43.5</ele>
      </trkpt>
      <trkpt lat="45.756674" lon="12.25395">
        <ele>43.5</ele>
      </trkpt>
      <trkpt lat="45.756691" lon="12.253963">
        <ele>43.5</ele>
      </trkpt>
      <trkpt lat="45.756891" lon="12.254231">
        <ele>43.25</ele>
      </trkpt>
      <trkpt lat="45.75686" lon="12.254333">
        <ele>43.25</ele>
      </trkpt>
      <trkpt lat="45.75707" lon="12.254628">
        <ele>43.25</ele>
      </trkpt>
      <trkpt lat="45.757146" lon="12.254651">
        <ele>43.25</ele>
      </trkpt>
      <trkpt lat="45.757159" lon="12.254701">
        <ele>43.25</ele>
      </trkpt>
      <trkpt lat="45.757512" lon="12.254792">
        <ele>43.5</ele>
      </trkpt>
      <trkpt lat="45.757529" lon="12.254585">
        <ele>44.0</ele>
      </trkpt>
      <trkpt lat="45.757514" lon="12.254548">
        <ele>44.0</ele>
      </trkpt>
      <trkpt lat="45.757662" lon="12.253301">
        <ele>46.75</ele>
      </trkpt>
      <trkpt lat="45.757672" lon="12.253266">
        <ele>46.75</ele>
      </trkpt>
      <trkpt lat="45.757688" lon="12.253253">
        <ele>46.75</ele>
      </trkpt>
      <trkpt lat="45.757716" lon="12.253246">
        <ele>46.75</ele>
      </trkpt>
      <trkpt lat="45.757883" lon="12.253276">
        <ele>46.5</ele>
      </trkpt>
      <trkpt lat="45.758162" lon="12.253343">
        <ele>46.0</ele>
      </trkpt>
      <trkpt lat="45.758188" lon="12.253128">
        <ele>46.25</ele>
      </trkpt>
      <trkpt lat="45.7582" lon="12.253095">
        <ele>46.25</ele>
      </trkpt>
      <trkpt lat="45.75822" lon="12.253083">
        <ele>46.25</ele>
      </trkpt>
      <trkpt lat="45.758738" lon="12.253224">
        <ele>46.25</ele>
      </trkpt>
      <trkpt lat="45.758765" lon="12.253061">
        <ele>46.5</ele>
      </trkpt>
      <trkpt lat="45.758803" lon="12.252995">
        <ele>46.5</ele>
      </trkpt>
      <trkpt lat="45.758854" lon="12.252991">
        <ele>46.5</ele>
      </trkpt>
      <trkpt lat="45.759064" lon="12.253087">
        <ele>46.5</ele>
      </trkpt>
      <trkpt lat="45.759092" lon="12.253086">
        <ele>46.5</ele>
      </trkpt>
      <trkpt lat="45.759113" lon="12.253059">
        <ele>46.5</ele>
      </trkpt>
      <trkpt lat="45.759233" lon="12.252475">
        <ele>45.75</ele>
      </trkpt>
      <trkpt lat="45.75995" lon="12.252796">
        <ele>46.25</ele>
      </trkpt>
      <trkpt lat="45.760588" lon="12.253093">
        <ele>46.75</ele>
      </trkpt>
      <trkpt lat="45.760613" lon="12.253">
        <ele>46.75</ele>
      </trkpt>
      <trkpt lat="45.76066" lon="12.252674">
        <ele>46.75</ele>
      </trkpt>
      <trkpt lat="45.760689" lon="12.252657">
        <ele>46.75</ele>
      </trkpt>
      <trkpt lat="45.760863" lon="12.252738">
        <ele>46.75</ele>
      </trkpt>
      <trkpt lat="45.760876" lon="12.252701">
        <ele>46.75</ele>
      </trkpt>
      <trkpt lat="45.760924" lon="12.252588">
        <ele>46.75</ele>
      </trkpt>
      <trkpt lat="45.761105" lon="12.252291">
        <ele>47.0</ele>
      </trkpt>
      <trkpt lat="45.76122" lon="12.252137">
        <ele>47.25</ele>
      </trkpt>
      <trkpt lat="45.761411" lon="12.25183">
        <ele>47.75</ele>
      </trkpt>
      <trkpt lat="45.761631" lon="12.251516">
        <ele>48.25</ele>
      </trkpt>
      <trkpt lat="45.761675" lon="12.251455">
        <ele>48.25</ele>
      </trkpt>
      <trkpt lat="45.761716" lon="12.251397">
        <ele>48.5</ele>
      </trkpt>
      <trkpt lat="45.76184" lon="12.251187">
        <ele>48.5</ele>
      </trkpt>
      <trkpt lat="45.761941" lon="12.251171">
        <ele>48.25</ele>
      </trkpt>
      <trkpt lat="45.761946" lon="12.251166">
        <ele>48.25</ele>
      </trkpt>
      <trkpt lat="45.761978" lon="12.251128">
        <ele>48.25</ele>
      </trkpt>
      <trkpt lat="45.762013" lon="12.251125">
        <ele>48.25</ele>
      </trkpt>
      <trkpt lat="45.762017" lon="12.251125">
        <ele>48.25</ele>
      </trkpt>
      <trkpt lat="45.762188" lon="12.251112">
        <ele>47.75</ele>
      </trkpt>
      <trkpt lat="45.762288" lon="12.251091">
        <ele>47.5</ele>
      </trkpt>
      <trkpt lat="45.762367" lon="12.251075">
        <ele>47.25</ele>
      </trkpt>
      <trkpt lat="45.763138" lon="12.251059">
        <ele>47.75</ele>
      </trkpt>
      <trkpt lat="45.763157" lon="12.251067">
        <ele>47.75</ele>
      </trkpt>
      <trkpt lat="45.763192" lon="12.251066">
        <ele>47.75</ele>
      </trkpt>
      <trkpt lat="45.763224" lon="12.251065">
        <ele>47.75</ele>
      </trkpt>
      <trkpt lat="45.763242" lon="12.251065">
        <ele>47.75</ele>
      </trkpt>
      <trkpt lat="45.764808" lon="12.251023">
        <ele>48.0</ele>
      </trkpt>
      <trkpt lat="45.764815" lon="12.251023">
        <ele>48.0</ele>
      </trkpt>
      <trkpt lat="45.76485" lon="12.251023">
        <ele>47.75</ele>
      </trkpt>
      <trkpt lat="45.764877" lon="12.251022">
        <ele>47.75</ele>
      </trkpt>
      <trkpt lat="45.764885" lon="12.251022">
        <ele>47.75</ele>
      </trkpt>
      <trkpt lat="45.765448" lon="12.251009">
        <ele>47.75</ele>
      </trkpt>
      <trkpt lat="45.765738" lon="12.251023">
        <ele>47.75</ele>
      </trkpt>
      <trkpt lat="45.765895" lon="12.251041">
        <ele>47.75</ele>
      </trkpt>
      <trkpt lat="45.76601" lon="12.251064">
        <ele>47.75</ele>
      </trkpt>
      <trkpt lat="45.766189" lon="12.251119">
        <ele>48.0</ele>
      </trkpt>
      <trkpt lat="45.766234" lon="12.251145">
        <ele>48.0</ele>
      </trkpt>
      <trkpt lat="45.76627" lon="12.251159">
        <ele>48.0</ele>
      </trkpt>
      <trkpt lat="45.766306" lon="12.251172">
        <ele>48.25</ele>
      </trkpt>
      <trkpt lat="45.766319" lon="12.251176">
        <ele>48.25</ele>
      </trkpt>
      <trkpt lat="45.766991" lon="12.251435">
        <ele>49.5</ele>
      </trkpt>
      <trkpt lat="45.767696" lon="12.251721">
        <ele>50.5</ele>
      </trkpt>
      <trkpt lat="45.767912" lon="12.251793">
        <ele>50.75</ele>
      </trkpt>
      <trkpt lat="45.768151" lon="12.251906">
        <ele>51.25</ele>
      </trkpt>
      <trkpt lat="45.768453" lon="12.252107">
        <ele>51.25</ele>
      </trkpt>
      <trkpt lat="45.768775" lon="12.252335">
        <ele>50.0</ele>
      </trkpt>
      <trkpt lat="45.769809" lon="12.253075">
        <ele>49.0</ele>
      </trkpt>
      <trkpt lat="45.769848" lon="12.253138">
        <ele>49.25</ele>
      </trkpt>
      <trkpt lat="45.76987" lon="12.253214">
        <ele>49.5</ele>
      </trkpt>
      <trkpt lat="45.769873" lon="12.25329">
        <ele>49.75</ele>
      </trkpt>
      <trkpt lat="45.76986" lon="12.253372">
        <ele>50.0</ele>
      </trkpt>
      <trkpt lat="45.769883" lon="12.253387">
        <ele>50.0</ele>
      </trkpt>
      <trkpt lat="45.769913" lon="12.253407">
        <ele>50.0</ele>
      </trkpt>
      <trkpt lat="45.769972" lon="12.253445">
        <ele>50.0</ele>
      </trkpt>
      <trkpt lat="45.770006" lon="12.253468">
        <ele>50.0</ele>
      </trkpt>
      <trkpt lat="45.770014" lon="12.253473">
        <ele>50.0</ele>
      </trkpt>
      <trkpt lat="45.770098" lon="12.253421">
        <ele>50.0</ele>
      </trkpt>
      <trkpt lat="45.770176" lon="12.253403">
        <ele>50.25</ele>
      </trkpt>
      <trkpt lat="45.770254" lon="12.253408">
        <ele>50.25</ele>
      </trkpt>
      <trkpt lat="45.770329" lon="12.253435">
        <ele>50.25</ele>
      </trkpt>
      <trkpt lat="45.770365" lon="12.253456">
        <ele>50.5</ele>
      </trkpt>
      <trkpt lat="45.771242" lon="12.254065">
        <ele>51.25</ele>
      </trkpt>
      <trkpt lat="45.773352" lon="12.255451">
        <ele>52.25</ele>
      </trkpt>
      <trkpt lat="45.773593" lon="12.255636">
        <ele>51.75</ele>
      </trkpt>
      <trkpt lat="45.773634" lon="12.255668">
        <ele>51.75</ele>
      </trkpt>
      <trkpt lat="45.773709" lon="12.255726">
        <ele>51.5</ele>
      </trkpt>
      <trkpt lat="45.773799" lon="12.255795">
        <ele>51.25</ele>
      </trkpt>
      <trkpt lat="45.773869" lon="12.255849">
        <ele>51.25</ele>
      </trkpt>
      <trkpt lat="45.773935" lon="12.255899">
        <ele>51.25</ele>
      </trkpt>
      <trkpt lat="45.774137" lon="12.256057">
        <ele>51.25</ele>
      </trkpt>
      <trkpt lat="45.774179" lon="12.256098">
        <ele>51.25</ele>
      </trkpt>
      <trkpt lat="45.774223" lon="12.256141">
        <ele>51.25</ele>
      </trkpt>
      <trkpt lat="45.774364" lon="12.256252">
        <ele>51.5</ele>
      </trkpt>
      <trkpt lat="45.774381" lon="12.256265">
        <ele>51.75</ele>
      </trkpt>
      <trkpt lat="45.774399" lon="12.256279">
        <ele>51.75</ele>
      </trkpt>
      <trkpt lat="45.774483" lon="12.256345">
        <ele>51.75</ele>
      </trkpt>
      <trkpt lat="45.77472" lon="12.256542">
        <ele>52.5</ele>
      </trkpt>
      <trkpt lat="45.774758" lon="12.256561">
        <ele>52.5</ele>
      </trkpt>
      <trkpt lat="45.774797" lon="12.256581">
        <ele>52.5</ele>
      </trkpt>
      <trkpt lat="45.774981" lon="12.25675">
        <ele>52.75</ele>
      </trkpt>
      <trkpt lat="45.775154" lon="12.25698">
        <ele>53.0</ele>
      </trkpt>
      <trkpt lat="45.775433" lon="12.257357">
        <ele>53.0</ele>
      </trkpt>
      <trkpt lat="45.775457" lon="12.257391">
        <ele>53.0</ele>
      </trkpt>
      <trkpt lat="45.775482" lon="12.257425">
        <ele>53.0</ele>
      </trkpt>
      <trkpt lat="45.775666" lon="12.257674">
        <ele>52.75</ele>
      </trkpt>
      <trkpt lat="45.776072" lon="12.25822">
        <ele>53.25</ele>
      </trkpt>
      <trkpt lat="45.77614" lon="12.258313">
        <ele>53.25</ele>
      </trkpt>
      <trkpt lat="45.776209" lon="12.258412">
        <ele>53.25</ele>
      </trkpt>
      <trkpt lat="45.776224" lon="12.258461">
        <ele>53.25</ele>
      </trkpt>
      <trkpt lat="45.776243" lon="12.258524">
        <ele>53.25</ele>
      </trkpt>
      <trkpt lat="45.776256" lon="12.258546">
        <ele>53.5</ele>
      </trkpt>
      <trkpt lat="45.776432" lon="12.258706">
        <ele>53.5</ele>
      </trkpt>
      <trkpt lat="45.77646" lon="12.258758">
        <ele>53.25</ele>
      </trkpt>
      <trkpt lat="45.776483" lon="12.258785">
        <ele>53.25</ele>
      </trkpt>
      <trkpt lat="45.77651" lon="12.258835">
        <ele>53.25</ele>
      </trkpt>
      <trkpt lat="45.776534" lon="12.258881">
        <ele>53.25</ele>
      </trkpt>
      <trkpt lat="45.776571" lon="12.258952">
        <ele>53.25</ele>
      </trkpt>
      <trkpt lat="45.776601" lon="12.259007">
        <ele>53.0</ele>
      </trkpt>
      <trkpt lat="45.776612" lon="12.259028">
        <ele>53.0</ele>
      </trkpt>
      <trkpt lat="45.776714" lon="12.259019">
        <ele>53.0</ele>
      </trkpt>
      <trkpt lat="45.77675" lon="12.259034">
        <ele>53.0</ele>
      </trkpt>
      <trkpt lat="45.776975" lon="12.259206">
        <ele>53.25</ele>
      </trkpt>
      <trkpt lat="45.777015" lon="12.259119">
        <ele>53.25</ele>
      </trkpt>
      <trkpt lat="45.777035" lon="12.25906">
        <ele>53.25</ele>
      </trkpt>
      <trkpt lat="45.777051" lon="12.259013">
        <ele>53.25</ele>
      </trkpt>
      <trkpt lat="45.777067" lon="12.258969">
        <ele>53.25</ele>
      </trkpt>
      <trkpt lat="45.77708" lon="12.258978">
        <ele>53.25</ele>
      </trkpt>
      <trkpt lat="45.7771" lon="12.258991">
        <ele>53.5</ele>
      </trkpt>
      <trkpt lat="45.777371" lon="12.259163">
        <ele>53.75</ele>
      </trkpt>
      <trkpt lat="45.777576" lon="12.259266">
        <ele>54.25</ele>
      </trkpt>
      <trkpt lat="45.777794" lon="12.259377">
        <ele>55.0</ele>
      </trkpt>
      <trkpt lat="45.778179" lon="12.259525">
        <ele>56.75</ele>
      </trkpt>
      <trkpt lat="45.778437" lon="12.259608">
        <ele>57.0</ele>
      </trkpt>
      <trkpt lat="45.778718" lon="12.259654">
        <ele>56.25</ele>
      </trkpt>
      <trkpt lat="45.778871" lon="12.25965">
        <ele>55.5</ele>
      </trkpt>
      <trkpt lat="45.778956" lon="12.259627">
        <ele>55.25</ele>
      </trkpt>
      <trkpt lat="45.779036" lon="12.259615">
        <ele>55.0</ele>
      </trkpt>
      <trkpt lat="45.779099" lon="12.259605">
        <ele>54.75</ele>
      </trkpt>
      <trkpt lat="45.779115" lon="12.259603">
        <ele>54.5</ele>
      </trkpt>
      <trkpt lat="45.779727" lon="12.259509">
        <ele>56.0</ele>
      </trkpt>
      <trkpt lat="45.779787" lon="12.259519">
        <ele>56.0</ele>
      </trkpt>
      <trkpt lat="45.77989" lon="12.259483">
        <ele>56.25</ele>
      </trkpt>
      <trkpt lat="45.779973" lon="12.259437">
        <ele>56.5</ele>
      </trkpt>
      <trkpt lat="45.780058" lon="12.25939">
        <ele>56.5</ele>
      </trkpt>
      <trkpt lat="45.78008" lon="12.259359">
        <ele>56.25</ele>
      </trkpt>
      <trkpt lat="45.780114" lon="12.25935">
        <ele>56.25</ele>
      </trkpt>
      <trkpt lat="45.780152" lon="12.259339">
        <ele>56.25</ele>
      </trkpt>
      <trkpt lat="45.780192" lon="12.259328">
        <ele>56.25</ele>
      </trkpt>
      <trkpt lat="45.780206" lon="12.259327">
        <ele>56.25</ele>
      </trkpt>
      <trkpt lat="45.780476" lon="12.259255">
        <ele>56.0</ele>
      </trkpt>
      <trkpt lat="45.780493" lon="12.259239">
        <ele>56.0</ele>
      </trkpt>
      <trkpt lat="45.780544" lon="12.259217">
        <ele>56.0</ele>
      </trkpt>
      <trkpt lat="45.780567" lon="12.259207">
        <ele>56.0</ele>
      </trkpt>
      <trkpt lat="45.780579" lon="12.259201">
        <ele>56.0</ele>
      </trkpt>
      <trkpt lat="45.780607" lon="12.25924">
        <ele>56.0</ele>
      </trkpt>
      <trkpt lat="45.780619" lon="12.259246">
        <ele>56.0</ele>
      </trkpt>
      <trkpt lat="45.780704" lon="12.259218">
        <ele>56.0</ele>
      </trkpt>
      <trkpt lat="45.780708" lon="12.25924">
        <ele>56.0</ele>
      </trkpt>
      <trkpt lat="45.780717" lon="12.2593">
        <ele>56.0</ele>
      </trkpt>
      <trkpt lat="45.780781" lon="12.259278">
        <ele>56.0</ele>
      </trkpt>
      <trkpt lat="45.781056" lon="12.259185">
        <ele>56.5</ele>
      </trkpt>
      <trkpt lat="45.781677" lon="12.258982">
        <ele>57.25</ele>
      </trkpt>
      <trkpt lat="45.78194" lon="12.258891">
        <ele>56.25</ele>
      </trkpt>
      <trkpt lat="45.781928" lon="12.258818">
        <ele>56.25</ele>
      </trkpt>
      <trkpt lat="45.781922" lon="12.258783">
        <ele>56.25</ele>
      </trkpt>
      <trkpt lat="45.782026" lon="12.258749">
        <ele>56.0</ele>
      </trkpt>
      <trkpt lat="45.782497" lon="12.258594">
        <ele>55.5</ele>
      </trkpt>
      <trkpt lat="45.783308" lon="12.258326">
        <ele>55.0</ele>
      </trkpt>
      <trkpt lat="45.783325" lon="12.258428">
        <ele>55.0</ele>
      </trkpt>
      <trkpt lat="45.783094" lon="12.258504">
        <ele>55.5</ele>
      </trkpt>
      <trkpt lat="45.783272" lon="12.258545">
        <ele>55.5</ele>
      </trkpt>
      <trkpt lat="45.783637" lon="12.258418">
        <ele>55.0</ele>
      </trkpt>
      <trkpt lat="45.783661" lon="12.258418">
        <ele>55.0</ele>
      </trkpt>
      <trkpt lat="45.783675" lon="12.258428">
        <ele>55.0</ele>
      </trkpt>
      <trkpt lat="45.7837" lon="12.258486">
        <ele>55.0</ele>
      </trkpt>
      <trkpt lat="45.783728" lon="12.258637">
        <ele>55.25</ele>
      </trkpt>
      <trkpt lat="45.783822" lon="12.259144">
        <ele>55.75</ele>
      </trkpt>
      <trkpt lat="45.783847" lon="12.25914">
        <ele>55.5</ele>
      </trkpt>
      <trkpt lat="45.783878" lon="12.259136">
        <ele>55.5</ele>
      </trkpt>
      <trkpt lat="45.783913" lon="12.25913">
        <ele>55.5</ele>
      </trkpt>
      <trkpt lat="45.783921" lon="12.259129">
        <ele>55.5</ele>
      </trkpt>
      <trkpt lat="45.784061" lon="12.259265">
        <ele>55.25</ele>
      </trkpt>
      <trkpt lat="45.784071" lon="12.259306">
        <ele>55.0</ele>
      </trkpt>
      <trkpt lat="45.78408" lon="12.259342">
        <ele>55.0</ele>
      </trkpt>
      <trkpt lat="45.784086" lon="12.259366">
        <ele>55.0</ele>
      </trkpt>
      <trkpt lat="45.784091" lon="12.259384">
        <ele>55.0</ele>
      </trkpt>
      <trkpt lat="45.784062" lon="12.2594">
        <ele>55.25</ele>
      </trkpt>
      <trkpt lat="45.784051" lon="12.259417">
        <ele>55.25</ele>
      </trkpt>
      <trkpt lat="45.784058" lon="12.259462">
        <ele>55.25</ele>
      </trkpt>
      <trkpt lat="45.784077" lon="12.25949">
        <ele>55.25</ele>
      </trkpt>
      <trkpt lat="45.78449" lon="12.259941">
        <ele>54.0</ele>
      </trkpt>
      <trkpt lat="45.784577" lon="12.260036">
        <ele>54.0</ele>
      </trkpt>
      <trkpt lat="45.785244" lon="12.260765">
        <ele>54.0</ele>
      </trkpt>
      <trkpt lat="45.785288" lon="12.260804">
        <ele>54.25</ele>
      </trkpt>
      <trkpt lat="45.785294" lon="12.26081">
        <ele>54.25</ele>
      </trkpt>
      <trkpt lat="45.785344" lon="12.260858">
        <ele>54.25</ele>
      </trkpt>
      <trkpt lat="45.785366" lon="12.260829">
        <ele>54.25</ele>
      </trkpt>
      <trkpt lat="45.785468" lon="12.260775">
        <ele>54.25</ele>
      </trkpt>
      <trkpt lat="45.78549" lon="12.260756">
        <ele>54.25</ele>
      </trkpt>
      <trkpt lat="45.785554" lon="12.260666">
        <ele>54.25</ele>
      </trkpt>
      <trkpt lat="45.785576" lon="12.260597">
        <ele>54.25</ele>
      </trkpt>
      <trkpt lat="45.785685" lon="12.260191">
        <ele>54.0</ele>
      </trkpt>
      <trkpt lat="45.785734" lon="12.260073">
        <ele>53.75</ele>
      </trkpt>
      <trkpt lat="45.785785" lon="12.259976">
        <ele>53.75</ele>
      </trkpt>
      <trkpt lat="45.785906" lon="12.259796">
        <ele>53.75</ele>
      </trkpt>
      <trkpt lat="45.786012" lon="12.259664">
        <ele>53.75</ele>
      </trkpt>
      <trkpt lat="45.786114" lon="12.259544">
        <ele>54.0</ele>
      </trkpt>
      <trkpt lat="45.786167" lon="12.259463">
        <ele>54.25</ele>
      </trkpt>
      <trkpt lat="45.786321" lon="12.259168">
        <ele>54.75</ele>
      </trkpt>
      <trkpt lat="45.786368" lon="12.259103">
        <ele>54.75</ele>
      </trkpt>
      <trkpt lat="45.786463" lon="12.259014">
        <ele>55.0</ele>
      </trkpt>
      <trkpt lat="45.786625" lon="12.258948">
        <ele>55.5</ele>
      </trkpt>
      <trkpt lat="45.786702" lon="12.258935">
        <ele>55.5</ele>
      </trkpt>
      <trkpt lat="45.786847" lon="12.258927">
        <ele>55.0</ele>
      </trkpt>
      <trkpt lat="45.787265" lon="12.258867">
        <ele>54.0</ele>
      </trkpt>
      <trkpt lat="45.787353" lon="12.258834">
        <ele>53.75</ele>
      </trkpt>
      <trkpt lat="45.787505" lon="12.258753">
        <ele>53.25</ele>
      </trkpt>
      <trkpt lat="45.78761" lon="12.25873">
        <ele>53.5</ele>
      </trkpt>
      <trkpt lat="45.787702" lon="12.25873">
        <ele>53.5</ele>
      </trkpt>
      <trkpt lat="45.788101" lon="12.258801">
        <ele>53.25</ele>
      </trkpt>
      <trkpt lat="45.788268" lon="12.258807">
        <ele>53.25</ele>
      </trkpt>
      <trkpt lat="45.788371" lon="12.258848">
        <ele>53.25</ele>
      </trkpt>
      <trkpt lat="45.788461" lon="12.258914">
        <ele>53.25</ele>
      </trkpt>
      <trkpt lat="45.788549" lon="12.258997">
        <ele>53.0</ele>
      </trkpt>
      <trkpt lat="45.788679" lon="12.259162">
        <ele>53.0</ele>
      </trkpt>
      <trkpt lat="45.788825" lon="12.25943">
        <ele>53.0</ele>
      </trkpt>
      <trkpt lat="45.788989" lon="12.25981">
        <ele>54.0</ele>
      </trkpt>
      <trkpt lat="45.789085" lon="12.260081">
        <ele>54.5</ele>
      </trkpt>
      <trkpt lat="45.789123" lon="12.260257">
        <ele>54.5</ele>
      </trkpt>
      <trkpt lat="45.789138" lon="12.260577">
        <ele>54.0</ele>
      </trkpt>
      <trkpt lat="45.789152" lon="12.260687">
        <ele>54.0</ele>
      </trkpt>
      <trkpt lat="45.789201" lon="12.260825">
        <ele>54.0</ele>
      </trkpt>
      <trkpt lat="45.789676" lon="12.261594">
        <ele>54.5</ele>
      </trkpt>
      <trkpt lat="45.790307" lon="12.260856">
        <ele>55.25</ele>
      </trkpt>
      <trkpt lat="45.791573" lon="12.259373">
        <ele>54.25</ele>
      </trkpt>
      <trkpt lat="45.792802" lon="12.25792">
        <ele>57.75</ele>
      </trkpt>
      <trkpt lat="45.793663" lon="12.256914">
        <ele>57.0</ele>
      </trkpt>
      <trkpt lat="45.7938" lon="12.256821">
        <ele>56.5</ele>
      </trkpt>
      <trkpt lat="45.793925" lon="12.25675">
        <ele>56.25</ele>
      </trkpt>
      <trkpt lat="45.79403" lon="12.256715">
        <ele>56.0</ele>
      </trkpt>
      <trkpt lat="45.794126" lon="12.256705">
        <ele>56.0</ele>
      </trkpt>
      <trkpt lat="45.79424" lon="12.256708">
        <ele>56.25</ele>
      </trkpt>
      <trkpt lat="45.794387" lon="12.256735">
        <ele>56.5</ele>
      </trkpt>
      <trkpt lat="45.795256" lon="12.256997">
        <ele>59.25</ele>
      </trkpt>
      <trkpt lat="45.795317" lon="12.257006">
        <ele>59.25</ele>
      </trkpt>
      <trkpt lat="45.795368" lon="12.257">
        <ele>59.0</ele>
      </trkpt>
      <trkpt lat="45.795413" lon="12.256983">
        <ele>59.0</ele>
      </trkpt>
      <trkpt lat="45.795455" lon="12.256942">
        <ele>58.75</ele>
      </trkpt>
      <trkpt lat="45.795478" lon="12.256895">
        <ele>58.5</ele>
      </trkpt>
      <trkpt lat="45.795525" lon="12.257002">
        <ele>58.75</ele>
      </trkpt>
      <trkpt lat="45.79556" lon="12.257042">
        <ele>59.0</ele>
      </trkpt>
      <trkpt lat="45.7956" lon="12.257068">
        <ele>59.0</ele>
      </trkpt>
      <trkpt lat="45.796143" lon="12.257249">
        <ele>58.0</ele>
      </trkpt>
      <trkpt lat="45.796226" lon="12.257319">
        <ele>57.75</ele>
      </trkpt>
      <trkpt lat="45.797214" lon="12.258762">
        <ele>58.0</ele>
      </trkpt>
      <trkpt lat="45.797253" lon="12.258828">
        <ele>58.0</ele>
      </trkpt>
      <trkpt lat="45.797529" lon="12.259226">
        <ele>58.0</ele>
      </trkpt>
      <trkpt lat="45.797573" lon="12.259273">
        <ele>58.0</ele>
      </trkpt>
      <trkpt lat="45.797608" lon="12.259279">
        <ele>58.0</ele>
      </trkpt>
      <trkpt lat="45.797645" lon="12.259267">
        <ele>57.75</ele>
      </trkpt>
      <trkpt lat="45.798289" lon="12.260474">
        <ele>58.0</ele>
      </trkpt>
      <trkpt lat="45.798746" lon="12.262008">
        <ele>59.0</ele>
      </trkpt>
      <trkpt lat="45.798989" lon="12.262499">
        <ele>60.0</ele>
      </trkpt>
      <trkpt lat="45.799112" lon="12.262571">
        <ele>59.75</ele>
      </trkpt>
      <trkpt lat="45.799292" lon="12.262588">
        <ele>59.5</ele>
      </trkpt>
      <trkpt lat="45.799583" lon="12.26247">
        <ele>59.25</ele>
      </trkpt>
      <trkpt lat="45.800167" lon="12.262024">
        <ele>58.25</ele>
      </trkpt>
      <trkpt lat="45.800522" lon="12.261585">
        <ele>59.0</ele>
      </trkpt>
      <trkpt lat="45.801352" lon="12.261104">
        <ele>57.75</ele>
      </trkpt>
      <trkpt lat="45.801909" lon="12.260868">
        <ele>56.25</ele>
      </trkpt>
      <trkpt lat="45.802237" lon="12.260648">
        <ele>55.75</ele>
      </trkpt>
      <trkpt lat="45.802452" lon="12.260348">
        <ele>55.5</ele>
      </trkpt>
      <trkpt lat="45.802706" lon="12.260105">
        <ele>55.75</ele>
      </trkpt>
      <trkpt lat="45.803669" lon="12.259718">
        <ele>56.5</ele>
      </trkpt>
      <trkpt lat="45.804021" lon="12.259643">
        <ele>57.0</ele>
      </trkpt>
      <trkpt lat="45.804359" lon="12.25964">
        <ele>57.5</ele>
      </trkpt>
      <trkpt lat="45.804639" lon="12.259522">
        <ele>58.0</ele>
      </trkpt>
      <trkpt lat="45.804972" lon="12.259471">
        <ele>58.5</ele>
      </trkpt>
      <trkpt lat="45.80543" lon="12.259242">
        <ele>59.25</ele>
      </trkpt>
      <trkpt lat="45.805754" lon="12.258897">
        <ele>60.5</ele>
      </trkpt>
      <trkpt lat="45.805864" lon="12.258854">
        <ele>60.75</ele>
      </trkpt>
      <trkpt lat="45.806117" lon="12.258843">
        <ele>60.75</ele>
      </trkpt>
      <trkpt lat="45.806737" lon="12.258508">
        <ele>60.75</ele>
      </trkpt>
      <trkpt lat="45.807134" lon="12.258414">
        <ele>59.75</ele>
      </trkpt>
      <trkpt lat="45.807614" lon="12.258473">
        <ele>58.5</ele>
      </trkpt>
      <trkpt lat="45.807728" lon="12.2584">
        <ele>58.25</ele>
      </trkpt>
      <trkpt lat="45.808311" lon="12.257647">
        <ele>60.25</ele>
      </trkpt>
      <trkpt lat="45.808399" lon="12.25758">
        <ele>60.25</ele>
      </trkpt>
      <trkpt lat="45.80851" lon="12.257561">
        <ele>60.25</ele>
      </trkpt>
      <trkpt lat="45.808588" lon="12.257529">
        <ele>60.25</ele>
      </trkpt>
      <trkpt lat="45.808659" lon="12.257432">
        <ele>60.25</ele>
      </trkpt>
      <trkpt lat="45.808944" lon="12.256917">
        <ele>60.75</ele>
      </trkpt>
      <trkpt lat="45.809138" lon="12.256703">
        <ele>61.75</ele>
      </trkpt>
      <trkpt lat="45.809299" lon="12.256596">
        <ele>61.75</ele>
      </trkpt>
      <trkpt lat="45.809551" lon="12.256478">
        <ele>61.5</ele>
      </trkpt>
      <trkpt lat="45.809744" lon="12.256309">
        <ele>61.75</ele>
      </trkpt>
      <trkpt lat="45.809985" lon="12.255997">
        <ele>63.0</ele>
      </trkpt>
      <trkpt lat="45.81029" lon="12.255735">
        <ele>63.75</ele>
      </trkpt>
      <trkpt lat="45.81051" lon="12.255474">
        <ele>64.0</ele>
      </trkpt>
      <trkpt lat="45.810966" lon="12.255321">
        <ele>64.0</ele>
      </trkpt>
      <trkpt lat="45.811226" lon="12.255083">
        <ele>64.5</ele>
      </trkpt>
      <trkpt lat="45.811342" lon="12.254807">
        <ele>65.0</ele>
      </trkpt>
      <trkpt lat="45.811544" lon="12.254474">
        <ele>65.75</ele>
      </trkpt>
      <trkpt lat="45.811669" lon="12.254329">
        <ele>66.5</ele>
      </trkpt>
      <trkpt lat="45.811854" lon="12.254179">
        <ele>65.75</ele>
      </trkpt>
      <trkpt lat="45.812098" lon="12.25377">
        <ele>64.0</ele>
      </trkpt>
      <trkpt lat="45.812119" lon="12.253756">
        <ele>64.0</ele>
      </trkpt>
      <trkpt lat="45.813188" lon="12.253071">
        <ele>61.0</ele>
      </trkpt>
      <trkpt lat="45.81392" lon="12.251195">
        <ele>65.0</ele>
      </trkpt>
      <trkpt lat="45.815066" lon="12.248963">
        <ele>66.5</ele>
      </trkpt>
      <trkpt lat="45.815095" lon="12.248878">
        <ele>66.5</ele>
      </trkpt>
      <trkpt lat="45.815076" lon="12.248771">
        <ele>67.25</ele>
      </trkpt>
      <trkpt lat="45.815057" lon="12.24872">
        <ele>67.5</ele>
      </trkpt>
      <trkpt lat="45.814986" lon="12.248606">
        <ele>68.5</ele>
      </trkpt>
      <trkpt lat="45.814834" lon="12.248487">
        <ele>68.75</ele>
      </trkpt>
      <trkpt lat="45.814678" lon="12.248411">
        <ele>68.5</ele>
      </trkpt>
      <trkpt lat="45.814544" lon="12.248329">
        <ele>68.25</ele>
      </trkpt>
      <trkpt lat="45.814514" lon="12.248267">
        <ele>68.25</ele>
      </trkpt>
      <trkpt lat="45.814647" lon="12.248275">
        <ele>68.75</ele>
      </trkpt>
      <trkpt lat="45.814739" lon="12.248306">
        <ele>69.0</ele>
      </trkpt>
      <trkpt lat="45.814953" lon="12.248431">
        <ele>69.25</ele>
      </trkpt>
      <trkpt lat="45.815091" lon="12.248526">
        <ele>68.25</ele>
      </trkpt>
      <trkpt lat="45.815184" lon="12.248617">
        <ele>68.0</ele>
      </trkpt>
      <trkpt lat="45.815387" lon="12.248814">
        <ele>68.0</ele>
      </trkpt>
      <trkpt lat="45.818486" lon="12.251682">
        <ele>66.25</ele>
      </trkpt>
      <trkpt lat="45.818697" lon="12.251874">
        <ele>66.5</ele>
      </trkpt>
      <trkpt lat="45.818673" lon="12.251887">
        <ele>66.5</ele>
      </trkpt>
      <trkpt lat="45.818576" lon="12.251843">
        <ele>66.5</ele>
      </trkpt>
      <trkpt lat="45.818406" lon="12.251738">
        <ele>66.0</ele>
      </trkpt>
      <trkpt lat="45.818387" lon="12.251747">
        <ele>66.0</ele>
      </trkpt>
      <trkpt lat="45.818298" lon="12.251957">
        <ele>66.0</ele>
      </trkpt>
      <trkpt lat="45.818175" lon="12.252189">
        <ele>65.75</ele>
      </trkpt>
      <trkpt lat="45.818096" lon="12.252295">
        <ele>65.5</ele>
      </trkpt>
      <trkpt lat="45.818009" lon="12.252373">
        <ele>65.25</ele>
      </trkpt>
      <trkpt lat="45.817851" lon="12.25249">
        <ele>64.5</ele>
      </trkpt>
      <trkpt lat="45.817787" lon="12.252545">
        <ele>64.25</ele>
      </trkpt>
      <trkpt lat="45.817753" lon="12.252427">
        <ele>64.0</ele>
      </trkpt>
      <trkpt lat="45.817869" lon="12.252143">
        <ele>64.5</ele>
      </trkpt>
      <trkpt lat="45.818666" lon="12.250392">
        <ele>65.5</ele>
      </trkpt>
      <trkpt lat="45.818898" lon="12.249835">
        <ele>66.25</ele>
      </trkpt>
      <trkpt lat="45.819089" lon="12.249189">
        <ele>66.75</ele>
      </trkpt>
      <trkpt lat="45.819177" lon="12.248827">
        <ele>67.75</ele>
      </trkpt>
      <trkpt lat="45.819259" lon="12.248641">
        <ele>68.0</ele>
      </trkpt>
      <trkpt lat="45.819661" lon="12.248172">
        <ele>67.75</ele>
      </trkpt>
      <trkpt lat="45.820076" lon="12.247737">
        <ele>66.75</ele>
      </trkpt>
      <trkpt lat="45.820932" lon="12.247001">
        <ele>66.0</ele>
      </trkpt>
      <trkpt lat="45.821186" lon="12.24673">
        <ele>66.0</ele>
      </trkpt>
      <trkpt lat="45.821902" lon="12.246275">
        <ele>66.25</ele>
      </trkpt>
      <trkpt lat="45.822114" lon="12.246184">
        <ele>67.0</ele>
      </trkpt>
      <trkpt lat="45.822293" lon="12.246158">
        <ele>67.75</ele>
      </trkpt>
      <trkpt lat="45.822442" lon="12.246011">
        <ele>68.5</ele>
      </trkpt>
      <trkpt lat="45.822638" lon="12.245746">
        <ele>68.75</ele>
      </trkpt>
      <trkpt lat="45.822757" lon="12.245605">
        <ele>68.5</ele>
      </trkpt>
      <trkpt lat="45.8231" lon="12.245231">
        <ele>68.0</ele>
      </trkpt>
      <trkpt lat="45.823277" lon="12.245178">
        <ele>68.0</ele>
      </trkpt>
      <trkpt lat="45.823381" lon="12.245181">
        <ele>68.25</ele>
      </trkpt>
      <trkpt lat="45.823565" lon="12.244832">
        <ele>68.0</ele>
      </trkpt>
      <trkpt lat="45.82444" lon="12.243181">
        <ele>67.25</ele>
      </trkpt>
      <trkpt lat="45.824508" lon="12.243054">
        <ele>67.25</ele>
      </trkpt>
      <trkpt lat="45.82454" lon="12.243099">
        <ele>67.25</ele>
      </trkpt>
      <trkpt lat="45.824538" lon="12.24313">
        <ele>67.25</ele>
      </trkpt>
      <trkpt lat="45.824547" lon="12.243168">
        <ele>67.25</ele>
      </trkpt>
      <trkpt lat="45.824577" lon="12.243216">
        <ele>67.25</ele>
      </trkpt>
      <trkpt lat="45.824623" lon="12.243258">
        <ele>67.5</ele>
      </trkpt>
      <trkpt lat="45.824961" lon="12.243342">
        <ele>67.75</ele>
      </trkpt>
      <trkpt lat="45.825032" lon="12.242856">
        <ele>68.5</ele>
      </trkpt>
      <trkpt lat="45.825047" lon="12.242841">
        <ele>68.5</ele>
      </trkpt>
      <trkpt lat="45.825334" lon="12.242907">
        <ele>68.75</ele>
      </trkpt>
      <trkpt lat="45.826225" lon="12.243136">
        <ele>70.5</ele>
      </trkpt>
      <trkpt lat="45.826283" lon="12.243163">
        <ele>70.5</ele>
      </trkpt>
      <trkpt lat="45.826325" lon="12.2432">
        <ele>70.75</ele>
      </trkpt>
      <trkpt lat="45.827178" lon="12.240801">
        <ele>72.0</ele>
      </trkpt>
      <trkpt lat="45.827392" lon="12.240202">
        <ele>72.0</ele>
      </trkpt>
      <trkpt lat="45.827638" lon="12.23954">
        <ele>72.25</ele>
      </trkpt>
      <trkpt lat="45.827987" lon="12.238523">
        <ele>72.0</ele>
      </trkpt>
      <trkpt lat="45.828036" lon="12.238403">
        <ele>72.0</ele>
      </trkpt>
      <trkpt lat="45.828076" lon="12.238381">
        <ele>72.0</ele>
      </trkpt>
      <trkpt lat="45.828185" lon="12.238354">
        <ele>72.0</ele>
      </trkpt>
      <trkpt lat="45.828799" lon="12.238158">
        <ele>72.75</ele>
      </trkpt>
      <trkpt lat="45.828793" lon="12.238082">
        <ele>72.75</ele>
      </trkpt>
      <trkpt lat="45.829583" lon="12.237815">
        <ele>73.0</ele>
      </trkpt>
      <trkpt lat="45.829694" lon="12.237779">
        <ele>73.0</ele>
      </trkpt>
      <trkpt lat="45.830164" lon="12.237628">
        <ele>72.25</ele>
      </trkpt>
      <trkpt lat="45.830592" lon="12.237535">
        <ele>71.5</ele>
      </trkpt>
      <trkpt lat="45.830677" lon="12.237516">
        <ele>71.25</ele>
      </trkpt>
      <trkpt lat="45.830974" lon="12.23744">
        <ele>71.25</ele>
      </trkpt>
      <trkpt lat="45.832099" lon="12.236995">
        <ele>73.0</ele>
      </trkpt>
      <trkpt lat="45.833217" lon="12.236568">
        <ele>72.75</ele>
      </trkpt>
      <trkpt lat="45.833266" lon="12.236549">
        <ele>72.75</ele>
      </trkpt>
      <trkpt lat="45.833567" lon="12.236439">
        <ele>73.0</ele>
      </trkpt>
      <trkpt lat="45.833919" lon="12.236344">
        <ele>73.0</ele>
      </trkpt>
      <trkpt lat="45.834599" lon="12.236188">
        <ele>72.0</ele>
      </trkpt>
      <trkpt lat="45.835975" lon="12.235573">
        <ele>72.25</ele>
      </trkpt>
      <trkpt lat="45.836148" lon="12.235433">
        <ele>72.75</ele>
      </trkpt>
      <trkpt lat="45.837182" lon="12.234232">
        <ele>76.0</ele>
      </trkpt>
      <trkpt lat="45.837207" lon="12.234199">
        <ele>76.25</ele>
      </trkpt>
      <trkpt lat="45.83724" lon="12.234152">
        <ele>76.25</ele>
      </trkpt>
      <trkpt lat="45.837266" lon="12.234214">
        <ele>76.0</ele>
      </trkpt>
      <trkpt lat="45.838087" lon="12.236126">
        <ele>73.75</ele>
      </trkpt>
      <trkpt lat="45.838196" lon="12.236395">
        <ele>73.0</ele>
      </trkpt>
      <trkpt lat="45.838273" lon="12.236614">
        <ele>72.25</ele>
      </trkpt>
      <trkpt lat="45.839146" lon="12.23908">
        <ele>74.0</ele>
      </trkpt>
      <trkpt lat="45.839897" lon="12.241217">
        <ele>74.5</ele>
      </trkpt>
      <trkpt lat="45.839992" lon="12.241432">
        <ele>74.75</ele>
      </trkpt>
      <trkpt lat="45.840073" lon="12.241585">
        <ele>74.75</ele>
      </trkpt>
      <trkpt lat="45.840157" lon="12.241715">
        <ele>74.25</ele>
      </trkpt>
      <trkpt lat="45.840201" lon="12.241761">
        <ele>74.0</ele>
      </trkpt>
      <trkpt lat="45.840253" lon="12.241833">
        <ele>73.75</ele>
      </trkpt>
      <trkpt lat="45.840278" lon="12.24189">
        <ele>73.5</ele>
      </trkpt>
      <trkpt lat="45.840322" lon="12.241907">
        <ele>73.25</ele>
      </trkpt>
      <trkpt lat="45.840355" lon="12.241936">
        <ele>73.25</ele>
      </trkpt>
      <trkpt lat="45.840895" lon="12.242692">
        <ele>72.0</ele>
      </trkpt>
      <trkpt lat="45.840992" lon="12.242819">
        <ele>72.25</ele>
      </trkpt>
      <trkpt lat="45.841061" lon="12.242903">
        <ele>72.25</ele>
      </trkpt>
      <trkpt lat="45.841233" lon="12.243079">
        <ele>72.5</ele>
      </trkpt>
      <trkpt lat="45.841361" lon="12.243177">
        <ele>72.75</ele>
      </trkpt>
      <trkpt lat="45.841487" lon="12.243251">
        <ele>72.75</ele>
      </trkpt>
      <trkpt lat="45.841688" lon="12.243316">
        <ele>72.75</ele>
      </trkpt>
      <trkpt lat="45.841776" lon="12.243323">
        <ele>72.5</ele>
      </trkpt>
      <trkpt lat="45.841842" lon="12.243341">
        <ele>72.5</ele>
      </trkpt>
      <trkpt lat="45.842967" lon="12.243666">
        <ele>70.75</ele>
      </trkpt>
      <trkpt lat="45.845367" lon="12.244355">
        <ele>74.75</ele>
      </trkpt>
      <trkpt lat="45.845996" lon="12.244534">
        <ele>75.0</ele>
      </trkpt>
      <trkpt lat="45.846187" lon="12.24462">
        <ele>74.0</ele>
      </trkpt>
      <trkpt lat="45.846315" lon="12.244701">
        <ele>73.25</ele>
      </trkpt>
      <trkpt lat="45.846381" lon="12.244754">
        <ele>72.75</ele>
      </trkpt>
      <trkpt lat="45.846469" lon="12.244833">
        <ele>72.25</ele>
      </trkpt>
      <trkpt lat="45.846602" lon="12.24498">
        <ele>71.25</ele>
      </trkpt>
      <trkpt lat="45.846651" lon="12.245047">
        <ele>71.25</ele>
      </trkpt>
      <trkpt lat="45.846767" lon="12.245244">
        <ele>72.5</ele>
      </trkpt>
      <trkpt lat="45.847527" lon="12.246876">
        <ele>73.75</ele>
      </trkpt>
      <trkpt lat="45.847567" lon="12.246934">
        <ele>73.75</ele>
      </trkpt>
      <trkpt lat="45.848005" lon="12.247881">
        <ele>73.75</ele>
      </trkpt>
      <trkpt lat="45.848019" lon="12.247963">
        <ele>73.75</ele>
      </trkpt>
      <trkpt lat="45.848082" lon="12.247962">
        <ele>74.0</ele>
      </trkpt>
      <trkpt lat="45.848175" lon="12.247921">
        <ele>74.0</ele>
      </trkpt>
      <trkpt lat="45.848268" lon="12.247858">
        <ele>74.25</ele>
      </trkpt>
      <trkpt lat="45.848361" lon="12.247769">
        <ele>74.5</ele>
      </trkpt>
      <trkpt lat="45.848377" lon="12.247764">
        <ele>74.75</ele>
      </trkpt>
      <trkpt lat="45.848393" lon="12.24777">
        <ele>74.75</ele>
      </trkpt>
      <trkpt lat="45.848409" lon="12.247787">
        <ele>74.75</ele>
      </trkpt>
      <trkpt lat="45.848431" lon="12.247827">
        <ele>74.75</ele>
      </trkpt>
      <trkpt lat="45.848456" lon="12.247873">
        <ele>74.75</ele>
      </trkpt>
      <trkpt lat="45.848469" lon="12.24791">
        <ele>74.75</ele>
      </trkpt>
      <trkpt lat="45.848484" lon="12.248008">
        <ele>74.75</ele>
      </trkpt>
      <trkpt lat="45.848495" lon="12.248043">
        <ele>74.75</ele>
      </trkpt>
      <trkpt lat="45.848535" lon="12.248115">
        <ele>74.75</ele>
      </trkpt>
      <trkpt lat="45.848601" lon="12.248172">
        <ele>75.0</ele>
      </trkpt>
      <trkpt lat="45.848919" lon="12.248402">
        <ele>75.75</ele>
      </trkpt>
      <trkpt lat="45.848993" lon="12.248468">
        <ele>76.0</ele>
      </trkpt>
      <trkpt lat="45.849144" lon="12.248621">
        <ele>76.0</ele>
      </trkpt>
      <trkpt lat="45.849415" lon="12.24897">
        <ele>76.0</ele>
      </trkpt>
      <trkpt lat="45.849446" lon="12.249016">
        <ele>76.0</ele>
      </trkpt>
      <trkpt lat="45.849484" lon="12.249072">
        <ele>75.75</ele>
      </trkpt>
      <trkpt lat="45.849521" lon="12.249128">
        <ele>75.75</ele>
      </trkpt>
      <trkpt lat="45.849513" lon="12.24914">
        <ele>75.75</ele>
      </trkpt>
      <trkpt lat="45.849476" lon="12.249195">
        <ele>75.5</ele>
      </trkpt>
      <trkpt lat="45.849939" lon="12.249811">
        <ele>76.75</ele>
      </trkpt>
      <trkpt lat="45.849965" lon="12.249773">
        <ele>76.75</ele>
      </trkpt>
      <trkpt lat="45.849971" lon="12.249764">
        <ele>76.75</ele>
      </trkpt>
      <trkpt lat="45.850193" lon="12.250066">
        <ele>76.5</ele>
      </trkpt>
      <trkpt lat="45.850206" lon="12.250083">
        <ele>76.5</ele>
      </trkpt>
      <trkpt lat="45.850439" lon="12.250401">
        <ele>75.75</ele>
      </trkpt>
      <trkpt lat="45.850474" lon="12.250426">
        <ele>75.75</ele>
      </trkpt>
      <trkpt lat="45.850513" lon="12.250453">
        <ele>75.75</ele>
      </trkpt>
      <trkpt lat="45.850564" lon="12.250378">
        <ele>75.5</ele>
      </trkpt>
      <trkpt lat="45.850571" lon="12.250389">
        <ele>75.5</ele>
      </trkpt>
      <trkpt lat="45.850601" lon="12.250435">
        <ele>75.5</ele>
      </trkpt>
      <trkpt lat="45.850641" lon="12.250498">
        <ele>75.25</ele>
      </trkpt>
      <trkpt lat="45.850646" lon="12.250505">
        <ele>75.25</ele>
      </trkpt>
      <trkpt lat="45.850586" lon="12.250587">
        <ele>75.5</ele>
      </trkpt>
      <trkpt lat="45.850583" lon="12.250604">
        <ele>75.5</ele>
      </trkpt>
      <trkpt lat="45.850589" lon="12.25062">
        <ele>75.5</ele>
      </trkpt>
      <trkpt lat="45.850723" lon="12.250791">
        <ele>75.25</ele>
      </trkpt>
      <trkpt lat="45.850813" lon="12.250906">
        <ele>75.0</ele>
      </trkpt>
      <trkpt lat="45.85087" lon="12.250899">
        <ele>74.75</ele>
      </trkpt>
      <trkpt lat="45.850884" lon="12.250919">
        <ele>74.75</ele>
      </trkpt>
      <trkpt lat="45.85098" lon="12.251051">
        <ele>74.75</ele>
      </trkpt>
      <trkpt lat="45.850987" lon="12.25106">
        <ele>74.75</ele>
      </trkpt>
      <trkpt lat="45.851" lon="12.251123">
        <ele>74.5</ele>
      </trkpt>
      <trkpt lat="45.851176" lon="12.25136">
        <ele>74.25</ele>
      </trkpt>
      <trkpt lat="45.851326" lon="12.251563">
        <ele>73.75</ele>
      </trkpt>
      <trkpt lat="45.851367" lon="12.251533">
        <ele>73.75</ele>
      </trkpt>
      <trkpt lat="45.85185" lon="12.252176">
        <ele>73.5</ele>
      </trkpt>
      <trkpt lat="45.851847" lon="12.252267">
        <ele>73.5</ele>
      </trkpt>
      <trkpt lat="45.851901" lon="12.252341">
        <ele>73.75</ele>
      </trkpt>
      <trkpt lat="45.85201" lon="12.252477">
        <ele>73.75</ele>
      </trkpt>
      <trkpt lat="45.852019" lon="12.25249">
        <ele>73.75</ele>
      </trkpt>
      <trkpt lat="45.852656" lon="12.253285">
        <ele>72.0</ele>
      </trkpt>
      <trkpt lat="45.852685" lon="12.253322">
        <ele>72.0</ele>
      </trkpt>
      <trkpt lat="45.852719" lon="12.25337">
        <ele>71.75</ele>
      </trkpt>
      <trkpt lat="45.853044" lon="12.253801">
        <ele>71.25</ele>
      </trkpt>
      <trkpt lat="45.85307" lon="12.253837">
        <ele>71.25</ele>
      </trkpt>
      <trkpt lat="45.853104" lon="12.253883">
        <ele>71.25</ele>
      </trkpt>
      <trkpt lat="45.85337" lon="12.254242">
        <ele>70.75</ele>
      </trkpt>
      <trkpt lat="45.85353" lon="12.254454">
        <ele>70.75</ele>
      </trkpt>
      <trkpt lat="45.853666" lon="12.254642">
        <ele>70.75</ele>
      </trkpt>
      <trkpt lat="45.853714" lon="12.254705">
        <ele>70.5</ele>
      </trkpt>
      <trkpt lat="45.853768" lon="12.254775">
        <ele>70.5</ele>
      </trkpt>
      <trkpt lat="45.854369" lon="12.255595">
        <ele>70.5</ele>
      </trkpt>
      <trkpt lat="45.854931" lon="12.256314">
        <ele>71.5</ele>
      </trkpt>
      <trkpt lat="45.854946" lon="12.256334">
        <ele>71.5</ele>
      </trkpt>
      <trkpt lat="45.854977" lon="12.256377">
        <ele>71.5</ele>
      </trkpt>
      <trkpt lat="45.855021" lon="12.256437">
        <ele>71.5</ele>
      </trkpt>
      <trkpt lat="45.855024" lon="12.256442">
        <ele>71.5</ele>
      </trkpt>
      <trkpt lat="45.855386" lon="12.256927">
        <ele>70.75</ele>
      </trkpt>
      <trkpt lat="45.855481" lon="12.257055">
        <ele>70.5</ele>
      </trkpt>
      <trkpt lat="45.855733" lon="12.257394">
        <ele>69.25</ele>
      </trkpt>
      <trkpt lat="45.855891" lon="12.257605">
        <ele>68.75</ele>
      </trkpt>
      <trkpt lat="45.855964" lon="12.257703">
        <ele>68.75</ele>
      </trkpt>
      <trkpt lat="45.855973" lon="12.257716">
        <ele>68.75</ele>
      </trkpt>
      <trkpt lat="45.856003" lon="12.257755">
        <ele>68.75</ele>
      </trkpt>
      <trkpt lat="45.856051" lon="12.25782">
        <ele>68.5</ele>
      </trkpt>
      <trkpt lat="45.856061" lon="12.257833">
        <ele>68.5</ele>
      </trkpt>
      <trkpt lat="45.856187" lon="12.258002">
        <ele>68.5</ele>
      </trkpt>
      <trkpt lat="45.856309" lon="12.258165">
        <ele>68.25</ele>
      </trkpt>
      <trkpt lat="45.856336" lon="12.258186">
        <ele>68.25</ele>
      </trkpt>
      <trkpt lat="45.85639" lon="12.258214">
        <ele>68.25</ele>
      </trkpt>
      <trkpt lat="45.856654" lon="12.258571">
        <ele>67.5</ele>
      </trkpt>
      <trkpt lat="45.856689" lon="12.25862">
        <ele>67.5</ele>
      </trkpt>
      <trkpt lat="45.856729" lon="12.258674">
        <ele>67.25</ele>
      </trkpt>
      <trkpt lat="45.857279" lon="12.259416">
        <ele>65.0</ele>
      </trkpt>
      <trkpt lat="45.857296" lon="12.259439">
        <ele>65.0</ele>
      </trkpt>
      <trkpt lat="45.857334" lon="12.259488">
        <ele>65.0</ele>
      </trkpt>
      <trkpt lat="45.857371" lon="12.259537">
        <ele>64.75</ele>
      </trkpt>
      <trkpt lat="45.857385" lon="12.259554">
        <ele>64.75</ele>
      </trkpt>
      <trkpt lat="45.85853" lon="12.261088">
        <ele>64.0</ele>
      </trkpt>
      <trkpt lat="45.858647" lon="12.261247">
        <ele>64.0</ele>
      </trkpt>
      <trkpt lat="45.858741" lon="12.261369">
        <ele>63.75</ele>
      </trkpt>
      <trkpt lat="45.859259" lon="12.262066">
        <ele>63.0</ele>
      </trkpt>
      <trkpt lat="45.859283" lon="12.262135">
        <ele>63.0</ele>
      </trkpt>
      <trkpt lat="45.859297" lon="12.262156">
        <ele>63.0</ele>
      </trkpt>
      <trkpt lat="45.859397" lon="12.262247">
        <ele>63.25</ele>
      </trkpt>
      <trkpt lat="45.85973" lon="12.262695">
        <ele>63.5</ele>
      </trkpt>
      <trkpt lat="45.859783" lon="12.262765">
        <ele>63.5</ele>
      </trkpt>
      <trkpt lat="45.859811" lon="12.262802">
        <ele>63.25</ele>
      </trkpt>
      <trkpt lat="45.859815" lon="12.262807">
        <ele>63.25</ele>
      </trkpt>
      <trkpt lat="45.859879" lon="12.262893">
        <ele>63.25</ele>
      </trkpt>
      <trkpt lat="45.859909" lon="12.262934">
        <ele>63.25</ele>
      </trkpt>
      <trkpt lat="45.859959" lon="12.263">
        <ele>63.25</ele>
      </trkpt>
      <trkpt lat="45.860489" lon="12.263695">
        <ele>64.25</ele>
      </trkpt>
      <trkpt lat="45.860524" lon="12.263738">
        <ele>64.25</ele>
      </trkpt>
      <trkpt lat="45.860616" lon="12.263852">
        <ele>64.5</ele>
      </trkpt>
      <trkpt lat="45.860675" lon="12.263926">
        <ele>64.75</ele>
      </trkpt>
      <trkpt lat="45.861618" lon="12.265182">
        <ele>63.0</ele>
      </trkpt>
      <trkpt lat="45.861684" lon="12.265252">
        <ele>62.75</ele>
      </trkpt>
      <trkpt lat="45.861724" lon="12.265279">
        <ele>62.75</ele>
      </trkpt>
      <trkpt lat="45.861879" lon="12.265351">
        <ele>62.5</ele>
      </trkpt>
      <trkpt lat="45.861904" lon="12.26537">
        <ele>62.5</ele>
      </trkpt>
      <trkpt lat="45.861946" lon="12.265422">
        <ele>62.25</ele>
      </trkpt>
      <trkpt lat="45.86198" lon="12.265495">
        <ele>62.25</ele>
      </trkpt>
      <trkpt lat="45.861992" lon="12.265542">
        <ele>62.25</ele>
      </trkpt>
      <trkpt lat="45.86201" lon="12.265715">
        <ele>62.5</ele>
      </trkpt>
      <trkpt lat="45.862028" lon="12.265786">
        <ele>62.5</ele>
      </trkpt>
      <trkpt lat="45.862129" lon="12.265963">
        <ele>62.5</ele>
      </trkpt>
      <trkpt lat="45.862786" lon="12.266845">
        <ele>61.25</ele>
      </trkpt>
      <trkpt lat="45.8628" lon="12.266864">
        <ele>61.25</ele>
      </trkpt>
      <trkpt lat="45.862851" lon="12.266932">
        <ele>61.0</ele>
      </trkpt>
      <trkpt lat="45.862891" lon="12.266986">
        <ele>61.0</ele>
      </trkpt>
      <trkpt lat="45.862901" lon="12.266999">
        <ele>61.0</ele>
      </trkpt>
      <trkpt lat="45.863383" lon="12.267642">
        <ele>61.0</ele>
      </trkpt>
      <trkpt lat="45.863449" lon="12.267731">
        <ele>61.0</ele>
      </trkpt>
      <trkpt lat="45.863515" lon="12.26782">
        <ele>61.0</ele>
      </trkpt>
      <trkpt lat="45.863564" lon="12.267886">
        <ele>61.0</ele>
      </trkpt>
      <trkpt lat="45.864464" lon="12.269101">
        <ele>62.0</ele>
      </trkpt>
      <trkpt lat="45.865491" lon="12.270488">
        <ele>61.25</ele>
      </trkpt>
      <trkpt lat="45.865629" lon="12.270664">
        <ele>60.75</ele>
      </trkpt>
      <trkpt lat="45.865652" lon="12.270686">
        <ele>60.75</ele>
      </trkpt>
      <trkpt lat="45.8657" lon="12.270707">
        <ele>60.5</ele>
      </trkpt>
      <trkpt lat="45.865748" lon="12.270695">
        <ele>60.25</ele>
      </trkpt>
      <trkpt lat="45.865797" lon="12.270644">
        <ele>60.25</ele>
      </trkpt>
      <trkpt lat="45.865911" lon="12.270439">
        <ele>60.25</ele>
      </trkpt>
      <trkpt lat="45.866038" lon="12.2703">
        <ele>60.25</ele>
      </trkpt>
      <trkpt lat="45.866315" lon="12.27012">
        <ele>59.75</ele>
      </trkpt>
      <trkpt lat="45.866375" lon="12.270098">
        <ele>59.5</ele>
      </trkpt>
      <trkpt lat="45.866422" lon="12.270098">
        <ele>59.5</ele>
      </trkpt>
      <trkpt lat="45.86661" lon="12.270208">
        <ele>59.25</ele>
      </trkpt>
      <trkpt lat="45.866643" lon="12.270232">
        <ele>59.25</ele>
      </trkpt>
      <trkpt lat="45.866658" lon="12.270272">
        <ele>59.25</ele>
      </trkpt>
      <trkpt lat="45.866653" lon="12.270469">
        <ele>59.5</ele>
      </trkpt>
      <trkpt lat="45.866666" lon="12.270568">
        <ele>59.5</ele>
      </trkpt>
      <trkpt lat="45.86674" lon="12.27079">
        <ele>60.0</ele>
      </trkpt>
      <trkpt lat="45.866752" lon="12.270859">
        <ele>60.25</ele>
      </trkpt>
      <trkpt lat="45.866756" lon="12.270937">
        <ele>60.25</ele>
      </trkpt>
      <trkpt lat="45.866748" lon="12.271078">
        <ele>60.5</ele>
      </trkpt>
      <trkpt lat="45.866718" lon="12.271224">
        <ele>61.0</ele>
      </trkpt>
      <trkpt lat="45.866692" lon="12.271299">
        <ele>61.0</ele>
      </trkpt>
      <trkpt lat="45.866623" lon="12.271449">
        <ele>61.25</ele>
      </trkpt>
      <trkpt lat="45.866608" lon="12.271496">
        <ele>61.25</ele>
      </trkpt>
      <trkpt lat="45.866595" lon="12.27163">
        <ele>61.5</ele>
      </trkpt>
      <trkpt lat="45.8666" lon="12.271816">
        <ele>61.5</ele>
      </trkpt>
      <trkpt lat="45.866643" lon="12.271958">
        <ele>61.5</ele>
      </trkpt>
      <trkpt lat="45.866688" lon="12.272053">
        <ele>61.5</ele>
      </trkpt>
      <trkpt lat="45.866776" lon="12.272186">
        <ele>61.25</ele>
      </trkpt>
      <trkpt lat="45.866914" lon="12.272372">
        <ele>61.25</ele>
      </trkpt>
      <trkpt lat="45.867308" lon="12.272864">
        <ele>60.75</ele>
      </trkpt>
      <trkpt lat="45.867336" lon="12.27285">
        <ele>60.75</ele>
      </trkpt>
      <trkpt lat="45.867357" lon="12.272841">
        <ele>60.75</ele>
      </trkpt>
      <trkpt lat="45.867374" lon="12.272833">
        <ele>60.75</ele>
      </trkpt>
      <trkpt lat="45.867408" lon="12.27298">
        <ele>60.5</ele>
      </trkpt>
      <trkpt lat="45.867418" lon="12.272999">
        <ele>60.5</ele>
      </trkpt>
      <trkpt lat="45.867492" lon="12.273088">
        <ele>60.5</ele>
      </trkpt>
      <trkpt lat="45.867504" lon="12.27313">
        <ele>60.25</ele>
      </trkpt>
      <trkpt lat="45.867554" lon="12.273196">
        <ele>60.25</ele>
      </trkpt>
      <trkpt lat="45.867873" lon="12.273599">
        <ele>59.5</ele>
      </trkpt>
      <trkpt lat="45.868244" lon="12.274081">
        <ele>59.0</ele>
      </trkpt>
      <trkpt lat="45.868512" lon="12.274414">
        <ele>58.5</ele>
      </trkpt>
      <trkpt lat="45.868885" lon="12.274886">
        <ele>58.75</ele>
      </trkpt>
      <trkpt lat="45.868934" lon="12.274916">
        <ele>59.0</ele>
      </trkpt>
      <trkpt lat="45.868993" lon="12.274918">
        <ele>59.25</ele>
      </trkpt>
      <trkpt lat="45.869052" lon="12.274879">
        <ele>59.5</ele>
      </trkpt>
      <trkpt lat="45.86909" lon="12.274824">
        <ele>59.5</ele>
      </trkpt>
      <trkpt lat="45.869111" lon="12.27477">
        <ele>59.5</ele>
      </trkpt>
      <trkpt lat="45.869119" lon="12.274698">
        <ele>59.5</ele>
      </trkpt>
      <trkpt lat="45.869119" lon="12.27435">
        <ele>59.0</ele>
      </trkpt>
      <trkpt lat="45.86912" lon="12.273949">
        <ele>59.25</ele>
      </trkpt>
      <trkpt lat="45.869116" lon="12.273911">
        <ele>59.25</ele>
      </trkpt>
      <trkpt lat="45.86911" lon="12.273877">
        <ele>59.25</ele>
      </trkpt>
      <trkpt lat="45.869085" lon="12.273818">
        <ele>59.25</ele>
      </trkpt>
      <trkpt lat="45.869067" lon="12.273796">
        <ele>59.25</ele>
      </trkpt>
      <trkpt lat="45.869021" lon="12.27377">
        <ele>59.25</ele>
      </trkpt>
      <trkpt lat="45.869015" lon="12.273755">
        <ele>59.25</ele>
      </trkpt>
      <trkpt lat="45.869017" lon="12.273743">
        <ele>59.5</ele>
      </trkpt>
      <trkpt lat="45.869027" lon="12.273689">
        <ele>59.5</ele>
      </trkpt>
      <trkpt lat="45.869135" lon="12.273739">
        <ele>59.5</ele>
      </trkpt>
      <trkpt lat="45.869186" lon="12.273762">
        <ele>59.5</ele>
      </trkpt>
      <trkpt lat="45.869228" lon="12.273768">
        <ele>59.5</ele>
      </trkpt>
      <trkpt lat="45.869235" lon="12.273768">
        <ele>59.5</ele>
      </trkpt>
      <trkpt lat="45.869235" lon="12.27382">
        <ele>59.5</ele>
      </trkpt>
      <trkpt lat="45.869235" lon="12.274491">
        <ele>59.5</ele>
      </trkpt>
      <trkpt lat="45.869235" lon="12.274541">
        <ele>59.5</ele>
      </trkpt>
      <trkpt lat="45.869235" lon="12.274586">
        <ele>59.5</ele>
      </trkpt>
      <trkpt lat="45.869233" lon="12.27541">
        <ele>59.0</ele>
      </trkpt>
      <trkpt lat="45.869241" lon="12.275432">
        <ele>58.75</ele>
      </trkpt>
      <trkpt lat="45.869284" lon="12.27549">
        <ele>58.75</ele>
      </trkpt>
      <trkpt lat="45.869705" lon="12.276022">
        <ele>58.0</ele>
      </trkpt>
      <trkpt lat="45.870454" lon="12.276989">
        <ele>58.25</ele>
      </trkpt>
      <trkpt lat="45.870603" lon="12.277164">
        <ele>58.0</ele>
      </trkpt>
      <trkpt lat="45.871104" lon="12.277832">
        <ele>57.75</ele>
      </trkpt>
      <trkpt lat="45.871214" lon="12.277978">
        <ele>57.75</ele>
      </trkpt>
      <trkpt lat="45.871221" lon="12.277988">
        <ele>57.75</ele>
      </trkpt>
      <trkpt lat="45.871272" lon="12.278055">
        <ele>58.0</ele>
      </trkpt>
      <trkpt lat="45.871325" lon="12.278127">
        <ele>58.0</ele>
      </trkpt>
      <trkpt lat="45.871333" lon="12.278137">
        <ele>58.0</ele>
      </trkpt>
      <trkpt lat="45.871525" lon="12.278392">
        <ele>58.5</ele>
      </trkpt>
      <trkpt lat="45.8716" lon="12.278492">
        <ele>59.0</ele>
      </trkpt>
      <trkpt lat="45.871635" lon="12.278538">
        <ele>59.0</ele>
      </trkpt>
      <trkpt lat="45.871747" lon="12.278686">
        <ele>59.25</ele>
      </trkpt>
      <trkpt lat="45.871801" lon="12.278758">
        <ele>59.25</ele>
      </trkpt>
      <trkpt lat="45.871864" lon="12.27884">
        <ele>59.25</ele>
      </trkpt>
      <trkpt lat="45.872222" lon="12.279307">
        <ele>59.0</ele>
      </trkpt>
      <trkpt lat="45.872231" lon="12.279318">
        <ele>59.0</ele>
      </trkpt>
      <trkpt lat="45.87227" lon="12.27937">
        <ele>59.0</ele>
      </trkpt>
      <trkpt lat="45.872309" lon="12.279423">
        <ele>58.75</ele>
      </trkpt>
      <trkpt lat="45.872323" lon="12.279443">
        <ele>58.75</ele>
      </trkpt>
      <trkpt lat="45.872432" lon="12.279594">
        <ele>58.5</ele>
      </trkpt>
      <trkpt lat="45.872475" lon="12.279654">
        <ele>58.25</ele>
      </trkpt>
      <trkpt lat="45.872506" lon="12.279669">
        <ele>58.25</ele>
      </trkpt>
      <trkpt lat="45.872657" lon="12.279881">
        <ele>58.0</ele>
      </trkpt>
      <trkpt lat="45.872959" lon="12.280285">
        <ele>57.5</ele>
      </trkpt>
      <trkpt lat="45.872965" lon="12.280292">
        <ele>57.25</ele>
      </trkpt>
      <trkpt lat="45.87299" lon="12.280325">
        <ele>57.25</ele>
      </trkpt>
      <trkpt lat="45.873013" lon="12.280355">
        <ele>57.25</ele>
      </trkpt>
      <trkpt lat="45.873019" lon="12.280364">
        <ele>57.25</ele>
      </trkpt>
      <trkpt lat="45.873123" lon="12.280502">
        <ele>57.0</ele>
      </trkpt>
      <trkpt lat="45.873251" lon="12.28067">
        <ele>57.0</ele>
      </trkpt>
      <trkpt lat="45.873256" lon="12.280676">
        <ele>57.0</ele>
      </trkpt>
      <trkpt lat="45.873278" lon="12.280705">
        <ele>57.0</ele>
      </trkpt>
      <trkpt lat="45.873305" lon="12.28074">
        <ele>57.0</ele>
      </trkpt>
      <trkpt lat="45.873313" lon="12.280752">
        <ele>57.0</ele>
      </trkpt>
      <trkpt lat="45.873674" lon="12.281221">
        <ele>57.25</ele>
      </trkpt>
      <trkpt lat="45.873716" lon="12.281277">
        <ele>57.25</ele>
      </trkpt>
      <trkpt lat="45.873733" lon="12.281293">
        <ele>57.25</ele>
      </trkpt>
      <trkpt lat="45.87375" lon="12.281294">
        <ele>57.25</ele>
      </trkpt>
      <trkpt lat="45.873775" lon="12.281281">
        <ele>57.5</ele>
      </trkpt>
      <trkpt lat="45.873783" lon="12.281292">
        <ele>57.5</ele>
      </trkpt>
      <trkpt lat="45.873815" lon="12.28133">
        <ele>57.5</ele>
      </trkpt>
      <trkpt lat="45.873849" lon="12.281376">
        <ele>57.5</ele>
      </trkpt>
      <trkpt lat="45.873846" lon="12.281405">
        <ele>57.5</ele>
      </trkpt>
      <trkpt lat="45.873852" lon="12.281442">
        <ele>57.5</ele>
      </trkpt>
      <trkpt lat="45.873907" lon="12.281528">
        <ele>57.5</ele>
      </trkpt>
      <trkpt lat="45.874178" lon="12.281877">
        <ele>57.25</ele>
      </trkpt>
      <trkpt lat="45.874527" lon="12.282327">
        <ele>57.0</ele>
      </trkpt>
      <trkpt lat="45.874901" lon="12.282812">
        <ele>57.0</ele>
      </trkpt>
      <trkpt lat="45.875164" lon="12.283165">
        <ele>56.0</ele>
      </trkpt>
      <trkpt lat="45.875294" lon="12.283342">
        <ele>55.5</ele>
      </trkpt>
      <trkpt lat="45.875357" lon="12.283429">
        <ele>55.5</ele>
      </trkpt>
      <trkpt lat="45.875432" lon="12.283496">
        <ele>55.5</ele>
      </trkpt>
      <trkpt lat="45.87549" lon="12.283526">
        <ele>55.5</ele>
      </trkpt>
      <trkpt lat="45.875558" lon="12.283539">
        <ele>55.25</ele>
      </trkpt>
      <trkpt lat="45.8756" lon="12.283537">
        <ele>55.25</ele>
      </trkpt>
      <trkpt lat="45.875598" lon="12.283583">
        <ele>55.25</ele>
      </trkpt>
      <trkpt lat="45.875595" lon="12.283634">
        <ele>55.5</ele>
      </trkpt>
      <trkpt lat="45.87559" lon="12.283685">
        <ele>55.5</ele>
      </trkpt>
      <trkpt lat="45.875586" lon="12.283729">
        <ele>55.5</ele>
      </trkpt>
      <trkpt lat="45.875582" lon="12.283765">
        <ele>55.5</ele>
      </trkpt>
      <trkpt lat="45.875572" lon="12.283848">
        <ele>55.5</ele>
      </trkpt>
      <trkpt lat="45.875628" lon="12.283938">
        <ele>55.75</ele>
      </trkpt>
      <trkpt lat="45.875674" lon="12.284013">
        <ele>55.75</ele>
      </trkpt>
      <trkpt lat="45.875697" lon="12.28405">
        <ele>55.75</ele>
      </trkpt>
      <trkpt lat="45.875801" lon="12.284218">
        <ele>56.0</ele>
      </trkpt>
      <trkpt lat="45.875848" lon="12.284287">
        <ele>56.25</ele>
      </trkpt>
      <trkpt lat="45.875866" lon="12.284319">
        <ele>56.5</ele>
      </trkpt>
      <trkpt lat="45.875895" lon="12.284396">
        <ele>57.0</ele>
      </trkpt>
      <trkpt lat="45.876282" lon="12.284926">
        <ele>60.25</ele>
      </trkpt>
      <trkpt lat="45.876304" lon="12.284955">
        <ele>60.5</ele>
      </trkpt>
      <trkpt lat="45.876394" lon="12.285074">
        <ele>60.75</ele>
      </trkpt>
      <trkpt lat="45.876419" lon="12.285112">
        <ele>60.5</ele>
      </trkpt>
      <trkpt lat="45.876436" lon="12.285166">
        <ele>60.5</ele>
      </trkpt>
      <trkpt lat="45.876849" lon="12.285706">
        <ele>59.75</ele>
      </trkpt>
      <trkpt lat="45.876912" lon="12.285746">
        <ele>59.75</ele>
      </trkpt>
      <trkpt lat="45.877294" lon="12.286241">
        <ele>59.25</ele>
      </trkpt>
      <trkpt lat="45.877312" lon="12.286263">
        <ele>59.25</ele>
      </trkpt>
      <trkpt lat="45.877348" lon="12.286296">
        <ele>59.25</ele>
      </trkpt>
      <trkpt lat="45.87739" lon="12.286353">
        <ele>59.25</ele>
      </trkpt>
      <trkpt lat="45.877419" lon="12.286391">
        <ele>59.25</ele>
      </trkpt>
      <trkpt lat="45.877439" lon="12.286419">
        <ele>59.25</ele>
      </trkpt>
      <trkpt lat="45.87748" lon="12.286474">
        <ele>59.25</ele>
      </trkpt>
      <trkpt lat="45.877501" lon="12.286503">
        <ele>59.25</ele>
      </trkpt>
      <trkpt lat="45.877515" lon="12.286521">
        <ele>59.25</ele>
      </trkpt>
      <trkpt lat="45.877576" lon="12.286602">
        <ele>59.0</ele>
      </trkpt>
      <trkpt lat="45.878248" lon="12.287491">
        <ele>58.75</ele>
      </trkpt>
      <trkpt lat="45.878456" lon="12.287766">
        <ele>58.25</ele>
      </trkpt>
      <trkpt lat="45.878463" lon="12.287775">
        <ele>58.25</ele>
      </trkpt>
      <trkpt lat="45.878493" lon="12.287813">
        <ele>58.25</ele>
      </trkpt>
      <trkpt lat="45.878517" lon="12.287844">
        <ele>58.0</ele>
      </trkpt>
      <trkpt lat="45.878656" lon="12.288021">
        <ele>58.0</ele>
      </trkpt>
      <trkpt lat="45.87867" lon="12.28804">
        <ele>58.0</ele>
      </trkpt>
      <trkpt lat="45.878684" lon="12.28806">
        <ele>58.0</ele>
      </trkpt>
      <trkpt lat="45.878993" lon="12.288486">
        <ele>58.0</ele>
      </trkpt>
      <trkpt lat="45.87902" lon="12.288524">
        <ele>58.0</ele>
      </trkpt>
      <trkpt lat="45.879049" lon="12.288564">
        <ele>57.75</ele>
      </trkpt>
      <trkpt lat="45.879634" lon="12.289328">
        <ele>56.0</ele>
      </trkpt>
      <trkpt lat="45.87985" lon="12.28963">
        <ele>56.0</ele>
      </trkpt>
      <trkpt lat="45.880062" lon="12.289901">
        <ele>55.75</ele>
      </trkpt>
      <trkpt lat="45.880115" lon="12.289968">
        <ele>55.75</ele>
      </trkpt>
      <trkpt lat="45.880625" lon="12.290644">
        <ele>57.5</ele>
      </trkpt>
      <trkpt lat="45.880785" lon="12.290854">
        <ele>58.0</ele>
      </trkpt>
      <trkpt lat="45.880937" lon="12.291058">
        <ele>58.5</ele>
      </trkpt>
      <trkpt lat="45.881639" lon="12.291975">
        <ele>60.25</ele>
      </trkpt>
      <trkpt lat="45.881782" lon="12.292159">
        <ele>60.5</ele>
      </trkpt>
      <trkpt lat="45.881899" lon="12.292314">
        <ele>60.5</ele>
      </trkpt>
      <trkpt lat="45.882061" lon="12.292493">
        <ele>60.5</ele>
      </trkpt>
      <trkpt lat="45.882112" lon="12.292563">
        <ele>60.25</ele>
      </trkpt>
      <trkpt lat="45.882122" lon="12.29263">
        <ele>60.25</ele>
      </trkpt>
      <trkpt lat="45.882116" lon="12.292666">
        <ele>60.25</ele>
      </trkpt>
      <trkpt lat="45.8821" lon="12.292688">
        <ele>60.25</ele>
      </trkpt>
      <trkpt lat="45.881971" lon="12.292735">
        <ele>60.5</ele>
      </trkpt>
      <trkpt lat="45.881975" lon="12.292752">
        <ele>60.5</ele>
      </trkpt>
      <trkpt lat="45.881978" lon="12.292775">
        <ele>60.5</ele>
      </trkpt>
      <trkpt lat="45.881983" lon="12.292805">
        <ele>60.5</ele>
      </trkpt>
      <trkpt lat="45.881985" lon="12.292819">
        <ele>60.5</ele>
      </trkpt>
      <trkpt lat="45.881986" lon="12.292835">
        <ele>60.5</ele>
      </trkpt>
      <trkpt lat="45.881989" lon="12.29287">
        <ele>60.5</ele>
      </trkpt>
      <trkpt lat="45.88199" lon="12.292882">
        <ele>60.5</ele>
      </trkpt>
      <trkpt lat="45.882054" lon="12.292876">
        <ele>60.5</ele>
      </trkpt>
      <trkpt lat="45.882075" lon="12.292888">
        <ele>60.5</ele>
      </trkpt>
      <trkpt lat="45.882094" lon="12.292912">
        <ele>60.25</ele>
      </trkpt>
      <trkpt lat="45.882116" lon="12.292956">
        <ele>60.25</ele>
      </trkpt>
      <trkpt lat="45.882136" lon="12.293022">
        <ele>60.25</ele>
      </trkpt>
      <trkpt lat="45.882148" lon="12.293133">
        <ele>60.25</ele>
      </trkpt>
      <trkpt lat="45.882169" lon="12.293303">
        <ele>60.0</ele>
      </trkpt>
      <trkpt lat="45.882195" lon="12.293427">
        <ele>60.0</ele>
      </trkpt>
      <trkpt lat="45.882222" lon="12.293524">
        <ele>59.75</ele>
      </trkpt>
      <trkpt lat="45.882258" lon="12.293624">
        <ele>59.75</ele>
      </trkpt>
      <trkpt lat="45.882266" lon="12.293644">
        <ele>59.5</ele>
      </trkpt>
      <trkpt lat="45.882281" lon="12.293681">
        <ele>59.5</ele>
      </trkpt>
      <trkpt lat="45.882349" lon="12.293812">
        <ele>59.25</ele>
      </trkpt>
      <trkpt lat="45.882368" lon="12.293842">
        <ele>59.25</ele>
      </trkpt>
      <trkpt lat="45.882386" lon="12.293872">
        <ele>59.25</ele>
      </trkpt>
      <trkpt lat="45.882413" lon="12.293912">
        <ele>59.0</ele>
      </trkpt>
      <trkpt lat="45.882671" lon="12.294205">
        <ele>59.0</ele>
      </trkpt>
      <trkpt lat="45.882781" lon="12.294344">
        <ele>59.0</ele>
      </trkpt>
      <trkpt lat="45.882801" lon="12.294371">
        <ele>59.0</ele>
      </trkpt>
      <trkpt lat="45.882819" lon="12.294397">
        <ele>58.75</ele>
      </trkpt>
      <trkpt lat="45.882877" lon="12.294474">
        <ele>59.0</ele>
      </trkpt>
      <trkpt lat="45.882999" lon="12.294624">
        <ele>59.0</ele>
      </trkpt>
      <trkpt lat="45.883219" lon="12.294873">
        <ele>59.0</ele>
      </trkpt>
      <trkpt lat="45.883491" lon="12.295142">
        <ele>59.25</ele>
      </trkpt>
      <trkpt lat="45.883678" lon="12.295306">
        <ele>59.5</ele>
      </trkpt>
      <trkpt lat="45.883804" lon="12.295386">
        <ele>59.5</ele>
      </trkpt>
      <trkpt lat="45.883895" lon="12.295443">
        <ele>59.5</ele>
      </trkpt>
      <trkpt lat="45.883907" lon="12.295453">
        <ele>59.5</ele>
      </trkpt>
      <trkpt lat="45.883942" lon="12.29548">
        <ele>59.5</ele>
      </trkpt>
      <trkpt lat="45.884016" lon="12.295545">
        <ele>59.25</ele>
      </trkpt>
      <trkpt lat="45.884052" lon="12.295569">
        <ele>59.0</ele>
      </trkpt>
      <trkpt lat="45.884067" lon="12.295579">
        <ele>59.0</ele>
      </trkpt>
      <trkpt lat="45.884093" lon="12.295597">
        <ele>59.0</ele>
      </trkpt>
      <trkpt lat="45.884201" lon="12.29567">
        <ele>59.0</ele>
      </trkpt>
      <trkpt lat="45.884303" lon="12.295756">
        <ele>59.25</ele>
      </trkpt>
      <trkpt lat="45.884327" lon="12.295797">
        <ele>59.25</ele>
      </trkpt>
      <trkpt lat="45.884442" lon="12.296075">
        <ele>59.5</ele>
      </trkpt>
      <trkpt lat="45.884579" lon="12.296383">
        <ele>59.75</ele>
      </trkpt>
      <trkpt lat="45.884728" lon="12.296752">
        <ele>60.25</ele>
      </trkpt>
      <trkpt lat="45.88474" lon="12.296783">
        <ele>60.25</ele>
      </trkpt>
      <trkpt lat="45.88478" lon="12.296905">
        <ele>60.5</ele>
      </trkpt>
      <trkpt lat="45.884807" lon="12.297099">
        <ele>60.5</ele>
      </trkpt>
      <trkpt lat="45.884838" lon="12.297414">
        <ele>60.5</ele>
      </trkpt>
      <trkpt lat="45.884845" lon="12.297541">
        <ele>60.5</ele>
      </trkpt>
      <trkpt lat="45.884853" lon="12.297541">
        <ele>60.5</ele>
      </trkpt>
      <trkpt lat="45.884901" lon="12.297537">
        <ele>60.75</ele>
      </trkpt>
      <trkpt lat="45.884946" lon="12.297534">
        <ele>60.75</ele>
      </trkpt>
      <trkpt lat="45.884959" lon="12.297533">
        <ele>60.75</ele>
      </trkpt>
      <trkpt lat="45.884961" lon="12.297573">
        <ele>61.0</ele>
      </trkpt>
      <trkpt lat="45.884961" lon="12.297587">
        <ele>61.0</ele>
      </trkpt>
      <trkpt lat="45.884966" lon="12.297708">
        <ele>61.25</ele>
      </trkpt>
      <trkpt lat="45.884969" lon="12.297789">
        <ele>61.5</ele>
      </trkpt>
      <trkpt lat="45.88497" lon="12.297811">
        <ele>61.5</ele>
      </trkpt>
      <trkpt lat="45.88494" lon="12.297862">
        <ele>61.5</ele>
      </trkpt>
      <trkpt lat="45.884912" lon="12.297945">
        <ele>61.75</ele>
      </trkpt>
      <trkpt lat="45.884907" lon="12.297989">
        <ele>61.75</ele>
      </trkpt>
      <trkpt lat="45.88491" lon="12.298099">
        <ele>62.0</ele>
      </trkpt>
      <trkpt lat="45.884926" lon="12.298177">
        <ele>62.25</ele>
      </trkpt>
      <trkpt lat="45.884974" lon="12.298331">
        <ele>62.75</ele>
      </trkpt>
      <trkpt lat="45.885036" lon="12.29846">
        <ele>62.5</ele>
      </trkpt>
      <trkpt lat="45.885025" lon="12.298469">
        <ele>62.5</ele>
      </trkpt>
      <trkpt lat="45.884987" lon="12.2985">
        <ele>62.5</ele>
      </trkpt>
      <trkpt lat="45.885052" lon="12.29866">
        <ele>62.25</ele>
      </trkpt>
      <trkpt lat="45.885077" lon="12.298721">
        <ele>62.0</ele>
      </trkpt>
      <trkpt lat="45.885137" lon="12.298865">
        <ele>61.75</ele>
      </trkpt>
      <trkpt lat="45.885164" lon="12.298843">
        <ele>62.0</ele>
      </trkpt>
      <trkpt lat="45.885171" lon="12.298837">
        <ele>62.0</ele>
      </trkpt>
      <trkpt lat="45.885254" lon="12.299042">
        <ele>61.75</ele>
      </trkpt>
      <trkpt lat="45.885308" lon="12.299156">
        <ele>61.75</ele>
      </trkpt>
      <trkpt lat="45.885434" lon="12.299432">
        <ele>62.0</ele>
      </trkpt>
      <trkpt lat="45.885459" lon="12.299487">
        <ele>62.25</ele>
      </trkpt>
      <trkpt lat="45.885494" lon="12.299595">
        <ele>62.25</ele>
      </trkpt>
      <trkpt lat="45.885558" lon="12.299732">
        <ele>62.75</ele>
      </trkpt>
      <trkpt lat="45.885585" lon="12.299761">
        <ele>62.75</ele>
      </trkpt>
      <trkpt lat="45.885624" lon="12.299782">
        <ele>63.0</ele>
      </trkpt>
      <trkpt lat="45.88569" lon="12.299791">
        <ele>63.25</ele>
      </trkpt>
      <trkpt lat="45.885693" lon="12.299799">
        <ele>63.25</ele>
      </trkpt>
      <trkpt lat="45.8857" lon="12.299826">
        <ele>63.25</ele>
      </trkpt>
      <trkpt lat="45.88571" lon="12.299862">
        <ele>63.25</ele>
      </trkpt>
      <trkpt lat="45.88572" lon="12.299898">
        <ele>63.25</ele>
      </trkpt>
      <trkpt lat="45.885719" lon="12.299918">
        <ele>63.5</ele>
      </trkpt>
      <trkpt lat="45.885707" lon="12.299942">
        <ele>63.25</ele>
      </trkpt>
      <trkpt lat="45.885633" lon="12.299982">
        <ele>63.25</ele>
      </trkpt>
      <trkpt lat="45.885576" lon="12.300014">
        <ele>63.0</ele>
      </trkpt>
      <trkpt lat="45.885545" lon="12.300042">
        <ele>62.75</ele>
      </trkpt>
      <trkpt lat="45.885524" lon="12.300084">
        <ele>62.5</ele>
      </trkpt>
      <trkpt lat="45.885516" lon="12.300121">
        <ele>62.25</ele>
      </trkpt>
      <trkpt lat="45.885521" lon="12.300219">
        <ele>62.0</ele>
      </trkpt>
      <trkpt lat="45.885535" lon="12.300322">
        <ele>61.75</ele>
      </trkpt>
      <trkpt lat="45.885574" lon="12.300508">
        <ele>61.0</ele>
      </trkpt>
      <trkpt lat="45.885644" lon="12.300756">
        <ele>60.5</ele>
      </trkpt>
      <trkpt lat="45.885806" lon="12.301271">
        <ele>60.25</ele>
      </trkpt>
      <trkpt lat="45.885906" lon="12.301542">
        <ele>60.25</ele>
      </trkpt>
      <trkpt lat="45.886067" lon="12.301944">
        <ele>60.5</ele>
      </trkpt>
      <trkpt lat="45.886056" lon="12.301956">
        <ele>60.5</ele>
      </trkpt>
      <trkpt lat="45.886151" lon="12.302208">
        <ele>60.5</ele>
      </trkpt>
      <trkpt lat="45.886219" lon="12.302389">
        <ele>60.5</ele>
      </trkpt>
      <trkpt lat="45.886468" lon="12.303048">
        <ele>59.5</ele>
      </trkpt>
      <trkpt lat="45.88649" lon="12.303072">
        <ele>59.5</ele>
      </trkpt>
      <trkpt lat="45.886517" lon="12.303149">
        <ele>59.25</ele>
      </trkpt>
      <trkpt lat="45.886576" lon="12.303299">
        <ele>59.0</ele>
      </trkpt>
      <trkpt lat="45.886613" lon="12.303379">
        <ele>58.75</ele>
      </trkpt>
      <trkpt lat="45.886644" lon="12.3034">
        <ele>58.75</ele>
      </trkpt>
      <trkpt lat="45.886641" lon="12.303412">
        <ele>58.75</ele>
      </trkpt>
      <trkpt lat="45.886637" lon="12.303435">
        <ele>58.75</ele>
      </trkpt>
      <trkpt lat="45.886615" lon="12.303511">
        <ele>58.75</ele>
      </trkpt>
      <trkpt lat="45.886626" lon="12.303527">
        <ele>58.75</ele>
      </trkpt>
      <trkpt lat="45.886647" lon="12.30357">
        <ele>58.75</ele>
      </trkpt>
      <trkpt lat="45.886684" lon="12.303675">
        <ele>59.0</ele>
      </trkpt>
      <trkpt lat="45.886743" lon="12.303841">
        <ele>59.0</ele>
      </trkpt>
      <trkpt lat="45.886813" lon="12.303992">
        <ele>59.25</ele>
      </trkpt>
      <trkpt lat="45.886895" lon="12.30415">
        <ele>59.5</ele>
      </trkpt>
      <trkpt lat="45.887017" lon="12.304444">
        <ele>59.75</ele>
      </trkpt>
      <trkpt lat="45.887228" lon="12.304987">
        <ele>59.25</ele>
      </trkpt>
      <trkpt lat="45.887256" lon="12.305072">
        <ele>59.0</ele>
      </trkpt>
      <trkpt lat="45.887262" lon="12.305145">
        <ele>59.0</ele>
      </trkpt>
      <trkpt lat="45.888044" lon="12.307185">
        <ele>59.5</ele>
      </trkpt>
      <trkpt lat="45.88814" lon="12.30731">
        <ele>59.25</ele>
      </trkpt>
      <trkpt lat="45.88817" lon="12.307349">
        <ele>59.25</ele>
      </trkpt>
      <trkpt lat="45.888311" lon="12.30772">
        <ele>58.75</ele>
      </trkpt>
      <trkpt lat="45.888538" lon="12.308303">
        <ele>59.0</ele>
      </trkpt>
      <trkpt lat="45.888696" lon="12.308693">
        <ele>59.5</ele>
      </trkpt>
      <trkpt lat="45.888766" lon="12.308871">
        <ele>59.75</ele>
      </trkpt>
      <trkpt lat="45.888848" lon="12.309075">
        <ele>60.0</ele>
      </trkpt>
      <trkpt lat="45.888947" lon="12.309265">
        <ele>60.0</ele>
      </trkpt>
      <trkpt lat="45.889077" lon="12.309476">
        <ele>59.75</ele>
      </trkpt>
      <trkpt lat="45.889149" lon="12.309571">
        <ele>59.5</ele>
      </trkpt>
      <trkpt lat="45.889276" lon="12.309721">
        <ele>59.0</ele>
      </trkpt>
      <trkpt lat="45.890312" lon="12.3108">
        <ele>56.75</ele>
      </trkpt>
      <trkpt lat="45.890324" lon="12.310829">
        <ele>56.75</ele>
      </trkpt>
      <trkpt lat="45.890333" lon="12.310812">
        <ele>56.75</ele>
      </trkpt>
      <trkpt lat="45.890356" lon="12.310771">
        <ele>56.75</ele>
      </trkpt>
      <trkpt lat="45.890376" lon="12.310729">
        <ele>57.0</ele>
      </trkpt>
      <trkpt lat="45.890389" lon="12.310706">
        <ele>57.0</ele>
      </trkpt>
      <trkpt lat="45.890561" lon="12.310889">
        <ele>57.25</ele>
      </trkpt>
      <trkpt lat="45.890915" lon="12.311251">
        <ele>58.75</ele>
      </trkpt>
      <trkpt lat="45.89095" lon="12.311284">
        <ele>59.0</ele>
      </trkpt>
      <trkpt lat="45.891077" lon="12.311415">
        <ele>59.75</ele>
      </trkpt>
      <trkpt lat="45.891845" lon="12.312215">
        <ele>62.75</ele>
      </trkpt>
      <trkpt lat="45.891827" lon="12.312247">
        <ele>62.75</ele>
      </trkpt>
      <trkpt lat="45.891801" lon="12.312299">
        <ele>62.5</ele>
      </trkpt>
      <trkpt lat="45.891783" lon="12.312335">
        <ele>62.5</ele>
      </trkpt>
      <trkpt lat="45.891774" lon="12.312354">
        <ele>62.5</ele>
      </trkpt>
      <trkpt lat="45.891883" lon="12.312477">
        <ele>62.5</ele>
      </trkpt>
      <trkpt lat="45.892059" lon="12.312705">
        <ele>62.0</ele>
      </trkpt>
      <trkpt lat="45.892082" lon="12.312736">
        <ele>62.0</ele>
      </trkpt>
      <trkpt lat="45.892138" lon="12.312827">
        <ele>61.75</ele>
      </trkpt>
      <trkpt lat="45.892198" lon="12.312933">
        <ele>61.5</ele>
      </trkpt>
      <trkpt lat="45.892284" lon="12.313129">
        <ele>61.0</ele>
      </trkpt>
      <trkpt lat="45.892381" lon="12.313377">
        <ele>60.5</ele>
      </trkpt>
      <trkpt lat="45.892449" lon="12.313593">
        <ele>60.25</ele>
      </trkpt>
      <trkpt lat="45.892528" lon="12.313882">
        <ele>59.75</ele>
      </trkpt>
      <trkpt lat="45.892615" lon="12.314149">
        <ele>59.5</ele>
      </trkpt>
      <trkpt lat="45.892628" lon="12.314189">
        <ele>59.5</ele>
      </trkpt>
      <trkpt lat="45.89264" lon="12.314226">
        <ele>59.5</ele>
      </trkpt>
      <trkpt lat="45.892821" lon="12.314711">
        <ele>60.25</ele>
      </trkpt>
      <trkpt lat="45.892841" lon="12.314764">
        <ele>60.25</ele>
      </trkpt>
      <trkpt lat="45.89286" lon="12.314811">
        <ele>60.25</ele>
      </trkpt>
      <trkpt lat="45.892999" lon="12.31516">
        <ele>60.25</ele>
      </trkpt>
      <trkpt lat="45.893139" lon="12.315509">
        <ele>59.75</ele>
      </trkpt>
      <trkpt lat="45.893154" lon="12.315546">
        <ele>59.5</ele>
      </trkpt>
      <trkpt lat="45.893181" lon="12.315614">
        <ele>59.5</ele>
      </trkpt>
      <trkpt lat="45.893487" lon="12.316377">
        <ele>60.75</ele>
      </trkpt>
      <trkpt lat="45.893492" lon="12.316389">
        <ele>61.0</ele>
      </trkpt>
      <trkpt lat="45.89351" lon="12.316435">
        <ele>61.0</ele>
      </trkpt>
      <trkpt lat="45.893536" lon="12.316499">
        <ele>61.25</ele>
      </trkpt>
      <trkpt lat="45.893614" lon="12.3167">
        <ele>61.75</ele>
      </trkpt>
      <trkpt lat="45.893971" lon="12.317619">
        <ele>60.25</ele>
      </trkpt>
      <trkpt lat="45.893988" lon="12.317661">
        <ele>60.25</ele>
      </trkpt>
      <trkpt lat="45.894008" lon="12.317711">
        <ele>60.0</ele>
      </trkpt>
      <trkpt lat="45.894101" lon="12.317952">
        <ele>59.25</ele>
      </trkpt>
      <trkpt lat="45.894184" lon="12.31817">
        <ele>58.5</ele>
      </trkpt>
      <trkpt lat="45.894286" lon="12.318434">
        <ele>58.75</ele>
      </trkpt>
      <trkpt lat="45.8943" lon="12.31847">
        <ele>58.75</ele>
      </trkpt>
      <trkpt lat="45.894313" lon="12.318501">
        <ele>58.75</ele>
      </trkpt>
      <trkpt lat="45.894786" lon="12.319686">
        <ele>59.5</ele>
      </trkpt>
      <trkpt lat="45.894799" lon="12.319718">
        <ele>59.5</ele>
      </trkpt>
      <trkpt lat="45.894815" lon="12.319756">
        <ele>59.5</ele>
      </trkpt>
      <trkpt lat="45.895231" lon="12.320809">
        <ele>58.0</ele>
      </trkpt>
      <trkpt lat="45.895249" lon="12.320842">
        <ele>58.0</ele>
      </trkpt>
      <trkpt lat="45.895268" lon="12.320879">
        <ele>58.0</ele>
      </trkpt>
      <trkpt lat="45.895375" lon="12.321146">
        <ele>58.0</ele>
      </trkpt>
      <trkpt lat="45.895404" lon="12.321219">
        <ele>58.0</ele>
      </trkpt>
      <trkpt lat="45.895415" lon="12.321245">
        <ele>58.0</ele>
      </trkpt>
      <trkpt lat="45.895519" lon="12.321507">
        <ele>57.75</ele>
      </trkpt>
      <trkpt lat="45.895541" lon="12.321563">
        <ele>57.5</ele>
      </trkpt>
      <trkpt lat="45.895558" lon="12.321607">
        <ele>57.5</ele>
      </trkpt>
      <trkpt lat="45.895578" lon="12.321658">
        <ele>57.5</ele>
      </trkpt>
      <trkpt lat="45.8956" lon="12.321727">
        <ele>57.5</ele>
      </trkpt>
      <trkpt lat="45.895637" lon="12.321824">
        <ele>57.5</ele>
      </trkpt>
      <trkpt lat="45.895662" lon="12.321913">
        <ele>57.75</ele>
      </trkpt>
      <trkpt lat="45.895803" lon="12.322269">
        <ele>58.25</ele>
      </trkpt>
      <trkpt lat="45.89582" lon="12.322311">
        <ele>58.5</ele>
      </trkpt>
      <trkpt lat="45.89584" lon="12.322363">
        <ele>58.5</ele>
      </trkpt>
      <trkpt lat="45.896077" lon="12.322957">
        <ele>58.0</ele>
      </trkpt>
      <trkpt lat="45.896291" lon="12.323431">
        <ele>56.25</ele>
      </trkpt>
      <trkpt lat="45.896443" lon="12.323707">
        <ele>55.75</ele>
      </trkpt>
      <trkpt lat="45.89668" lon="12.324067">
        <ele>55.75</ele>
      </trkpt>
      <trkpt lat="45.896744" lon="12.324155">
        <ele>56.5</ele>
      </trkpt>
      <trkpt lat="45.896822" lon="12.324241">
        <ele>57.25</ele>
      </trkpt>
      <trkpt lat="45.896853" lon="12.324279">
        <ele>57.5</ele>
      </trkpt>
      <trkpt lat="45.896883" lon="12.324305">
        <ele>57.75</ele>
      </trkpt>
      <trkpt lat="45.897255" lon="12.32467">
        <ele>59.25</ele>
      </trkpt>
      <trkpt lat="45.897723" lon="12.32513">
        <ele>59.5</ele>
      </trkpt>
      <trkpt lat="45.897976" lon="12.325374">
        <ele>60.0</ele>
      </trkpt>
      <trkpt lat="45.898014" lon="12.325412">
        <ele>60.0</ele>
      </trkpt>
      <trkpt lat="45.898042" lon="12.32544">
        <ele>60.0</ele>
      </trkpt>
      <trkpt lat="45.900688" lon="12.328025">
        <ele>61.25</ele>
      </trkpt>
      <trkpt lat="45.900707" lon="12.328058">
        <ele>61.25</ele>
      </trkpt>
      <trkpt lat="45.900725" lon="12.328127">
        <ele>61.5</ele>
      </trkpt>
      <trkpt lat="45.900745" lon="12.328306">
        <ele>61.5</ele>
      </trkpt>
      <trkpt lat="45.900742" lon="12.328367">
        <ele>61.5</ele>
      </trkpt>
      <trkpt lat="45.900757" lon="12.328381">
        <ele>61.5</ele>
      </trkpt>
      <trkpt lat="45.900777" lon="12.3284">
        <ele>61.5</ele>
      </trkpt>
      <trkpt lat="45.900819" lon="12.32844">
        <ele>61.75</ele>
      </trkpt>
      <trkpt lat="45.900831" lon="12.328452">
        <ele>61.75</ele>
      </trkpt>
      <trkpt lat="45.900838" lon="12.328459">
        <ele>61.75</ele>
      </trkpt>
      <trkpt lat="45.900866" lon="12.328431">
        <ele>61.75</ele>
      </trkpt>
      <trkpt lat="45.900919" lon="12.328402">
        <ele>61.5</ele>
      </trkpt>
      <trkpt lat="45.90094" lon="12.328398">
        <ele>61.5</ele>
      </trkpt>
      <trkpt lat="45.901001" lon="12.328407">
        <ele>61.5</ele>
      </trkpt>
      <trkpt lat="45.901045" lon="12.328432">
        <ele>61.25</ele>
      </trkpt>
      <trkpt lat="45.901178" lon="12.328594">
        <ele>60.75</ele>
      </trkpt>
      <trkpt lat="45.901347" lon="12.328838">
        <ele>60.5</ele>
      </trkpt>
      <trkpt lat="45.901358" lon="12.328822">
        <ele>60.5</ele>
      </trkpt>
      <trkpt lat="45.90139" lon="12.328777">
        <ele>60.25</ele>
      </trkpt>
      <trkpt lat="45.901547" lon="12.328991">
        <ele>60.0</ele>
      </trkpt>
      <trkpt lat="45.901613" lon="12.329077">
        <ele>60.0</ele>
      </trkpt>
      <trkpt lat="45.901645" lon="12.329125">
        <ele>60.0</ele>
      </trkpt>
      <trkpt lat="45.901735" lon="12.329252">
        <ele>60.0</ele>
      </trkpt>
      <trkpt lat="45.901831" lon="12.329388">
        <ele>60.0</ele>
      </trkpt>
      <trkpt lat="45.901878" lon="12.329453">
        <ele>60.25</ele>
      </trkpt>
      <trkpt lat="45.902204" lon="12.329239">
        <ele>60.5</ele>
      </trkpt>
      <trkpt lat="45.902781" lon="12.328931">
        <ele>61.75</ele>
      </trkpt>
      <trkpt lat="45.902823" lon="12.329045">
        <ele>62.0</ele>
      </trkpt>
      <trkpt lat="45.903107" lon="12.329674">
        <ele>62.5</ele>
      </trkpt>
      <trkpt lat="45.903852" lon="12.329193">
        <ele>64.0</ele>
      </trkpt>
      <trkpt lat="45.90512" lon="12.328474">
        <ele>66.0</ele>
      </trkpt>
      <trkpt lat="45.907279" lon="12.327261">
        <ele>66.75</ele>
      </trkpt>
      <trkpt lat="45.907188" lon="12.326888">
        <ele>66.75</ele>
      </trkpt>
      <trkpt lat="45.907216" lon="12.326768">
        <ele>66.5</ele>
      </trkpt>
      <trkpt lat="45.90723" lon="12.326749">
        <ele>66.5</ele>
      </trkpt>
      <trkpt lat="45.907319" lon="12.326702">
        <ele>66.25</ele>
      </trkpt>
      <trkpt lat="45.907615" lon="12.326595">
        <ele>65.5</ele>
      </trkpt>
      <trkpt lat="45.907702" lon="12.326552">
        <ele>65.25</ele>
      </trkpt>
      <trkpt lat="45.907965" lon="12.326379">
        <ele>65.25</ele>
      </trkpt>
      <trkpt lat="45.908441" lon="12.326133">
        <ele>66.75</ele>
      </trkpt>
      <trkpt lat="45.908892" lon="12.325924">
        <ele>68.75</ele>
      </trkpt>
      <trkpt lat="45.91066" lon="12.325012">
        <ele>69.25</ele>
      </trkpt>
      <trkpt lat="45.911294" lon="12.324693">
        <ele>70.75</ele>
      </trkpt>
      <trkpt lat="45.911275" lon="12.324607">
        <ele>70.5</ele>
      </trkpt>
      <trkpt lat="45.912509" lon="12.323983">
        <ele>71.5</ele>
      </trkpt>
      <trkpt lat="45.913326" lon="12.323539">
        <ele>71.0</ele>
      </trkpt>
      <trkpt lat="45.914152" lon="12.323147">
        <ele>72.5</ele>
      </trkpt>
      <trkpt lat="45.917744" lon="12.321328">
        <ele>74.75</ele>
      </trkpt>
      <trkpt lat="45.917757" lon="12.321406">
        <ele>75.0</ele>
      </trkpt>
      <trkpt lat="45.91781" lon="12.32138">
        <ele>74.75</ele>
      </trkpt>
      <trkpt lat="45.919302" lon="12.320628">
        <ele>73.25</ele>
      </trkpt>
      <trkpt lat="45.919579" lon="12.320528">
        <ele>73.75</ele>
      </trkpt>
      <trkpt lat="45.919915" lon="12.320444">
        <ele>74.75</ele>
      </trkpt>
      <trkpt lat="45.920353" lon="12.320378">
        <ele>76.25</ele>
      </trkpt>
      <trkpt lat="45.920551" lon="12.320375">
        <ele>76.75</ele>
      </trkpt>
      <trkpt lat="45.920862" lon="12.320396">
        <ele>78.0</ele>
      </trkpt>
      <trkpt lat="45.922354" lon="12.320586">
        <ele>80.0</ele>
      </trkpt>
      <trkpt lat="45.923636" lon="12.320725">
        <ele>77.0</ele>
      </trkpt>
      <trkpt lat="45.92468" lon="12.320867">
        <ele>77.5</ele>
      </trkpt>
      <trkpt lat="45.925639" lon="12.320964">
        <ele>80.0</ele>
      </trkpt>
      <trkpt lat="45.925712" lon="12.320972">
        <ele>80.25</ele>
      </trkpt>
      <trkpt lat="45.925772" lon="12.320979">
        <ele>80.25</ele>
      </trkpt>
      <trkpt lat="45.925868" lon="12.32099">
        <ele>80.5</ele>
      </trkpt>
      <trkpt lat="45.925975" lon="12.321051">
        <ele>80.5</ele>
      </trkpt>
      <trkpt lat="45.926154" lon="12.321075">
        <ele>80.5</ele>
      </trkpt>
      <trkpt lat="45.926257" lon="12.321045">
        <ele>80.75</ele>
      </trkpt>
      <trkpt lat="45.927382" lon="12.321172">
        <ele>83.0</ele>
      </trkpt>
      <trkpt lat="45.928951" lon="12.321369">
        <ele>80.25</ele>
      </trkpt>
      <trkpt lat="45.929226" lon="12.321418">
        <ele>80.75</ele>
      </trkpt>
      <trkpt lat="45.929289" lon="12.321424">
        <ele>80.75</ele>
      </trkpt>
      <trkpt lat="45.929342" lon="12.32143">
        <ele>81.0</ele>
      </trkpt>
      <trkpt lat="45.931034" lon="12.321613">
        <ele>83.5</ele>
      </trkpt>
      <trkpt lat="45.931163" lon="12.321633">
        <ele>84.0</ele>
      </trkpt>
      <trkpt lat="45.931234" lon="12.321644">
        <ele>84.25</ele>
      </trkpt>
      <trkpt lat="45.931265" lon="12.321648">
        <ele>84.5</ele>
      </trkpt>
      <trkpt lat="45.93173" lon="12.321704">
        <ele>85.75</ele>
      </trkpt>
      <trkpt lat="45.931759" lon="12.321707">
        <ele>85.75</ele>
      </trkpt>
      <trkpt lat="45.931828" lon="12.321716">
        <ele>85.75</ele>
      </trkpt>
      <trkpt lat="45.931865" lon="12.321721">
        <ele>85.75</ele>
      </trkpt>
      <trkpt lat="45.932068" lon="12.321744">
        <ele>85.5</ele>
      </trkpt>
      <trkpt lat="45.932159" lon="12.321755">
        <ele>85.25</ele>
      </trkpt>
      <trkpt lat="45.932216" lon="12.321779">
        <ele>85.25</ele>
      </trkpt>
      <trkpt lat="45.932254" lon="12.321817">
        <ele>85.25</ele>
      </trkpt>
      <trkpt lat="45.932289" lon="12.321871">
        <ele>85.25</ele>
      </trkpt>
      <trkpt lat="45.932414" lon="12.322173">
        <ele>85.0</ele>
      </trkpt>
      <trkpt lat="45.9324" lon="12.322222">
        <ele>85.0</ele>
      </trkpt>
      <trkpt lat="45.932526" lon="12.322504">
        <ele>84.75</ele>
      </trkpt>
      <trkpt lat="45.932572" lon="12.322607">
        <ele>84.75</ele>
      </trkpt>
      <trkpt lat="45.932604" lon="12.322667">
        <ele>84.75</ele>
      </trkpt>
      <trkpt lat="45.932668" lon="12.322623">
        <ele>84.75</ele>
      </trkpt>
      <trkpt lat="45.932772" lon="12.322581">
        <ele>84.5</ele>
      </trkpt>
      <trkpt lat="45.932851" lon="12.322575">
        <ele>84.5</ele>
      </trkpt>
      <trkpt lat="45.933416" lon="12.322799">
        <ele>84.25</ele>
      </trkpt>
      <trkpt lat="45.933712" lon="12.32286">
        <ele>84.25</ele>
      </trkpt>
      <trkpt lat="45.933882" lon="12.322895">
        <ele>84.25</ele>
      </trkpt>
      <trkpt lat="45.93442" lon="12.323105">
        <ele>84.75</ele>
      </trkpt>
      <trkpt lat="45.934744" lon="12.323339">
        <ele>84.75</ele>
      </trkpt>
      <trkpt lat="45.9349" lon="12.323077">
        <ele>85.0</ele>
      </trkpt>
      <trkpt lat="45.935005" lon="12.322755">
        <ele>85.5</ele>
      </trkpt>
      <trkpt lat="45.935126" lon="12.322313">
        <ele>86.5</ele>
      </trkpt>
      <trkpt lat="45.935175" lon="12.322022">
        <ele>87.0</ele>
      </trkpt>
      <trkpt lat="45.935193" lon="12.322024">
        <ele>87.0</ele>
      </trkpt>
      <trkpt lat="45.935194" lon="12.321928">
        <ele>87.25</ele>
      </trkpt>
      <trkpt lat="45.935243" lon="12.321935">
        <ele>87.25</ele>
      </trkpt>
      <trkpt lat="45.937188" lon="12.322179">
        <ele>87.75</ele>
      </trkpt>
      <trkpt lat="45.93723" lon="12.322184">
        <ele>87.5</ele>
      </trkpt>
      <trkpt lat="45.937264" lon="12.322188">
        <ele>87.5</ele>
      </trkpt>
      <trkpt lat="45.938632" lon="12.322357">
        <ele>88.25</ele>
      </trkpt>
      <trkpt lat="45.93868" lon="12.322363">
        <ele>88.25</ele>
      </trkpt>
      <trkpt lat="45.938744" lon="12.322371">
        <ele>88.25</ele>
      </trkpt>
      <trkpt lat="45.940104" lon="12.322527">
        <ele>90.25</ele>
      </trkpt>
      <trkpt lat="45.940125" lon="12.32251">
        <ele>90.25</ele>
      </trkpt>
      <trkpt lat="45.940141" lon="12.322475">
        <ele>90.25</ele>
      </trkpt>
      <trkpt lat="45.940152" lon="12.322243">
        <ele>90.0</ele>
      </trkpt>
      <trkpt lat="45.940173" lon="12.322212">
        <ele>90.0</ele>
      </trkpt>
      <trkpt lat="45.940185" lon="12.322208">
        <ele>90.0</ele>
      </trkpt>
      <trkpt lat="45.94054" lon="12.322252">
        <ele>91.25</ele>
      </trkpt>
      <trkpt lat="45.940554" lon="12.322287">
        <ele>91.5</ele>
      </trkpt>
      <trkpt lat="45.940548" lon="12.322392">
        <ele>91.75</ele>
      </trkpt>
      <trkpt lat="45.940551" lon="12.322427">
        <ele>91.75</ele>
      </trkpt>
      <trkpt lat="45.94056" lon="12.322459">
        <ele>91.75</ele>
      </trkpt>
      <trkpt lat="45.940573" lon="12.32248">
        <ele>92.0</ele>
      </trkpt>
      <trkpt lat="45.94061" lon="12.322502">
        <ele>92.0</ele>
      </trkpt>
      <trkpt lat="45.94174" lon="12.32263">
        <ele>91.0</ele>
      </trkpt>
      <trkpt lat="45.941861" lon="12.322633">
        <ele>91.0</ele>
      </trkpt>
      <trkpt lat="45.941996" lon="12.322597">
        <ele>91.0</ele>
      </trkpt>
      <trkpt lat="45.942096" lon="12.322596">
        <ele>91.0</ele>
      </trkpt>
      <trkpt lat="45.942167" lon="12.322608">
        <ele>91.0</ele>
      </trkpt>
      <trkpt lat="45.942301" lon="12.32268">
        <ele>91.0</ele>
      </trkpt>
      <trkpt lat="45.942407" lon="12.322706">
        <ele>91.0</ele>
      </trkpt>
      <trkpt lat="45.94339" lon="12.322816">
        <ele>94.25</ele>
      </trkpt>
      <trkpt lat="45.944295" lon="12.322926">
        <ele>94.25</ele>
      </trkpt>
      <trkpt lat="45.944355" lon="12.322933">
        <ele>94.25</ele>
      </trkpt>
      <trkpt lat="45.944494" lon="12.322947">
        <ele>94.0</ele>
      </trkpt>
      <trkpt lat="45.945145" lon="12.32303">
        <ele>94.0</ele>
      </trkpt>
      <trkpt lat="45.946667" lon="12.323206">
        <ele>96.25</ele>
      </trkpt>
      <trkpt lat="45.946755" lon="12.323204">
        <ele>96.5</ele>
      </trkpt>
      <trkpt lat="45.946873" lon="12.323187">
        <ele>96.5</ele>
      </trkpt>
      <trkpt lat="45.947028" lon="12.323019">
        <ele>97.0</ele>
      </trkpt>
      <trkpt lat="45.947046" lon="12.32301">
        <ele>97.25</ele>
      </trkpt>
      <trkpt lat="45.947065" lon="12.323001">
        <ele>97.25</ele>
      </trkpt>
      <trkpt lat="45.947094" lon="12.322976">
        <ele>97.25</ele>
      </trkpt>
      <trkpt lat="45.947107" lon="12.322951">
        <ele>97.25</ele>
      </trkpt>
      <trkpt lat="45.947118" lon="12.322926">
        <ele>97.25</ele>
      </trkpt>
      <trkpt lat="45.947135" lon="12.3229">
        <ele>97.5</ele>
      </trkpt>
      <trkpt lat="45.947194" lon="12.322923">
        <ele>97.25</ele>
      </trkpt>
      <trkpt lat="45.947465" lon="12.322965">
        <ele>97.25</ele>
      </trkpt>
      <trkpt lat="45.947546" lon="12.322947">
        <ele>97.5</ele>
      </trkpt>
      <trkpt lat="45.947558" lon="12.322969">
        <ele>97.5</ele>
      </trkpt>
      <trkpt lat="45.947569" lon="12.323009">
        <ele>97.25</ele>
      </trkpt>
      <trkpt lat="45.947578" lon="12.323047">
        <ele>97.25</ele>
      </trkpt>
      <trkpt lat="45.947599" lon="12.323077">
        <ele>97.25</ele>
      </trkpt>
      <trkpt lat="45.947619" lon="12.323091">
        <ele>97.25</ele>
      </trkpt>
      <trkpt lat="45.947643" lon="12.323107">
        <ele>97.5</ele>
      </trkpt>
      <trkpt lat="45.947688" lon="12.323144">
        <ele>97.5</ele>
      </trkpt>
      <trkpt lat="45.947718" lon="12.323228">
        <ele>97.5</ele>
      </trkpt>
      <trkpt lat="45.947729" lon="12.323297">
        <ele>97.5</ele>
      </trkpt>
      <trkpt lat="45.947728" lon="12.323369">
        <ele>97.5</ele>
      </trkpt>
      <trkpt lat="45.947716" lon="12.323456">
        <ele>97.5</ele>
      </trkpt>
      <trkpt lat="45.947707" lon="12.323484">
        <ele>97.25</ele>
      </trkpt>
      <trkpt lat="45.947697" lon="12.323511">
        <ele>97.25</ele>
      </trkpt>
      <trkpt lat="45.947694" lon="12.32355">
        <ele>97.25</ele>
      </trkpt>
      <trkpt lat="45.947695" lon="12.323581">
        <ele>97.25</ele>
      </trkpt>
      <trkpt lat="45.947697" lon="12.32361">
        <ele>97.25</ele>
      </trkpt>
      <trkpt lat="45.947698" lon="12.323646">
        <ele>97.25</ele>
      </trkpt>
      <trkpt lat="45.947793" lon="12.323633">
        <ele>97.5</ele>
      </trkpt>
      <trkpt lat="45.947943" lon="12.323643">
        <ele>98.0</ele>
      </trkpt>
      <trkpt lat="45.95359" lon="12.324337">
        <ele>100.75</ele>
      </trkpt>
      <trkpt lat="45.953639" lon="12.324309">
        <ele>101.0</ele>
      </trkpt>
      <trkpt lat="45.954111" lon="12.32436">
        <ele>101.25</ele>
      </trkpt>
      <trkpt lat="45.954126" lon="12.32437">
        <ele>101.0</ele>
      </trkpt>
      <trkpt lat="45.954138" lon="12.324397">
        <ele>101.0</ele>
      </trkpt>
      <trkpt lat="45.954182" lon="12.324647">
        <ele>100.25</ele>
      </trkpt>
      <trkpt lat="45.95419" lon="12.324645">
        <ele>100.25</ele>
      </trkpt>
      <trkpt lat="45.954221" lon="12.324636">
        <ele>100.25</ele>
      </trkpt>
      <trkpt lat="45.954251" lon="12.324628">
        <ele>100.5</ele>
      </trkpt>
      <trkpt lat="45.95427" lon="12.324621">
        <ele>100.5</ele>
      </trkpt>
      <trkpt lat="45.954287" lon="12.324458">
        <ele>101.25</ele>
      </trkpt>
      <trkpt lat="45.954296" lon="12.32443">
        <ele>101.25</ele>
      </trkpt>
      <trkpt lat="45.954318" lon="12.324411">
        <ele>101.5</ele>
      </trkpt>
      <trkpt lat="45.954338" lon="12.324408">
        <ele>101.5</ele>
      </trkpt>
      <trkpt lat="45.95528" lon="12.32452">
        <ele>103.25</ele>
      </trkpt>
      <trkpt lat="45.955337" lon="12.324528">
        <ele>103.5</ele>
      </trkpt>
      <trkpt lat="45.955376" lon="12.324534">
        <ele>103.5</ele>
      </trkpt>
      <trkpt lat="45.955589" lon="12.324559">
        <ele>103.75</ele>
      </trkpt>
      <trkpt lat="45.95565" lon="12.324567">
        <ele>103.75</ele>
      </trkpt>
      <trkpt lat="45.955697" lon="12.324572">
        <ele>103.75</ele>
      </trkpt>
      <trkpt lat="45.956311" lon="12.324643">
        <ele>102.25</ele>
      </trkpt>
      <trkpt lat="45.956349" lon="12.324648">
        <ele>102.0</ele>
      </trkpt>
      <trkpt lat="45.956388" lon="12.324653">
        <ele>102.0</ele>
      </trkpt>
      <trkpt lat="45.956714" lon="12.324694">
        <ele>101.25</ele>
      </trkpt>
      <trkpt lat="45.956802" lon="12.324705">
        <ele>101.25</ele>
      </trkpt>
      <trkpt lat="45.956864" lon="12.324714">
        <ele>101.25</ele>
      </trkpt>
      <trkpt lat="45.956935" lon="12.324725">
        <ele>101.25</ele>
      </trkpt>
      <trkpt lat="45.957205" lon="12.324755">
        <ele>101.5</ele>
      </trkpt>
      <trkpt lat="45.957349" lon="12.324772">
        <ele>101.5</ele>
      </trkpt>
      <trkpt lat="45.957409" lon="12.324778">
        <ele>101.5</ele>
      </trkpt>
      <trkpt lat="45.957457" lon="12.324784">
        <ele>101.5</ele>
      </trkpt>
      <trkpt lat="45.958298" lon="12.324888">
        <ele>102.75</ele>
      </trkpt>
      <trkpt lat="45.958341" lon="12.324893">
        <ele>102.75</ele>
      </trkpt>
      <trkpt lat="45.958387" lon="12.324898">
        <ele>102.75</ele>
      </trkpt>
      <trkpt lat="45.959294" lon="12.325003">
        <ele>104.25</ele>
      </trkpt>
      <trkpt lat="45.95965" lon="12.325038">
        <ele>105.0</ele>
      </trkpt>
      <trkpt lat="45.959796" lon="12.32504">
        <ele>105.25</ele>
      </trkpt>
      <trkpt lat="45.959987" lon="12.325021">
        <ele>105.75</ele>
      </trkpt>
      <trkpt lat="45.960117" lon="12.325">
        <ele>105.5</ele>
      </trkpt>
      <trkpt lat="45.960337" lon="12.32493">
        <ele>105.0</ele>
      </trkpt>
      <trkpt lat="45.960348" lon="12.324925">
        <ele>105.0</ele>
      </trkpt>
      <trkpt lat="45.960417" lon="12.324895">
        <ele>104.75</ele>
      </trkpt>
      <trkpt lat="45.960441" lon="12.324884">
        <ele>104.5</ele>
      </trkpt>
      <trkpt lat="45.960527" lon="12.32483">
        <ele>104.5</ele>
      </trkpt>
      <trkpt lat="45.96061" lon="12.324784">
        <ele>104.25</ele>
      </trkpt>
      <trkpt lat="45.96059" lon="12.324727">
        <ele>104.25</ele>
      </trkpt>
      <trkpt lat="45.961553" lon="12.324201">
        <ele>106.5</ele>
      </trkpt>
      <trkpt lat="45.961922" lon="12.323997">
        <ele>106.75</ele>
      </trkpt>
      <trkpt lat="45.961976" lon="12.323966">
        <ele>106.75</ele>
      </trkpt>
      <trkpt lat="45.961963" lon="12.323916">
        <ele>106.75</ele>
      </trkpt>
      <trkpt lat="45.961961" lon="12.323909">
        <ele>106.75</ele>
      </trkpt>
      <trkpt lat="45.962186" lon="12.323749">
        <ele>106.75</ele>
      </trkpt>
      <trkpt lat="45.962508" lon="12.323563">
        <ele>106.75</ele>
      </trkpt>
      <trkpt lat="45.962863" lon="12.32338">
        <ele>106.75</ele>
      </trkpt>
      <trkpt lat="45.963007" lon="12.323315">
        <ele>106.75</ele>
      </trkpt>
      <trkpt lat="45.963145" lon="12.323265">
        <ele>107.0</ele>
      </trkpt>
      <trkpt lat="45.963272" lon="12.323188">
        <ele>107.0</ele>
      </trkpt>
      <trkpt lat="45.963518" lon="12.323026">
        <ele>107.0</ele>
      </trkpt>
      <trkpt lat="45.963657" lon="12.322923">
        <ele>107.0</ele>
      </trkpt>
      <trkpt lat="45.963772" lon="12.322826">
        <ele>107.0</ele>
      </trkpt>
      <trkpt lat="45.964275" lon="12.322181">
        <ele>108.0</ele>
      </trkpt>
      <trkpt lat="45.964296" lon="12.322209">
        <ele>108.0</ele>
      </trkpt>
      <trkpt lat="45.964321" lon="12.322244">
        <ele>107.75</ele>
      </trkpt>
      <trkpt lat="45.964545" lon="12.321945">
        <ele>107.75</ele>
      </trkpt>
      <trkpt lat="45.964749" lon="12.321727">
        <ele>107.5</ele>
      </trkpt>
      <trkpt lat="45.964769" lon="12.321799">
        <ele>107.25</ele>
      </trkpt>
      <trkpt lat="45.96484" lon="12.32206">
        <ele>106.75</ele>
      </trkpt>
      <trkpt lat="45.964884" lon="12.322165">
        <ele>106.5</ele>
      </trkpt>
      <trkpt lat="45.964942" lon="12.322253">
        <ele>106.25</ele>
      </trkpt>
      <trkpt lat="45.964979" lon="12.32229">
        <ele>106.25</ele>
      </trkpt>
      <trkpt lat="45.965044" lon="12.322357">
        <ele>106.0</ele>
      </trkpt>
      <trkpt lat="45.965105" lon="12.322402">
        <ele>105.75</ele>
      </trkpt>
      <trkpt lat="45.965147" lon="12.322444">
        <ele>105.75</ele>
      </trkpt>
      <trkpt lat="45.965252" lon="12.322577">
        <ele>105.5</ele>
      </trkpt>
      <trkpt lat="45.965356" lon="12.322775">
        <ele>105.25</ele>
      </trkpt>
      <trkpt lat="45.965508" lon="12.323114">
        <ele>105.0</ele>
      </trkpt>
      <trkpt lat="45.965919" lon="12.323239">
        <ele>105.0</ele>
      </trkpt>
      <trkpt lat="45.965926" lon="12.323222">
        <ele>105.0</ele>
      </trkpt>
      <trkpt lat="45.965976" lon="12.323245">
        <ele>105.25</ele>
      </trkpt>
      <trkpt lat="45.966153" lon="12.323323">
        <ele>105.75</ele>
      </trkpt>
      <trkpt lat="45.966226" lon="12.323346">
        <ele>105.75</ele>
      </trkpt>
      <trkpt lat="45.966233" lon="12.323294">
        <ele>105.75</ele>
      </trkpt>
      <trkpt lat="45.966256" lon="12.323251">
        <ele>105.75</ele>
      </trkpt>
      <trkpt lat="45.966317" lon="12.3232">
        <ele>105.75</ele>
      </trkpt>
      <trkpt lat="45.966404" lon="12.323154">
        <ele>106.0</ele>
      </trkpt>
      <trkpt lat="45.967233" lon="12.322583">
        <ele>107.0</ele>
      </trkpt>
      <trkpt lat="45.967478" lon="12.32239">
        <ele>107.75</ele>
      </trkpt>
      <trkpt lat="45.967594" lon="12.322279">
        <ele>108.0</ele>
      </trkpt>
      <trkpt lat="45.967724" lon="12.322126">
        <ele>108.0</ele>
      </trkpt>
      <trkpt lat="45.970129" lon="12.318635">
        <ele>110.25</ele>
      </trkpt>
      <trkpt lat="45.970278" lon="12.318386">
        <ele>110.75</ele>
      </trkpt>
      <trkpt lat="45.970359" lon="12.318298">
        <ele>111.0</ele>
      </trkpt>
      <trkpt lat="45.970642" lon="12.318131">
        <ele>111.25</ele>
      </trkpt>
      <trkpt lat="45.971313" lon="12.317448">
        <ele>112.25</ele>
      </trkpt>
      <trkpt lat="45.971446" lon="12.317266">
        <ele>111.5</ele>
      </trkpt>
      <trkpt lat="45.971592" lon="12.316931">
        <ele>110.5</ele>
      </trkpt>
      <trkpt lat="45.971688" lon="12.31673">
        <ele>110.0</ele>
      </trkpt>
      <trkpt lat="45.971718" lon="12.316683">
        <ele>110.0</ele>
      </trkpt>
      <trkpt lat="45.971757" lon="12.316643">
        <ele>110.0</ele>
      </trkpt>
      <trkpt lat="45.971803" lon="12.316614">
        <ele>110.0</ele>
      </trkpt>
      <trkpt lat="45.972024" lon="12.316521">
        <ele>110.5</ele>
      </trkpt>
      <trkpt lat="45.972078" lon="12.316482">
        <ele>110.5</ele>
      </trkpt>
      <trkpt lat="45.972146" lon="12.316398">
        <ele>111.0</ele>
      </trkpt>
      <trkpt lat="45.972296" lon="12.316145">
        <ele>112.0</ele>
      </trkpt>
      <trkpt lat="45.973012" lon="12.31541">
        <ele>113.75</ele>
      </trkpt>
      <trkpt lat="45.973085" lon="12.315296">
        <ele>113.75</ele>
      </trkpt>
      <trkpt lat="45.973236" lon="12.315162">
        <ele>113.75</ele>
      </trkpt>
      <trkpt lat="45.973298" lon="12.315174">
        <ele>113.75</ele>
      </trkpt>
      <trkpt lat="45.973426" lon="12.31525">
        <ele>113.5</ele>
      </trkpt>
      <trkpt lat="45.973586" lon="12.315287">
        <ele>113.25</ele>
      </trkpt>
      <trkpt lat="45.973776" lon="12.315221">
        <ele>113.25</ele>
      </trkpt>
      <trkpt lat="45.974018" lon="12.315071">
        <ele>113.75</ele>
      </trkpt>
      <trkpt lat="45.974408" lon="12.315566">
        <ele>111.5</ele>
      </trkpt>
      <trkpt lat="45.974806" lon="12.315042">
        <ele>112.25</ele>
      </trkpt>
      <trkpt lat="45.974838" lon="12.314946">
        <ele>112.5</ele>
      </trkpt>
      <trkpt lat="45.974843" lon="12.314894">
        <ele>112.5</ele>
      </trkpt>
      <trkpt lat="45.974837" lon="12.31482">
        <ele>112.75</ele>
      </trkpt>
      <trkpt lat="45.974493" lon="12.313915">
        <ele>114.75</ele>
      </trkpt>
      <trkpt lat="45.974429" lon="12.313638">
        <ele>114.5</ele>
      </trkpt>
      <trkpt lat="45.974422" lon="12.313558">
        <ele>114.25</ele>
      </trkpt>
      <trkpt lat="45.974423" lon="12.313498">
        <ele>114.25</ele>
      </trkpt>
      <trkpt lat="45.974435" lon="12.313436">
        <ele>114.25</ele>
      </trkpt>
      <trkpt lat="45.974453" lon="12.31339">
        <ele>114.25</ele>
      </trkpt>
      <trkpt lat="45.974529" lon="12.313265">
        <ele>114.75</ele>
      </trkpt>
      <trkpt lat="45.974549" lon="12.313222">
        <ele>114.75</ele>
      </trkpt>
      <trkpt lat="45.974565" lon="12.313162">
        <ele>115.0</ele>
      </trkpt>
      <trkpt lat="45.974572" lon="12.313114">
        <ele>115.0</ele>
      </trkpt>
      <trkpt lat="45.974571" lon="12.313066">
        <ele>115.25</ele>
      </trkpt>
      <trkpt lat="45.974545" lon="12.312953">
        <ele>115.25</ele>
      </trkpt>
      <trkpt lat="45.974536" lon="12.312884">
        <ele>115.25</ele>
      </trkpt>
      <trkpt lat="45.974542" lon="12.312826">
        <ele>115.25</ele>
      </trkpt>
      <trkpt lat="45.974567" lon="12.31275">
        <ele>115.5</ele>
      </trkpt>
      <trkpt lat="45.974667" lon="12.312577">
        <ele>116.25</ele>
      </trkpt>
      <trkpt lat="45.974819" lon="12.312388">
        <ele>117.0</ele>
      </trkpt>
      <trkpt lat="45.974901" lon="12.312324">
        <ele>117.25</ele>
      </trkpt>
      <trkpt lat="45.97499" lon="12.312297">
        <ele>117.5</ele>
      </trkpt>
      <trkpt lat="45.975292" lon="12.312277">
        <ele>117.0</ele>
      </trkpt>
      <trkpt lat="45.975342" lon="12.31226">
        <ele>116.75</ele>
      </trkpt>
      <trkpt lat="45.975395" lon="12.312222">
        <ele>116.75</ele>
      </trkpt>
      <trkpt lat="45.975447" lon="12.312171">
        <ele>116.75</ele>
      </trkpt>
      <trkpt lat="45.97562" lon="12.311916">
        <ele>117.0</ele>
      </trkpt>
      <trkpt lat="45.975713" lon="12.311732">
        <ele>117.5</ele>
      </trkpt>
      <trkpt lat="45.975738" lon="12.311656">
        <ele>117.75</ele>
      </trkpt>
      <trkpt lat="45.975754" lon="12.311583">
        <ele>117.75</ele>
      </trkpt>
      <trkpt lat="45.975775" lon="12.311273">
        <ele>117.25</ele>
      </trkpt>
      <trkpt lat="45.975844" lon="12.311037">
        <ele>117.25</ele>
      </trkpt>
      <trkpt lat="45.975881" lon="12.31095">
        <ele>117.0</ele>
      </trkpt>
      <trkpt lat="45.975924" lon="12.310888">
        <ele>117.0</ele>
      </trkpt>
      <trkpt lat="45.975973" lon="12.310841">
        <ele>117.0</ele>
      </trkpt>
      <trkpt lat="45.97616" lon="12.310696">
        <ele>117.25</ele>
      </trkpt>
      <trkpt lat="45.976348" lon="12.310603">
        <ele>117.5</ele>
      </trkpt>
      <trkpt lat="45.976694" lon="12.310488">
        <ele>117.75</ele>
      </trkpt>
      <trkpt lat="45.976766" lon="12.310481">
        <ele>117.75</ele>
      </trkpt>
      <trkpt lat="45.976812" lon="12.310483">
        <ele>117.75</ele>
      </trkpt>
      <trkpt lat="45.97688" lon="12.310505">
        <ele>117.75</ele>
      </trkpt>
      <trkpt lat="45.977308" lon="12.310694">
        <ele>117.5</ele>
      </trkpt>
      <trkpt lat="45.977372" lon="12.310709">
        <ele>117.5</ele>
      </trkpt>
      <trkpt lat="45.977439" lon="12.310707">
        <ele>117.5</ele>
      </trkpt>
      <trkpt lat="45.977508" lon="12.31069">
        <ele>117.5</ele>
      </trkpt>
      <trkpt lat="45.977576" lon="12.310649">
        <ele>117.25</ele>
      </trkpt>
      <trkpt lat="45.977633" lon="12.310598">
        <ele>117.25</ele>
      </trkpt>
      <trkpt lat="45.977875" lon="12.310343">
        <ele>117.0</ele>
      </trkpt>
      <trkpt lat="45.978073" lon="12.310154">
        <ele>117.75</ele>
      </trkpt>
      <trkpt lat="45.978121" lon="12.310122">
        <ele>117.75</ele>
      </trkpt>
      <trkpt lat="45.978233" lon="12.310098">
        <ele>118.25</ele>
      </trkpt>
      <trkpt lat="45.978791" lon="12.310149">
        <ele>117.5</ele>
      </trkpt>
      <trkpt lat="45.978852" lon="12.310135">
        <ele>117.5</ele>
      </trkpt>
      <trkpt lat="45.97891" lon="12.310101">
        <ele>117.5</ele>
      </trkpt>
      <trkpt lat="45.97896" lon="12.310054">
        <ele>117.25</ele>
      </trkpt>
      <trkpt lat="45.979019" lon="12.309979">
        <ele>117.25</ele>
      </trkpt>
      <trkpt lat="45.979063" lon="12.309892">
        <ele>117.25</ele>
      </trkpt>
      <trkpt lat="45.979181" lon="12.309556">
        <ele>117.5</ele>
      </trkpt>
      <trkpt lat="45.979214" lon="12.309503">
        <ele>117.5</ele>
      </trkpt>
      <trkpt lat="45.979251" lon="12.309466">
        <ele>117.75</ele>
      </trkpt>
      <trkpt lat="45.979289" lon="12.309447">
        <ele>117.75</ele>
      </trkpt>
      <trkpt lat="45.979336" lon="12.309441">
        <ele>118.0</ele>
      </trkpt>
      <trkpt lat="45.979461" lon="12.309448">
        <ele>118.0</ele>
      </trkpt>
      <trkpt lat="45.979515" lon="12.309447">
        <ele>118.25</ele>
      </trkpt>
      <trkpt lat="45.979684" lon="12.309447">
        <ele>118.5</ele>
      </trkpt>
      <trkpt lat="45.97983" lon="12.309436">
        <ele>119.0</ele>
      </trkpt>
      <trkpt lat="45.97987" lon="12.309396">
        <ele>119.0</ele>
      </trkpt>
      <trkpt lat="45.979881" lon="12.309368">
        <ele>119.25</ele>
      </trkpt>
      <trkpt lat="45.979883" lon="12.309306">
        <ele>119.25</ele>
      </trkpt>
      <trkpt lat="45.979873" lon="12.309111">
        <ele>119.5</ele>
      </trkpt>
      <trkpt lat="45.979858" lon="12.309021">
        <ele>119.5</ele>
      </trkpt>
      <trkpt lat="45.97983" lon="12.308908">
        <ele>119.25</ele>
      </trkpt>
      <trkpt lat="45.979818" lon="12.30882">
        <ele>119.25</ele>
      </trkpt>
      <trkpt lat="45.979836" lon="12.308782">
        <ele>119.25</ele>
      </trkpt>
      <trkpt lat="45.979862" lon="12.308753">
        <ele>119.25</ele>
      </trkpt>
      <trkpt lat="45.980224" lon="12.308409">
        <ele>119.75</ele>
      </trkpt>
      <trkpt lat="45.980355" lon="12.308293">
        <ele>120.25</ele>
      </trkpt>
      <trkpt lat="45.980592" lon="12.308082">
        <ele>121.25</ele>
      </trkpt>
      <trkpt lat="45.980873" lon="12.307818">
        <ele>121.75</ele>
      </trkpt>
      <trkpt lat="45.981067" lon="12.307544">
        <ele>121.25</ele>
      </trkpt>
      <trkpt lat="45.981086" lon="12.307445">
        <ele>121.25</ele>
      </trkpt>
      <trkpt lat="45.981109" lon="12.307294">
        <ele>121.0</ele>
      </trkpt>
      <trkpt lat="45.981153" lon="12.306745">
        <ele>120.25</ele>
      </trkpt>
      <trkpt lat="45.981166" lon="12.306655">
        <ele>120.25</ele>
      </trkpt>
      <trkpt lat="45.981231" lon="12.306473">
        <ele>120.75</ele>
      </trkpt>
      <trkpt lat="45.981277" lon="12.306379">
        <ele>121.0</ele>
      </trkpt>
      <trkpt lat="45.981347" lon="12.30627">
        <ele>121.5</ele>
      </trkpt>
      <trkpt lat="45.981635" lon="12.305889">
        <ele>122.75</ele>
      </trkpt>
      <trkpt lat="45.981696" lon="12.305824">
        <ele>122.75</ele>
      </trkpt>
      <trkpt lat="45.981777" lon="12.305755">
        <ele>123.0</ele>
      </trkpt>
      <trkpt lat="45.98183" lon="12.305732">
        <ele>123.0</ele>
      </trkpt>
      <trkpt lat="45.981874" lon="12.305722">
        <ele>122.75</ele>
      </trkpt>
      <trkpt lat="45.981996" lon="12.305747">
        <ele>122.75</ele>
      </trkpt>
      <trkpt lat="45.982134" lon="12.305754">
        <ele>122.5</ele>
      </trkpt>
      <trkpt lat="45.9824" lon="12.305746">
        <ele>122.0</ele>
      </trkpt>
      <trkpt lat="45.982812" lon="12.30568">
        <ele>122.75</ele>
      </trkpt>
      <trkpt lat="45.982817" lon="12.305575">
        <ele>122.75</ele>
      </trkpt>
      <trkpt lat="45.983369" lon="12.305708">
        <ele>123.75</ele>
      </trkpt>
      <trkpt lat="45.983548" lon="12.305742">
        <ele>124.0</ele>
      </trkpt>
      <trkpt lat="45.98395" lon="12.305766">
        <ele>124.0</ele>
      </trkpt>
      <trkpt lat="45.984493" lon="12.306008">
        <ele>122.25</ele>
      </trkpt>
      <trkpt lat="45.984612" lon="12.306031">
        <ele>121.75</ele>
      </trkpt>
      <trkpt lat="45.984779" lon="12.306097">
        <ele>121.0</ele>
      </trkpt>
      <trkpt lat="45.984812" lon="12.306122">
        <ele>121.0</ele>
      </trkpt>
      <trkpt lat="45.984883" lon="12.30619">
        <ele>120.75</ele>
      </trkpt>
      <trkpt lat="45.984897" lon="12.30621">
        <ele>120.75</ele>
      </trkpt>
      <trkpt lat="45.984947" lon="12.306277">
        <ele>120.5</ele>
      </trkpt>
      <trkpt lat="45.985013" lon="12.306164">
        <ele>120.25</ele>
      </trkpt>
      <trkpt lat="45.985174" lon="12.30589">
        <ele>120.25</ele>
      </trkpt>
      <trkpt lat="45.985334" lon="12.305691">
        <ele>121.0</ele>
      </trkpt>
      <trkpt lat="45.985376" lon="12.305652">
        <ele>121.25</ele>
      </trkpt>
      <trkpt lat="45.985857" lon="12.305331">
        <ele>123.25</ele>
      </trkpt>
      <trkpt lat="45.986187" lon="12.305062">
        <ele>123.75</ele>
      </trkpt>
      <trkpt lat="45.98624" lon="12.30504">
        <ele>123.75</ele>
      </trkpt>
      <trkpt lat="45.98619" lon="12.304677">
        <ele>124.25</ele>
      </trkpt>
      <trkpt lat="45.986188" lon="12.304583">
        <ele>124.5</ele>
      </trkpt>
      <trkpt lat="45.986207" lon="12.304501">
        <ele>124.5</ele>
      </trkpt>
      <trkpt lat="45.986245" lon="12.304422">
        <ele>124.5</ele>
      </trkpt>
      <trkpt lat="45.986301" lon="12.304339">
        <ele>124.75</ele>
      </trkpt>
      <trkpt lat="45.986591" lon="12.304041">
        <ele>125.0</ele>
      </trkpt>
      <trkpt lat="45.986909" lon="12.303752">
        <ele>126.0</ele>
      </trkpt>
      <trkpt lat="45.98712" lon="12.303579">
        <ele>127.0</ele>
      </trkpt>
      <trkpt lat="45.987168" lon="12.303532">
        <ele>127.25</ele>
      </trkpt>
      <trkpt lat="45.987284" lon="12.303409">
        <ele>128.0</ele>
      </trkpt>
      <trkpt lat="45.987822" lon="12.302794">
        <ele>128.5</ele>
      </trkpt>
      <trkpt lat="45.988076" lon="12.302512">
        <ele>129.0</ele>
      </trkpt>
      <trkpt lat="45.988115" lon="12.30248">
        <ele>129.25</ele>
      </trkpt>
      <trkpt lat="45.98826" lon="12.302363">
        <ele>130.0</ele>
      </trkpt>
      <trkpt lat="45.989474" lon="12.301431">
        <ele>129.25</ele>
      </trkpt>
      <trkpt lat="45.989522" lon="12.301393">
        <ele>129.25</ele>
      </trkpt>
      <trkpt lat="45.990548" lon="12.300567">
        <ele>130.25</ele>
      </trkpt>
      <trkpt lat="45.990556" lon="12.300542">
        <ele>130.25</ele>
      </trkpt>
      <trkpt lat="45.990628" lon="12.30051">
        <ele>130.5</ele>
      </trkpt>
      <trkpt lat="45.990658" lon="12.300497">
        <ele>130.5</ele>
      </trkpt>
      <trkpt lat="45.990684" lon="12.300486">
        <ele>130.5</ele>
      </trkpt>
      <trkpt lat="45.990671" lon="12.300429">
        <ele>130.5</ele>
      </trkpt>
      <trkpt lat="45.990641" lon="12.300286">
        <ele>130.5</ele>
      </trkpt>
      <trkpt lat="45.990484" lon="12.299545">
        <ele>131.5</ele>
      </trkpt>
      <trkpt lat="45.990459" lon="12.299417">
        <ele>131.75</ele>
      </trkpt>
      <trkpt lat="45.990275" lon="12.29864">
        <ele>133.0</ele>
      </trkpt>
      <trkpt lat="45.990284" lon="12.298603">
        <ele>133.0</ele>
      </trkpt>
      <trkpt lat="45.990253" lon="12.298448">
        <ele>133.0</ele>
      </trkpt>
      <trkpt lat="45.990243" lon="12.298372">
        <ele>133.25</ele>
      </trkpt>
      <trkpt lat="45.990223" lon="12.298351">
        <ele>133.25</ele>
      </trkpt>
      <trkpt lat="45.99021" lon="12.298323">
        <ele>133.25</ele>
      </trkpt>
      <trkpt lat="45.990133" lon="12.297962">
        <ele>133.5</ele>
      </trkpt>
      <trkpt lat="45.990126" lon="12.297929">
        <ele>133.5</ele>
      </trkpt>
      <trkpt lat="45.990098" lon="12.297805">
        <ele>133.75</ele>
      </trkpt>
      <trkpt lat="45.990075" lon="12.297704">
        <ele>133.75</ele>
      </trkpt>
      <trkpt lat="45.990064" lon="12.297654">
        <ele>133.75</ele>
      </trkpt>
      <trkpt lat="45.990003" lon="12.29748">
        <ele>134.0</ele>
      </trkpt>
      <trkpt lat="45.98988" lon="12.296943">
        <ele>136.5</ele>
      </trkpt>
      <trkpt lat="45.989867" lon="12.296866">
        <ele>136.75</ele>
      </trkpt>
      <trkpt lat="45.989851" lon="12.296802">
        <ele>137.25</ele>
      </trkpt>
      <trkpt lat="45.989824" lon="12.296696">
        <ele>137.75</ele>
      </trkpt>
      <trkpt lat="45.989772" lon="12.296467">
        <ele>138.25</ele>
      </trkpt>
      <trkpt lat="45.989795" lon="12.296455">
        <ele>138.25</ele>
      </trkpt>
      <trkpt lat="45.989786" lon="12.296414">
        <ele>138.25</ele>
      </trkpt>
      <trkpt lat="45.98977" lon="12.296341">
        <ele>138.25</ele>
      </trkpt>
      <trkpt lat="45.989728" lon="12.296359">
        <ele>138.25</ele>
      </trkpt>
      <trkpt lat="45.989692" lon="12.296354">
        <ele>138.5</ele>
      </trkpt>
      <trkpt lat="45.989499" lon="12.29546">
        <ele>139.5</ele>
      </trkpt>
      <trkpt lat="45.989468" lon="12.295319">
        <ele>139.5</ele>
      </trkpt>
      <trkpt lat="45.989513" lon="12.295297">
        <ele>139.5</ele>
      </trkpt>
      <trkpt lat="45.989694" lon="12.296104">
        <ele>138.75</ele>
      </trkpt>
      <trkpt lat="45.98981" lon="12.296053">
        <ele>138.75</ele>
      </trkpt>
      <trkpt lat="45.989804" lon="12.296003">
        <ele>138.75</ele>
      </trkpt>
      <trkpt lat="45.989809" lon="12.295983">
        <ele>139.0</ele>
      </trkpt>
      <trkpt lat="45.989824" lon="12.295964">
        <ele>139.0</ele>
      </trkpt>
    </trkseg>
    <trkseg>
      <trkpt lat="45.989827" lon="12.295962">
        <ele>139.0</ele>
      </trkpt>
      <trkpt lat="45.989846" lon="12.295954">
        <ele>139.0</ele>
      </trkpt>
      <trkpt lat="45.989887" lon="12.295947">
        <ele>138.75</ele>
      </trkpt>
      <trkpt lat="45.989902" lon="12.295964">
        <ele>138.75</ele>
      </trkpt>
      <trkpt lat="45.989914" lon="12.29601">
        <ele>138.75</ele>
      </trkpt>
      <trkpt lat="45.990011" lon="12.29597">
        <ele>138.75</ele>
      </trkpt>
      <trkpt lat="45.989843" lon="12.295161">
        <ele>139.0</ele>
      </trkpt>
      <trkpt lat="45.989913" lon="12.295127">
        <ele>139.0</ele>
      </trkpt>
      <trkpt lat="45.990224" lon="12.295">
        <ele>139.5</ele>
      </trkpt>
      <trkpt lat="45.990252" lon="12.294989">
        <ele>139.5</ele>
      </trkpt>
      <trkpt lat="45.990887" lon="12.294725">
        <ele>141.25</ele>
      </trkpt>
      <trkpt lat="45.990903" lon="12.294662">
        <ele>141.25</ele>
      </trkpt>
      <trkpt lat="45.993499" lon="12.293602">
        <ele>143.75</ele>
      </trkpt>
      <trkpt lat="45.99355" lon="12.293611">
        <ele>143.75</ele>
      </trkpt>
      <trkpt lat="45.993589" lon="12.293643">
        <ele>143.5</ele>
      </trkpt>
      <trkpt lat="45.993614" lon="12.293628">
        <ele>143.5</ele>
      </trkpt>
      <trkpt lat="45.994108" lon="12.29433">
        <ele>141.0</ele>
      </trkpt>
      <trkpt lat="45.994184" lon="12.294444">
        <ele>140.25</ele>
      </trkpt>
      <trkpt lat="45.994453" lon="12.294885">
        <ele>138.0</ele>
      </trkpt>
      <trkpt lat="45.994815" lon="12.294442">
        <ele>139.75</ele>
      </trkpt>
      <trkpt lat="45.994971" lon="12.294238">
        <ele>139.75</ele>
      </trkpt>
      <trkpt lat="45.99515" lon="12.294055">
        <ele>140.0</ele>
      </trkpt>
      <trkpt lat="45.995374" lon="12.293927">
        <ele>140.25</ele>
      </trkpt>
      <trkpt lat="45.995635" lon="12.293755">
        <ele>140.25</ele>
      </trkpt>
      <trkpt lat="45.995881" lon="12.29354">
        <ele>140.0</ele>
      </trkpt>
      <trkpt lat="45.996119" lon="12.293347">
        <ele>139.25</ele>
      </trkpt>
      <trkpt lat="45.996328" lon="12.293111">
        <ele>139.25</ele>
      </trkpt>
      <trkpt lat="45.997054" lon="12.292387">
        <ele>139.0</ele>
      </trkpt>
      <trkpt lat="45.99715" lon="12.292276">
        <ele>139.0</ele>
      </trkpt>
      <trkpt lat="45.99716" lon="12.292303">
        <ele>139.0</ele>
      </trkpt>
      <trkpt lat="45.997213" lon="12.29243">
        <ele>138.5</ele>
      </trkpt>
      <trkpt lat="45.997258" lon="12.29254">
        <ele>138.5</ele>
      </trkpt>
      <trkpt lat="45.997297" lon="12.292655">
        <ele>138.5</ele>
      </trkpt>
      <trkpt lat="45.997312" lon="12.292658">
        <ele>138.5</ele>
      </trkpt>
      <trkpt lat="45.99735" lon="12.292606">
        <ele>138.25</ele>
      </trkpt>
      <trkpt lat="45.997378" lon="12.292567">
        <ele>138.25</ele>
      </trkpt>
      <trkpt lat="45.997397" lon="12.292542">
        <ele>138.25</ele>
      </trkpt>
      <trkpt lat="45.997381" lon="12.292525">
        <ele>138.25</ele>
      </trkpt>
      <trkpt lat="45.997365" lon="12.292465">
        <ele>138.25</ele>
      </trkpt>
      <trkpt lat="45.997368" lon="12.29241">
        <ele>138.25</ele>
      </trkpt>
      <trkpt lat="45.997379" lon="12.292373">
        <ele>138.25</ele>
      </trkpt>
      <trkpt lat="45.997649" lon="12.291967">
        <ele>138.25</ele>
      </trkpt>
      <trkpt lat="45.99769" lon="12.291947">
        <ele>138.5</ele>
      </trkpt>
      <trkpt lat="45.997723" lon="12.291961">
        <ele>138.5</ele>
      </trkpt>
      <trkpt lat="45.997736" lon="12.29193">
        <ele>138.5</ele>
      </trkpt>
      <trkpt lat="45.999134" lon="12.293205">
        <ele>149.0</ele>
      </trkpt>
      <trkpt lat="45.99904" lon="12.293672">
        <ele>149.5</ele>
      </trkpt>
      <trkpt lat="45.999153" lon="12.293716">
        <ele>150.75</ele>
      </trkpt>
      <trkpt lat="45.999464" lon="12.293803">
        <ele>155.25</ele>
      </trkpt>
      <trkpt lat="45.999597" lon="12.293729">
        <ele>157.0</ele>
      </trkpt>
      <trkpt lat="45.999699" lon="12.293734">
        <ele>158.5</ele>
      </trkpt>
      <trkpt lat="45.999726" lon="12.293797">
        <ele>159.0</ele>
      </trkpt>
      <trkpt lat="45.999822" lon="12.293942">
        <ele>161.25</ele>
      </trkpt>
      <trkpt lat="45.999971" lon="12.29465">
        <ele>167.75</ele>
      </trkpt>
      <trkpt lat="45.999998" lon="12.294848">
        <ele>169.75</ele>
      </trkpt>
      <trkpt lat="46.000053" lon="12.294974">
        <ele>171.5</ele>
      </trkpt>
      <trkpt lat="46.000143" lon="12.295221">
        <ele>174.25</ele>
      </trkpt>
      <trkpt lat="46.000216" lon="12.295396">
        <ele>176.25</ele>
      </trkpt>
      <trkpt lat="46.000405" lon="12.295924">
        <ele>181.0</ele>
      </trkpt>
      <trkpt lat="46.000569" lon="12.296251">
        <ele>182.25</ele>
      </trkpt>
      <trkpt lat="46.000633" lon="12.296337">
        <ele>182.75</ele>
      </trkpt>
      <trkpt lat="46.001129" lon="12.296623">
        <ele>186.0</ele>
      </trkpt>
      <trkpt lat="46.001317" lon="12.29653">
        <ele>188.25</ele>
      </trkpt>
      <trkpt lat="46.001497" lon="12.29646">
        <ele>190.5</ele>
      </trkpt>
      <trkpt lat="46.00162" lon="12.296349">
        <ele>193.0</ele>
      </trkpt>
      <trkpt lat="46.001672" lon="12.296251">
        <ele>195.0</ele>
      </trkpt>
      <trkpt lat="46.001689" lon="12.296131">
        <ele>197.5</ele>
      </trkpt>
      <trkpt lat="46.001653" lon="12.295853">
        <ele>200.25</ele>
      </trkpt>
      <trkpt lat="46.001657" lon="12.295785">
        <ele>201.0</ele>
      </trkpt>
      <trkpt lat="46.001642" lon="12.295549">
        <ele>201.75</ele>
      </trkpt>
      <trkpt lat="46.001644" lon="12.295393">
        <ele>202.5</ele>
      </trkpt>
      <trkpt lat="46.001672" lon="12.29526">
        <ele>203.75</ele>
      </trkpt>
      <trkpt lat="46.001722" lon="12.295112">
        <ele>206.75</ele>
      </trkpt>
      <trkpt lat="46.001842" lon="12.294831">
        <ele>214.25</ele>
      </trkpt>
      <trkpt lat="46.001903" lon="12.294597">
        <ele>219.0</ele>
      </trkpt>
      <trkpt lat="46.00201" lon="12.294091">
        <ele>230.0</ele>
      </trkpt>
      <trkpt lat="46.002098" lon="12.293713">
        <ele>244.25</ele>
      </trkpt>
      <trkpt lat="46.002126" lon="12.293528">
        <ele>250.75</ele>
      </trkpt>
      <trkpt lat="46.002208" lon="12.293645">
        <ele>251.5</ele>
      </trkpt>
      <trkpt lat="46.002278" lon="12.293833">
        <ele>249.75</ele>
      </trkpt>
      <trkpt lat="46.002305" lon="12.293851">
        <ele>250.5</ele>
      </trkpt>
      <trkpt lat="46.002324" lon="12.293855">
        <ele>251.25</ele>
      </trkpt>
      <trkpt lat="46.002334" lon="12.293847">
        <ele>252.0</ele>
      </trkpt>
      <trkpt lat="46.002342" lon="12.293817">
        <ele>253.25</ele>
      </trkpt>
      <trkpt lat="46.002338" lon="12.293701">
        <ele>256.25</ele>
      </trkpt>
      <trkpt lat="46.002313" lon="12.293492">
        <ele>261.0</ele>
      </trkpt>
      <trkpt lat="46.002246" lon="12.293307">
        <ele>262.75</ele>
      </trkpt>
      <trkpt lat="46.002173" lon="12.293065">
        <ele>264.25</ele>
      </trkpt>
      <trkpt lat="46.002013" lon="12.292854">
        <ele>260.25</ele>
      </trkpt>
      <trkpt lat="46.001955" lon="12.292687">
        <ele>260.25</ele>
      </trkpt>
      <trkpt lat="46.001927" lon="12.292584">
        <ele>260.75</ele>
      </trkpt>
      <trkpt lat="46.001908" lon="12.292464">
        <ele>262.25</ele>
      </trkpt>
      <trkpt lat="46.001912" lon="12.292433">
        <ele>263.0</ele>
      </trkpt>
      <trkpt lat="46.001921" lon="12.292424">
        <ele>263.75</ele>
      </trkpt>
      <trkpt lat="46.001951" lon="12.292421">
        <ele>265.5</ele>
      </trkpt>
      <trkpt lat="46.002032" lon="12.292478">
        <ele>269.0</ele>
      </trkpt>
      <trkpt lat="46.00207" lon="12.29253">
        <ele>270.0</ele>
      </trkpt>
      <trkpt lat="46.002125" lon="12.292639">
        <ele>270.75</ele>
      </trkpt>
      <trkpt lat="46.002198" lon="12.292746">
        <ele>272.5</ele>
      </trkpt>
      <trkpt lat="46.002271" lon="12.29287">
        <ele>273.75</ele>
      </trkpt>
      <trkpt lat="46.002397" lon="12.292918">
        <ele>279.25</ele>
      </trkpt>
      <trkpt lat="46.002472" lon="12.292979">
        <ele>282.0</ele>
      </trkpt>
      <trkpt lat="46.002519" lon="12.293049">
        <ele>282.75</ele>
      </trkpt>
      <trkpt lat="46.002565" lon="12.293183">
        <ele>282.25</ele>
      </trkpt>
      <trkpt lat="46.002626" lon="12.293253">
        <ele>284.0</ele>
      </trkpt>
      <trkpt lat="46.002782" lon="12.293269">
        <ele>292.5</ele>
      </trkpt>
      <trkpt lat="46.002844" lon="12.293314">
        <ele>294.75</ele>
      </trkpt>
      <trkpt lat="46.003042" lon="12.293411">
        <ele>303.5</ele>
      </trkpt>
      <trkpt lat="46.003087" lon="12.293447">
        <ele>305.0</ele>
      </trkpt>
      <trkpt lat="46.003157" lon="12.293543">
        <ele>306.75</ele>
      </trkpt>
      <trkpt lat="46.003182" lon="12.293642">
        <ele>305.75</ele>
      </trkpt>
      <trkpt lat="46.003216" lon="12.293693">
        <ele>306.25</ele>
      </trkpt>
      <trkpt lat="46.003268" lon="12.293803">
        <ele>306.75</ele>
      </trkpt>
      <trkpt lat="46.003405" lon="12.294009">
        <ele>310.25</ele>
      </trkpt>
      <trkpt lat="46.003479" lon="12.29404">
        <ele>314.25</ele>
      </trkpt>
      <trkpt lat="46.00354" lon="12.294035">
        <ele>318.25</ele>
      </trkpt>
      <trkpt lat="46.003473" lon="12.293704">
        <ele>322.75</ele>
      </trkpt>
      <trkpt lat="46.003434" lon="12.293541">
        <ele>324.25</ele>
      </trkpt>
      <trkpt lat="46.003405" lon="12.293406">
        <ele>325.5</ele>
      </trkpt>
      <trkpt lat="46.003353" lon="12.293277">
        <ele>325.0</ele>
      </trkpt>
      <trkpt lat="46.003272" lon="12.293152">
        <ele>323.5</ele>
      </trkpt>
      <trkpt lat="46.003119" lon="12.292892">
        <ele>322.0</ele>
      </trkpt>
      <trkpt lat="46.002902" lon="12.292437">
        <ele>319.75</ele>
      </trkpt>
      <trkpt lat="46.002881" lon="12.29239">
        <ele>319.0</ele>
      </trkpt>
      <trkpt lat="46.002769" lon="12.292173">
        <ele>315.25</ele>
      </trkpt>
      <trkpt lat="46.002747" lon="12.292141">
        <ele>314.75</ele>
      </trkpt>
      <trkpt lat="46.00273" lon="12.292094">
        <ele>314.5</ele>
      </trkpt>
      <trkpt lat="46.002735" lon="12.292048">
        <ele>315.25</ele>
      </trkpt>
      <trkpt lat="46.002781" lon="12.29203">
        <ele>317.5</ele>
      </trkpt>
      <trkpt lat="46.00279" lon="12.291998">
        <ele>318.25</ele>
      </trkpt>
      <trkpt lat="46.002835" lon="12.292005">
        <ele>319.75</ele>
      </trkpt>
      <trkpt lat="46.002905" lon="12.29193">
        <ele>323.0</ele>
      </trkpt>
      <trkpt lat="46.003031" lon="12.291731">
        <ele>327.5</ele>
      </trkpt>
      <trkpt lat="46.003153" lon="12.291633">
        <ele>329.25</ele>
      </trkpt>
      <trkpt lat="46.003271" lon="12.29158">
        <ele>330.0</ele>
      </trkpt>
      <trkpt lat="46.0034" lon="12.291542">
        <ele>329.75</ele>
      </trkpt>
      <trkpt lat="46.00344" lon="12.291544">
        <ele>329.75</ele>
      </trkpt>
      <trkpt lat="46.003513" lon="12.291549">
        <ele>330.0</ele>
      </trkpt>
      <trkpt lat="46.00355" lon="12.291561">
        <ele>330.75</ele>
      </trkpt>
      <trkpt lat="46.003569" lon="12.291604">
        <ele>332.75</ele>
      </trkpt>
      <trkpt lat="46.003634" lon="12.291612">
        <ele>333.5</ele>
      </trkpt>
      <trkpt lat="46.003691" lon="12.291607">
        <ele>333.25</ele>
      </trkpt>
      <trkpt lat="46.003746" lon="12.291617">
        <ele>334.0</ele>
      </trkpt>
      <trkpt lat="46.003793" lon="12.291612">
        <ele>333.75</ele>
      </trkpt>
      <trkpt lat="46.003811" lon="12.291622">
        <ele>334.5</ele>
      </trkpt>
      <trkpt lat="46.003817" lon="12.29162">
        <ele>334.25</ele>
      </trkpt>
      <trkpt lat="46.003838" lon="12.291615">
        <ele>334.0</ele>
      </trkpt>
      <trkpt lat="46.003882" lon="12.29166">
        <ele>337.0</ele>
      </trkpt>
      <trkpt lat="46.004088" lon="12.291849">
        <ele>346.75</ele>
      </trkpt>
      <trkpt lat="46.004246" lon="12.291929">
        <ele>350.5</ele>
      </trkpt>
      <trkpt lat="46.00441" lon="12.291953">
        <ele>349.75</ele>
      </trkpt>
      <trkpt lat="46.00461" lon="12.291952">
        <ele>347.25</ele>
      </trkpt>
      <trkpt lat="46.004886" lon="12.291971">
        <ele>345.0</ele>
      </trkpt>
      <trkpt lat="46.005041" lon="12.291999">
        <ele>345.0</ele>
      </trkpt>
      <trkpt lat="46.005155" lon="12.292055">
        <ele>347.5</ele>
      </trkpt>
      <trkpt lat="46.005492" lon="12.292141">
        <ele>350.5</ele>
      </trkpt>
      <trkpt lat="46.00584" lon="12.292261">
        <ele>356.25</ele>
      </trkpt>
      <trkpt lat="46.00599" lon="12.2923">
        <ele>356.0</ele>
      </trkpt>
      <trkpt lat="46.006097" lon="12.292251">
        <ele>351.25</ele>
      </trkpt>
      <trkpt lat="46.006244" lon="12.292222">
        <ele>347.25</ele>
      </trkpt>
      <trkpt lat="46.006337" lon="12.292212">
        <ele>345.25</ele>
      </trkpt>
      <trkpt lat="46.006437" lon="12.292228">
        <ele>344.5</ele>
      </trkpt>
      <trkpt lat="46.006522" lon="12.292301">
        <ele>346.75</ele>
      </trkpt>
      <trkpt lat="46.006568" lon="12.292401">
        <ele>351.0</ele>
      </trkpt>
      <trkpt lat="46.006628" lon="12.292509">
        <ele>355.0</ele>
      </trkpt>
      <trkpt lat="46.006655" lon="12.292546">
        <ele>356.25</ele>
      </trkpt>
      <trkpt lat="46.006708" lon="12.292618">
        <ele>358.0</ele>
      </trkpt>
      <trkpt lat="46.006783" lon="12.292659">
        <ele>357.25</ele>
      </trkpt>
      <trkpt lat="46.006829" lon="12.29271">
        <ele>358.0</ele>
      </trkpt>
      <trkpt lat="46.00725" lon="12.29308">
        <ele>359.0</ele>
      </trkpt>
      <trkpt lat="46.007535" lon="12.293187">
        <ele>353.25</ele>
      </trkpt>
      <trkpt lat="46.007691" lon="12.293271">
        <ele>353.75</ele>
      </trkpt>
      <trkpt lat="46.007843" lon="12.293325">
        <ele>352.75</ele>
      </trkpt>
      <trkpt lat="46.008015" lon="12.293351">
        <ele>350.0</ele>
      </trkpt>
      <trkpt lat="46.008307" lon="12.293436">
        <ele>347.0</ele>
      </trkpt>
      <trkpt lat="46.008456" lon="12.29348">
        <ele>345.5</ele>
      </trkpt>
      <trkpt lat="46.008487" lon="12.293518">
        <ele>346.5</ele>
      </trkpt>
      <trkpt lat="46.008503" lon="12.293554">
        <ele>347.75</ele>
      </trkpt>
      <trkpt lat="46.008475" lon="12.293674">
        <ele>353.75</ele>
      </trkpt>
      <trkpt lat="46.008481" lon="12.293732">
        <ele>356.0</ele>
      </trkpt>
      <trkpt lat="46.008611" lon="12.293892">
        <ele>360.0</ele>
      </trkpt>
      <trkpt lat="46.008737" lon="12.293978">
        <ele>360.5</ele>
      </trkpt>
      <trkpt lat="46.008909" lon="12.294071">
        <ele>360.25</ele>
      </trkpt>
      <trkpt lat="46.009078" lon="12.294144">
        <ele>359.25</ele>
      </trkpt>
      <trkpt lat="46.009295" lon="12.294268">
        <ele>358.75</ele>
      </trkpt>
      <trkpt lat="46.009395" lon="12.294338">
        <ele>359.0</ele>
      </trkpt>
      <trkpt lat="46.009685" lon="12.294577">
        <ele>360.75</ele>
      </trkpt>
      <trkpt lat="46.009806" lon="12.294656">
        <ele>360.75</ele>
      </trkpt>
      <trkpt lat="46.010076" lon="12.294749">
        <ele>356.0</ele>
      </trkpt>
      <trkpt lat="46.010217" lon="12.294856">
        <ele>354.5</ele>
      </trkpt>
      <trkpt lat="46.010248" lon="12.294898">
        <ele>354.75</ele>
      </trkpt>
      <trkpt lat="46.01028" lon="12.294954">
        <ele>355.75</ele>
      </trkpt>
      <trkpt lat="46.010375" lon="12.295176">
        <ele>360.25</ele>
      </trkpt>
      <trkpt lat="46.010405" lon="12.295231">
        <ele>361.25</ele>
      </trkpt>
      <trkpt lat="46.010475" lon="12.29532">
        <ele>362.0</ele>
      </trkpt>
      <trkpt lat="46.010607" lon="12.295519">
        <ele>364.5</ele>
      </trkpt>
      <trkpt lat="46.010811" lon="12.295855">
        <ele>370.5</ele>
      </trkpt>
      <trkpt lat="46.010947" lon="12.296103">
        <ele>374.0</ele>
      </trkpt>
      <trkpt lat="46.011219" lon="12.296379">
        <ele>371.75</ele>
      </trkpt>
      <trkpt lat="46.01126" lon="12.296443">
        <ele>372.25</ele>
      </trkpt>
      <trkpt lat="46.011292" lon="12.296555">
        <ele>375.25</ele>
      </trkpt>
      <trkpt lat="46.011308" lon="12.296656">
        <ele>378.25</ele>
      </trkpt>
      <trkpt lat="46.011335" lon="12.296756">
        <ele>380.75</ele>
      </trkpt>
      <trkpt lat="46.011456" lon="12.297048">
        <ele>385.75</ele>
      </trkpt>
      <trkpt lat="46.011633" lon="12.297327">
        <ele>387.25</ele>
      </trkpt>
      <trkpt lat="46.011692" lon="12.297396">
        <ele>387.0</ele>
      </trkpt>
      <trkpt lat="46.011877" lon="12.297564">
        <ele>386.25</ele>
      </trkpt>
      <trkpt lat="46.011933" lon="12.297613">
        <ele>386.25</ele>
      </trkpt>
      <trkpt lat="46.012015" lon="12.297669">
        <ele>385.5</ele>
      </trkpt>
      <trkpt lat="46.01208" lon="12.297792">
        <ele>388.25</ele>
      </trkpt>
      <trkpt lat="46.012478" lon="12.298321">
        <ele>394.25</ele>
      </trkpt>
      <trkpt lat="46.012978" lon="12.298751">
        <ele>396.5</ele>
      </trkpt>
      <trkpt lat="46.013086" lon="12.298822">
        <ele>395.75</ele>
      </trkpt>
      <trkpt lat="46.013231" lon="12.298878">
        <ele>393.5</ele>
      </trkpt>
      <trkpt lat="46.013888" lon="12.298899">
        <ele>382.75</ele>
      </trkpt>
      <trkpt lat="46.013954" lon="12.298912">
        <ele>382.25</ele>
      </trkpt>
      <trkpt lat="46.014012" lon="12.298934">
        <ele>382.0</ele>
      </trkpt>
      <trkpt lat="46.01426" lon="12.299103">
        <ele>380.75</ele>
      </trkpt>
      <trkpt lat="46.014344" lon="12.299157">
        <ele>379.25</ele>
      </trkpt>
      <trkpt lat="46.014494" lon="12.299282">
        <ele>377.25</ele>
      </trkpt>
      <trkpt lat="46.014493" lon="12.299312">
        <ele>378.0</ele>
      </trkpt>
      <trkpt lat="46.014501" lon="12.299341">
        <ele>378.5</ele>
      </trkpt>
      <trkpt lat="46.014695" lon="12.299756">
        <ele>383.0</ele>
      </trkpt>
      <trkpt lat="46.014817" lon="12.300093">
        <ele>389.25</ele>
      </trkpt>
      <trkpt lat="46.014912" lon="12.300315">
        <ele>394.5</ele>
      </trkpt>
      <trkpt lat="46.015055" lon="12.300708">
        <ele>405.0</ele>
      </trkpt>
      <trkpt lat="46.015119" lon="12.300847">
        <ele>408.25</ele>
      </trkpt>
      <trkpt lat="46.015173" lon="12.300935">
        <ele>410.0</ele>
      </trkpt>
      <trkpt lat="46.015231" lon="12.30101">
        <ele>411.0</ele>
      </trkpt>
      <trkpt lat="46.015389" lon="12.301149">
        <ele>411.0</ele>
      </trkpt>
      <trkpt lat="46.015817" lon="12.301331">
        <ele>402.5</ele>
      </trkpt>
      <trkpt lat="46.015899" lon="12.301375">
        <ele>401.0</ele>
      </trkpt>
      <trkpt lat="46.015978" lon="12.301432">
        <ele>400.0</ele>
      </trkpt>
      <trkpt lat="46.016069" lon="12.301562">
        <ele>401.0</ele>
      </trkpt>
      <trkpt lat="46.016449" lon="12.302274">
        <ele>411.75</ele>
      </trkpt>
      <trkpt lat="46.016614" lon="12.302559">
        <ele>415.25</ele>
      </trkpt>
      <trkpt lat="46.016842" lon="12.302869">
        <ele>414.5</ele>
      </trkpt>
      <trkpt lat="46.016993" lon="12.303025">
        <ele>414.0</ele>
      </trkpt>
      <trkpt lat="46.017179" lon="12.303236">
        <ele>415.5</ele>
      </trkpt>
      <trkpt lat="46.017709" lon="12.303905">
        <ele>422.0</ele>
      </trkpt>
      <trkpt lat="46.018039" lon="12.304268">
        <ele>426.75</ele>
      </trkpt>
      <trkpt lat="46.018194" lon="12.304396">
        <ele>427.75</ele>
      </trkpt>
      <trkpt lat="46.018249" lon="12.304455">
        <ele>428.5</ele>
      </trkpt>
      <trkpt lat="46.018305" lon="12.30453">
        <ele>429.5</ele>
      </trkpt>
      <trkpt lat="46.018483" lon="12.304682">
        <ele>428.0</ele>
      </trkpt>
      <trkpt lat="46.018532" lon="12.30476">
        <ele>428.5</ele>
      </trkpt>
      <trkpt lat="46.018773" lon="12.305266">
        <ele>434.5</ele>
      </trkpt>
      <trkpt lat="46.019" lon="12.305728">
        <ele>438.0</ele>
      </trkpt>
      <trkpt lat="46.019046" lon="12.305777">
        <ele>437.25</ele>
      </trkpt>
      <trkpt lat="46.019158" lon="12.305858">
        <ele>434.0</ele>
      </trkpt>
      <trkpt lat="46.019257" lon="12.305907">
        <ele>432.25</ele>
      </trkpt>
      <trkpt lat="46.019332" lon="12.306054">
        <ele>434.0</ele>
      </trkpt>
      <trkpt lat="46.0194" lon="12.306256">
        <ele>438.0</ele>
      </trkpt>
      <trkpt lat="46.019476" lon="12.306339">
        <ele>438.25</ele>
      </trkpt>
      <trkpt lat="46.019527" lon="12.306362">
        <ele>437.75</ele>
      </trkpt>
      <trkpt lat="46.019955" lon="12.30642">
        <ele>428.75</ele>
      </trkpt>
      <trkpt lat="46.020002" lon="12.306438">
        <ele>428.25</ele>
      </trkpt>
      <trkpt lat="46.020165" lon="12.306569">
        <ele>427.75</ele>
      </trkpt>
      <trkpt lat="46.020241" lon="12.306644">
        <ele>427.75</ele>
      </trkpt>
      <trkpt lat="46.020744" lon="12.307295">
        <ele>433.25</ele>
      </trkpt>
      <trkpt lat="46.020845" lon="12.307456">
        <ele>435.25</ele>
      </trkpt>
      <trkpt lat="46.021305" lon="12.308097">
        <ele>445.75</ele>
      </trkpt>
      <trkpt lat="46.021588" lon="12.308448">
        <ele>447.75</ele>
      </trkpt>
      <trkpt lat="46.021655" lon="12.308568">
        <ele>449.25</ele>
      </trkpt>
      <trkpt lat="46.021828" lon="12.308945">
        <ele>456.5</ele>
      </trkpt>
      <trkpt lat="46.021861" lon="12.308997">
        <ele>457.0</ele>
      </trkpt>
      <trkpt lat="46.021985" lon="12.309116">
        <ele>456.25</ele>
      </trkpt>
      <trkpt lat="46.022049" lon="12.309232">
        <ele>457.0</ele>
      </trkpt>
      <trkpt lat="46.02216" lon="12.309362">
        <ele>456.5</ele>
      </trkpt>
      <trkpt lat="46.022307" lon="12.309579">
        <ele>456.25</ele>
      </trkpt>
      <trkpt lat="46.022367" lon="12.309634">
        <ele>455.5</ele>
      </trkpt>
      <trkpt lat="46.022972" lon="12.310052">
        <ele>459.75</ele>
      </trkpt>
      <trkpt lat="46.02307" lon="12.310074">
        <ele>460.0</ele>
      </trkpt>
      <trkpt lat="46.023096" lon="12.310073">
        <ele>460.0</ele>
      </trkpt>
      <trkpt lat="46.023121" lon="12.310063">
        <ele>460.0</ele>
      </trkpt>
      <trkpt lat="46.023137" lon="12.310047">
        <ele>459.75</ele>
      </trkpt>
      <trkpt lat="46.023161" lon="12.310002">
        <ele>459.5</ele>
      </trkpt>
      <trkpt lat="46.02319" lon="12.309891">
        <ele>460.5</ele>
      </trkpt>
      <trkpt lat="46.023197" lon="12.309819">
        <ele>461.25</ele>
      </trkpt>
      <trkpt lat="46.023264" lon="12.309987">
        <ele>460.0</ele>
      </trkpt>
      <trkpt lat="46.023365" lon="12.310054">
        <ele>461.5</ele>
      </trkpt>
      <trkpt lat="46.02342" lon="12.310102">
        <ele>464.25</ele>
      </trkpt>
      <trkpt lat="46.023557" lon="12.310363">
        <ele>470.5</ele>
      </trkpt>
      <trkpt lat="46.023875" lon="12.31101">
        <ele>483.0</ele>
      </trkpt>
      <trkpt lat="46.023942" lon="12.311147">
        <ele>485.5</ele>
      </trkpt>
      <trkpt lat="46.023991" lon="12.311271">
        <ele>487.0</ele>
      </trkpt>
      <trkpt lat="46.024055" lon="12.311607">
        <ele>488.25</ele>
      </trkpt>
      <trkpt lat="46.024067" lon="12.311745">
        <ele>488.5</ele>
      </trkpt>
      <trkpt lat="46.024098" lon="12.311868">
        <ele>488.75</ele>
      </trkpt>
      <trkpt lat="46.02415" lon="12.312007">
        <ele>489.0</ele>
      </trkpt>
      <trkpt lat="46.024202" lon="12.3121">
        <ele>491.0</ele>
      </trkpt>
      <trkpt lat="46.024318" lon="12.312443">
        <ele>496.5</ele>
      </trkpt>
      <trkpt lat="46.024403" lon="12.312727">
        <ele>504.0</ele>
      </trkpt>
      <trkpt lat="46.024429" lon="12.312952">
        <ele>508.0</ele>
      </trkpt>
      <trkpt lat="46.024454" lon="12.313031">
        <ele>510.0</ele>
      </trkpt>
      <trkpt lat="46.024502" lon="12.313143">
        <ele>513.0</ele>
      </trkpt>
      <trkpt lat="46.024606" lon="12.313346">
        <ele>518.75</ele>
      </trkpt>
      <trkpt lat="46.024612" lon="12.313378">
        <ele>519.25</ele>
      </trkpt>
      <trkpt lat="46.02461" lon="12.313429">
        <ele>519.5</ele>
      </trkpt>
      <trkpt lat="46.024504" lon="12.31397">
        <ele>522.5</ele>
      </trkpt>
      <trkpt lat="46.024513" lon="12.314081">
        <ele>524.0</ele>
      </trkpt>
      <trkpt lat="46.024531" lon="12.314134">
        <ele>524.75</ele>
      </trkpt>
      <trkpt lat="46.024596" lon="12.314268">
        <ele>526.75</ele>
      </trkpt>
      <trkpt lat="46.024871" lon="12.314763">
        <ele>528.75</ele>
      </trkpt>
      <trkpt lat="46.024884" lon="12.314805">
        <ele>528.5</ele>
      </trkpt>
      <trkpt lat="46.024956" lon="12.315152">
        <ele>529.25</ele>
      </trkpt>
      <trkpt lat="46.02502" lon="12.315327">
        <ele>531.25</ele>
      </trkpt>
      <trkpt lat="46.025114" lon="12.315502">
        <ele>536.25</ele>
      </trkpt>
      <trkpt lat="46.025119" lon="12.315582">
        <ele>537.0</ele>
      </trkpt>
      <trkpt lat="46.02512" lon="12.315606">
        <ele>537.5</ele>
      </trkpt>
      <trkpt lat="46.02512" lon="12.315911">
        <ele>541.5</ele>
      </trkpt>
      <trkpt lat="46.025138" lon="12.316033">
        <ele>544.5</ele>
      </trkpt>
      <trkpt lat="46.025183" lon="12.316128">
        <ele>547.25</ele>
      </trkpt>
      <trkpt lat="46.025199" lon="12.31621">
        <ele>549.0</ele>
      </trkpt>
      <trkpt lat="46.025229" lon="12.316299">
        <ele>551.0</ele>
      </trkpt>
      <trkpt lat="46.025236" lon="12.31637">
        <ele>552.5</ele>
      </trkpt>
      <trkpt lat="46.025227" lon="12.316512">
        <ele>555.75</ele>
      </trkpt>
      <trkpt lat="46.025222" lon="12.316691">
        <ele>559.5</ele>
      </trkpt>
      <trkpt lat="46.02533" lon="12.316616">
        <ele>557.25</ele>
      </trkpt>
      <trkpt lat="46.025359" lon="12.316616">
        <ele>557.0</ele>
      </trkpt>
      <trkpt lat="46.025384" lon="12.316665">
        <ele>557.5</ele>
      </trkpt>
      <trkpt lat="46.025394" lon="12.316729">
        <ele>559.0</ele>
      </trkpt>
      <trkpt lat="46.025438" lon="12.316798">
        <ele>560.25</ele>
      </trkpt>
      <trkpt lat="46.025479" lon="12.316917">
        <ele>562.5</ele>
      </trkpt>
      <trkpt lat="46.025537" lon="12.316965">
        <ele>563.0</ele>
      </trkpt>
      <trkpt lat="46.025625" lon="12.317129">
        <ele>566.0</ele>
      </trkpt>
      <trkpt lat="46.025625" lon="12.317187">
        <ele>567.25</ele>
      </trkpt>
      <trkpt lat="46.025651" lon="12.31725">
        <ele>568.25</ele>
      </trkpt>
      <trkpt lat="46.025712" lon="12.317282">
        <ele>568.5</ele>
      </trkpt>
      <trkpt lat="46.025755" lon="12.31729">
        <ele>568.25</ele>
      </trkpt>
      <trkpt lat="46.025801" lon="12.317346">
        <ele>569.0</ele>
      </trkpt>
      <trkpt lat="46.02587" lon="12.317473">
        <ele>571.75</ele>
      </trkpt>
      <trkpt lat="46.025896" lon="12.31757">
        <ele>574.5</ele>
      </trkpt>
      <trkpt lat="46.025924" lon="12.317608">
        <ele>575.75</ele>
      </trkpt>
      <trkpt lat="46.025982" lon="12.317737">
        <ele>579.25</ele>
      </trkpt>
      <trkpt lat="46.026022" lon="12.31781">
        <ele>581.25</ele>
      </trkpt>
      <trkpt lat="46.026062" lon="12.317939">
        <ele>584.25</ele>
      </trkpt>
      <trkpt lat="46.026104" lon="12.317993">
        <ele>585.5</ele>
      </trkpt>
      <trkpt lat="46.026135" lon="12.318076">
        <ele>587.5</ele>
      </trkpt>
      <trkpt lat="46.02615" lon="12.318169">
        <ele>589.25</ele>
      </trkpt>
      <trkpt lat="46.026121" lon="12.318243">
        <ele>590.5</ele>
      </trkpt>
      <trkpt lat="46.026077" lon="12.318304">
        <ele>591.5</ele>
      </trkpt>
      <trkpt lat="46.026041" lon="12.318288">
        <ele>591.25</ele>
      </trkpt>
      <trkpt lat="46.025968" lon="12.318316">
        <ele>591.75</ele>
      </trkpt>
      <trkpt lat="46.025927" lon="12.318358">
        <ele>592.75</ele>
      </trkpt>
      <trkpt lat="46.025906" lon="12.318419">
        <ele>594.5</ele>
      </trkpt>
      <trkpt lat="46.02591" lon="12.318477">
        <ele>596.25</ele>
      </trkpt>
      <trkpt lat="46.025963" lon="12.318574">
        <ele>599.0</ele>
      </trkpt>
      <trkpt lat="46.025968" lon="12.318663">
        <ele>601.5</ele>
      </trkpt>
      <trkpt lat="46.025993" lon="12.318703">
        <ele>602.5</ele>
      </trkpt>
      <trkpt lat="46.026008" lon="12.318877">
        <ele>607.5</ele>
      </trkpt>
      <trkpt lat="46.026041" lon="12.318983">
        <ele>610.25</ele>
      </trkpt>
      <trkpt lat="46.026054" lon="12.319084">
        <ele>613.0</ele>
      </trkpt>
      <trkpt lat="46.026011" lon="12.319318">
        <ele>622.25</ele>
      </trkpt>
      <trkpt lat="46.026005" lon="12.319389">
        <ele>625.25</ele>
      </trkpt>
      <trkpt lat="46.02602" lon="12.319461">
        <ele>628.25</ele>
      </trkpt>
      <trkpt lat="46.026069" lon="12.319633">
        <ele>635.75</ele>
      </trkpt>
      <trkpt lat="46.026139" lon="12.319784">
        <ele>642.25</ele>
      </trkpt>
      <trkpt lat="46.026161" lon="12.319846">
        <ele>645.0</ele>
      </trkpt>
      <trkpt lat="46.026168" lon="12.319923">
        <ele>648.5</ele>
      </trkpt>
      <trkpt lat="46.026189" lon="12.319943">
        <ele>649.25</ele>
      </trkpt>
      <trkpt lat="46.026213" lon="12.319995">
        <ele>651.75</ele>
      </trkpt>
      <trkpt lat="46.026224" lon="12.320064">
        <ele>654.5</ele>
      </trkpt>
      <trkpt lat="46.02623" lon="12.320179">
        <ele>659.5</ele>
      </trkpt>
      <trkpt lat="46.026262" lon="12.320225">
        <ele>661.5</ele>
      </trkpt>
      <trkpt lat="46.026262" lon="12.320276">
        <ele>663.75</ele>
      </trkpt>
      <trkpt lat="46.026273" lon="12.320322">
        <ele>665.75</ele>
      </trkpt>
      <trkpt lat="46.026351" lon="12.32034">
        <ele>666.75</ele>
      </trkpt>
      <trkpt lat="46.026392" lon="12.320379">
        <ele>668.5</ele>
      </trkpt>
      <trkpt lat="46.026441" lon="12.320461">
        <ele>672.0</ele>
      </trkpt>
      <trkpt lat="46.02646" lon="12.320518">
        <ele>674.5</ele>
      </trkpt>
      <trkpt lat="46.026443" lon="12.32054">
        <ele>675.5</ele>
      </trkpt>
      <trkpt lat="46.026403" lon="12.32054">
        <ele>675.5</ele>
      </trkpt>
      <trkpt lat="46.026391" lon="12.32056">
        <ele>676.25</ele>
      </trkpt>
      <trkpt lat="46.026409" lon="12.32059">
        <ele>677.5</ele>
      </trkpt>
      <trkpt lat="46.02641" lon="12.320637">
        <ele>679.75</ele>
      </trkpt>
      <trkpt lat="46.026391" lon="12.320673">
        <ele>681.25</ele>
      </trkpt>
      <trkpt lat="46.026409" lon="12.320721">
        <ele>683.25</ele>
      </trkpt>
      <trkpt lat="46.026467" lon="12.320802">
        <ele>687.0</ele>
      </trkpt>
      <trkpt lat="46.026487" lon="12.320872">
        <ele>689.5</ele>
      </trkpt>
      <trkpt lat="46.026527" lon="12.320933">
        <ele>691.5</ele>
      </trkpt>
      <trkpt lat="46.026607" lon="12.321129">
        <ele>697.5</ele>
      </trkpt>
      <trkpt lat="46.026627" lon="12.321219">
        <ele>700.0</ele>
      </trkpt>
      <trkpt lat="46.026646" lon="12.321274">
        <ele>701.5</ele>
      </trkpt>
      <trkpt lat="46.026636" lon="12.321374">
        <ele>704.5</ele>
      </trkpt>
      <trkpt lat="46.026643" lon="12.321427">
        <ele>706.0</ele>
      </trkpt>
      <trkpt lat="46.026662" lon="12.321451">
        <ele>706.75</ele>
      </trkpt>
      <trkpt lat="46.026687" lon="12.321439">
        <ele>706.25</ele>
      </trkpt>
      <trkpt lat="46.026708" lon="12.321399">
        <ele>705.0</ele>
      </trkpt>
      <trkpt lat="46.026711" lon="12.321356">
        <ele>703.75</ele>
      </trkpt>
      <trkpt lat="46.026705" lon="12.321312">
        <ele>702.5</ele>
      </trkpt>
      <trkpt lat="46.026691" lon="12.321276">
        <ele>701.5</ele>
      </trkpt>
      <trkpt lat="46.026687" lon="12.321213">
        <ele>699.75</ele>
      </trkpt>
      <trkpt lat="46.026693" lon="12.321185">
        <ele>698.75</ele>
      </trkpt>
      <trkpt lat="46.026711" lon="12.321175">
        <ele>698.5</ele>
      </trkpt>
      <trkpt lat="46.026733" lon="12.321185">
        <ele>698.75</ele>
      </trkpt>
      <trkpt lat="46.026788" lon="12.321266">
        <ele>700.75</ele>
      </trkpt>
      <trkpt lat="46.026799" lon="12.32132">
        <ele>702.25</ele>
      </trkpt>
      <trkpt lat="46.026825" lon="12.321393">
        <ele>704.5</ele>
      </trkpt>
      <trkpt lat="46.02685" lon="12.321429">
        <ele>705.5</ele>
      </trkpt>
      <trkpt lat="46.02688" lon="12.321491">
        <ele>707.25</ele>
      </trkpt>
      <trkpt lat="46.026906" lon="12.321522">
        <ele>708.0</ele>
      </trkpt>
      <trkpt lat="46.026986" lon="12.321582">
        <ele>709.75</ele>
      </trkpt>
      <trkpt lat="46.02705" lon="12.321735">
        <ele>713.75</ele>
      </trkpt>
      <trkpt lat="46.027123" lon="12.321814">
        <ele>715.25</ele>
      </trkpt>
      <trkpt lat="46.02715" lon="12.321868">
        <ele>716.25</ele>
      </trkpt>
      <trkpt lat="46.027158" lon="12.321951">
        <ele>718.0</ele>
      </trkpt>
      <trkpt lat="46.027187" lon="12.321999">
        <ele>719.0</ele>
      </trkpt>
      <trkpt lat="46.027262" lon="12.322072">
        <ele>720.75</ele>
      </trkpt>
      <trkpt lat="46.027299" lon="12.322125">
        <ele>722.0</ele>
      </trkpt>
      <trkpt lat="46.02739" lon="12.32229">
        <ele>726.25</ele>
      </trkpt>
      <trkpt lat="46.027419" lon="12.322372">
        <ele>728.25</ele>
      </trkpt>
      <trkpt lat="46.027461" lon="12.322435">
        <ele>730.0</ele>
      </trkpt>
      <trkpt lat="46.027503" lon="12.322516">
        <ele>732.0</ele>
      </trkpt>
      <trkpt lat="46.027517" lon="12.322604">
        <ele>733.25</ele>
      </trkpt>
      <trkpt lat="46.027557" lon="12.322667">
        <ele>734.5</ele>
      </trkpt>
      <trkpt lat="46.027588" lon="12.322774">
        <ele>736.5</ele>
      </trkpt>
      <trkpt lat="46.027594" lon="12.322939">
        <ele>738.5</ele>
      </trkpt>
      <trkpt lat="46.027601" lon="12.323018">
        <ele>739.75</ele>
      </trkpt>
      <trkpt lat="46.027625" lon="12.323088">
        <ele>741.25</ele>
      </trkpt>
      <trkpt lat="46.027644" lon="12.3232">
        <ele>743.25</ele>
      </trkpt>
      <trkpt lat="46.027718" lon="12.323515">
        <ele>747.75</ele>
      </trkpt>
      <trkpt lat="46.02782" lon="12.323766">
        <ele>751.25</ele>
      </trkpt>
      <trkpt lat="46.027828" lon="12.323855">
        <ele>751.75</ele>
      </trkpt>
      <trkpt lat="46.027803" lon="12.323922">
        <ele>751.0</ele>
      </trkpt>
      <trkpt lat="46.027764" lon="12.323977">
        <ele>750.0</ele>
      </trkpt>
      <trkpt lat="46.027741" lon="12.324142">
        <ele>749.75</ele>
      </trkpt>
      <trkpt lat="46.027739" lon="12.324223">
        <ele>749.75</ele>
      </trkpt>
      <trkpt lat="46.027772" lon="12.32432">
        <ele>750.5</ele>
      </trkpt>
      <trkpt lat="46.027803" lon="12.324367">
        <ele>751.25</ele>
      </trkpt>
      <trkpt lat="46.027784" lon="12.324434">
        <ele>750.75</ele>
      </trkpt>
      <trkpt lat="46.027735" lon="12.324504">
        <ele>749.75</ele>
      </trkpt>
      <trkpt lat="46.027712" lon="12.324618">
        <ele>749.5</ele>
      </trkpt>
      <trkpt lat="46.02772" lon="12.324694">
        <ele>749.75</ele>
      </trkpt>
      <trkpt lat="46.027747" lon="12.324802">
        <ele>750.0</ele>
      </trkpt>
      <trkpt lat="46.027741" lon="12.32493">
        <ele>750.0</ele>
      </trkpt>
      <trkpt lat="46.027716" lon="12.325056">
        <ele>749.25</ele>
      </trkpt>
      <trkpt lat="46.027687" lon="12.325135">
        <ele>748.5</ele>
      </trkpt>
      <trkpt lat="46.027541" lon="12.325178">
        <ele>747.75</ele>
      </trkpt>
      <trkpt lat="46.027646" lon="12.325513">
        <ele>744.75</ele>
      </trkpt>
      <trkpt lat="46.027745" lon="12.325696">
        <ele>742.0</ele>
      </trkpt>
      <trkpt lat="46.027929" lon="12.325761">
        <ele>738.75</ele>
      </trkpt>
      <trkpt lat="46.028074" lon="12.325671">
        <ele>738.75</ele>
      </trkpt>
      <trkpt lat="46.028208" lon="12.325606">
        <ele>738.75</ele>
      </trkpt>
      <trkpt lat="46.028331" lon="12.325634">
        <ele>737.0</ele>
      </trkpt>
      <trkpt lat="46.028434" lon="12.325768">
        <ele>735.75</ele>
      </trkpt>
      <trkpt lat="46.02843" lon="12.326001">
        <ele>730.0</ele>
      </trkpt>
      <trkpt lat="46.028462" lon="12.326209">
        <ele>725.75</ele>
      </trkpt>
      <trkpt lat="46.028542" lon="12.326515">
        <ele>720.5</ele>
      </trkpt>
      <trkpt lat="46.02859" lon="12.326901">
        <ele>715.75</ele>
      </trkpt>
      <trkpt lat="46.028592" lon="12.327295">
        <ele>712.0</ele>
      </trkpt>
      <trkpt lat="46.028567" lon="12.327645">
        <ele>708.0</ele>
      </trkpt>
      <trkpt lat="46.028527" lon="12.327812">
        <ele>705.5</ele>
      </trkpt>
      <trkpt lat="46.028457" lon="12.327876">
        <ele>703.25</ele>
      </trkpt>
      <trkpt lat="46.028347" lon="12.327767">
        <ele>701.75</ele>
      </trkpt>
      <trkpt lat="46.028272" lon="12.327579">
        <ele>705.0</ele>
      </trkpt>
      <trkpt lat="46.028184" lon="12.327498">
        <ele>708.0</ele>
      </trkpt>
      <trkpt lat="46.028107" lon="12.327559">
        <ele>709.75</ele>
      </trkpt>
      <trkpt lat="46.028121" lon="12.327854">
        <ele>707.75</ele>
      </trkpt>
      <trkpt lat="46.028187" lon="12.328235">
        <ele>702.75</ele>
      </trkpt>
      <trkpt lat="46.02832" lon="12.328631">
        <ele>695.0</ele>
      </trkpt>
      <trkpt lat="46.028407" lon="12.328798">
        <ele>694.5</ele>
      </trkpt>
      <trkpt lat="46.02865" lon="12.329085">
        <ele>693.75</ele>
      </trkpt>
      <trkpt lat="46.028719" lon="12.329218">
        <ele>692.25</ele>
      </trkpt>
      <trkpt lat="46.028791" lon="12.329578">
        <ele>688.25</ele>
      </trkpt>
      <trkpt lat="46.02879" lon="12.329671">
        <ele>687.25</ele>
      </trkpt>
      <trkpt lat="46.028692" lon="12.329966">
        <ele>683.75</ele>
      </trkpt>
      <trkpt lat="46.028643" lon="12.3302">
        <ele>682.0</ele>
      </trkpt>
      <trkpt lat="46.028616" lon="12.330384">
        <ele>680.75</ele>
      </trkpt>
      <trkpt lat="46.028558" lon="12.330675">
        <ele>678.25</ele>
      </trkpt>
      <trkpt lat="46.028512" lon="12.331114">
        <ele>674.25</ele>
      </trkpt>
      <trkpt lat="46.028485" lon="12.331612">
        <ele>668.75</ele>
      </trkpt>
      <trkpt lat="46.028487" lon="12.331733">
        <ele>668.0</ele>
      </trkpt>
      <trkpt lat="46.028509" lon="12.331851">
        <ele>667.75</ele>
      </trkpt>
      <trkpt lat="46.028573" lon="12.332013">
        <ele>668.5</ele>
      </trkpt>
      <trkpt lat="46.028575" lon="12.332148">
        <ele>668.0</ele>
      </trkpt>
      <trkpt lat="46.028534" lon="12.332257">
        <ele>666.5</ele>
      </trkpt>
      <trkpt lat="46.028465" lon="12.332346">
        <ele>664.5</ele>
      </trkpt>
      <trkpt lat="46.028448" lon="12.33241">
        <ele>663.75</ele>
      </trkpt>
      <trkpt lat="46.02844" lon="12.332481">
        <ele>663.0</ele>
      </trkpt>
      <trkpt lat="46.028444" lon="12.332792">
        <ele>659.75</ele>
      </trkpt>
      <trkpt lat="46.028438" lon="12.332948">
        <ele>658.0</ele>
      </trkpt>
      <trkpt lat="46.028405" lon="12.333294">
        <ele>653.25</ele>
      </trkpt>
      <trkpt lat="46.02837" lon="12.333353">
        <ele>651.75</ele>
      </trkpt>
      <trkpt lat="46.028279" lon="12.333575">
        <ele>650.75</ele>
      </trkpt>
      <trkpt lat="46.028254" lon="12.333701">
        <ele>650.25</ele>
      </trkpt>
      <trkpt lat="46.028242" lon="12.333813">
        <ele>649.25</ele>
      </trkpt>
      <trkpt lat="46.028185" lon="12.334086">
        <ele>646.75</ele>
      </trkpt>
      <trkpt lat="46.028178" lon="12.334192">
        <ele>645.25</ele>
      </trkpt>
      <trkpt lat="46.028185" lon="12.334285">
        <ele>643.5</ele>
      </trkpt>
      <trkpt lat="46.028203" lon="12.334381">
        <ele>641.5</ele>
      </trkpt>
      <trkpt lat="46.028236" lon="12.334487">
        <ele>639.25</ele>
      </trkpt>
      <trkpt lat="46.028236" lon="12.334613">
        <ele>637.0</ele>
      </trkpt>
      <trkpt lat="46.028251" lon="12.334836">
        <ele>633.25</ele>
      </trkpt>
      <trkpt lat="46.02822" lon="12.33522">
        <ele>629.5</ele>
      </trkpt>
      <trkpt lat="46.028188" lon="12.335354">
        <ele>628.75</ele>
      </trkpt>
      <trkpt lat="46.028162" lon="12.335421">
        <ele>628.5</ele>
      </trkpt>
      <trkpt lat="46.028133" lon="12.335529">
        <ele>627.75</ele>
      </trkpt>
      <trkpt lat="46.0281" lon="12.335726">
        <ele>626.75</ele>
      </trkpt>
      <trkpt lat="46.028037" lon="12.336237">
        <ele>622.5</ele>
      </trkpt>
      <trkpt lat="46.028012" lon="12.336357">
        <ele>621.25</ele>
      </trkpt>
      <trkpt lat="46.02798" lon="12.336472">
        <ele>620.25</ele>
      </trkpt>
      <trkpt lat="46.027973" lon="12.336559">
        <ele>619.5</ele>
      </trkpt>
      <trkpt lat="46.027972" lon="12.336881">
        <ele>616.0</ele>
      </trkpt>
      <trkpt lat="46.027957" lon="12.336954">
        <ele>614.75</ele>
      </trkpt>
      <trkpt lat="46.027883" lon="12.337136">
        <ele>611.5</ele>
      </trkpt>
      <trkpt lat="46.027831" lon="12.33729">
        <ele>608.25</ele>
      </trkpt>
      <trkpt lat="46.027818" lon="12.33741">
        <ele>606.0</ele>
      </trkpt>
      <trkpt lat="46.027813" lon="12.337541">
        <ele>604.5</ele>
      </trkpt>
      <trkpt lat="46.027737" lon="12.337787">
        <ele>603.0</ele>
      </trkpt>
      <trkpt lat="46.027754" lon="12.337887">
        <ele>603.75</ele>
      </trkpt>
      <trkpt lat="46.027661" lon="12.338268">
        <ele>601.5</ele>
      </trkpt>
      <trkpt lat="46.027561" lon="12.338447">
        <ele>600.0</ele>
      </trkpt>
      <trkpt lat="46.027514" lon="12.338526">
        <ele>599.75</ele>
      </trkpt>
      <trkpt lat="46.027511" lon="12.338532">
        <ele>599.75</ele>
      </trkpt>
      <trkpt lat="46.027661" lon="12.338739">
        <ele>608.0</ele>
      </trkpt>
      <trkpt lat="46.027946" lon="12.339339">
        <ele>626.5</ele>
      </trkpt>
      <trkpt lat="46.028209" lon="12.33958">
        <ele>638.5</ele>
      </trkpt>
      <trkpt lat="46.028336" lon="12.339602">
        <ele>642.25</ele>
      </trkpt>
      <trkpt lat="46.02842" lon="12.339616">
        <ele>645.75</ele>
      </trkpt>
      <trkpt lat="46.028483" lon="12.33964">
        <ele>648.5</ele>
      </trkpt>
      <trkpt lat="46.028819" lon="12.339764">
        <ele>661.75</ele>
      </trkpt>
      <trkpt lat="46.029017" lon="12.33973">
        <ele>668.0</ele>
      </trkpt>
      <trkpt lat="46.029232" lon="12.339881">
        <ele>676.75</ele>
      </trkpt>
      <trkpt lat="46.029376" lon="12.339982">
        <ele>684.0</ele>
      </trkpt>
      <trkpt lat="46.029555" lon="12.340032">
        <ele>693.75</ele>
      </trkpt>
      <trkpt lat="46.029744" lon="12.340152">
        <ele>705.25</ele>
      </trkpt>
      <trkpt lat="46.029803" lon="12.340319">
        <ele>711.25</ele>
      </trkpt>
      <trkpt lat="46.029628" lon="12.340414">
        <ele>706.0</ele>
      </trkpt>
      <trkpt lat="46.029584" lon="12.340627">
        <ele>709.0</ele>
      </trkpt>
      <trkpt lat="46.02971" lon="12.340809">
        <ele>717.5</ele>
      </trkpt>
      <trkpt lat="46.029662" lon="12.341359">
        <ele>732.25</ele>
      </trkpt>
      <trkpt lat="46.02965" lon="12.341613">
        <ele>739.75</ele>
      </trkpt>
      <trkpt lat="46.029544" lon="12.341895">
        <ele>747.0</ele>
      </trkpt>
      <trkpt lat="46.029899" lon="12.341958">
        <ele>757.25</ele>
      </trkpt>
      <trkpt lat="46.03011" lon="12.341887">
        <ele>761.0</ele>
      </trkpt>
      <trkpt lat="46.030106" lon="12.342148">
        <ele>770.25</ele>
      </trkpt>
      <trkpt lat="46.029887" lon="12.342269">
        <ele>768.5</ele>
      </trkpt>
      <trkpt lat="46.029764" lon="12.342412">
        <ele>770.5</ele>
      </trkpt>
      <trkpt lat="46.029662" lon="12.342575">
        <ele>773.0</ele>
      </trkpt>
      <trkpt lat="46.029468" lon="12.342967">
        <ele>780.0</ele>
      </trkpt>
      <trkpt lat="46.029347" lon="12.343027">
        <ele>779.0</ele>
      </trkpt>
      <trkpt lat="46.029209" lon="12.343145">
        <ele>779.75</ele>
      </trkpt>
      <trkpt lat="46.029127" lon="12.343252">
        <ele>780.75</ele>
      </trkpt>
      <trkpt lat="46.029113" lon="12.343408">
        <ele>784.25</ele>
      </trkpt>
      <trkpt lat="46.029038" lon="12.343552">
        <ele>784.5</ele>
      </trkpt>
      <trkpt lat="46.028908" lon="12.343649">
        <ele>781.5</ele>
      </trkpt>
      <trkpt lat="46.02883" lon="12.343744">
        <ele>780.5</ele>
      </trkpt>
      <trkpt lat="46.028873" lon="12.343871">
        <ele>784.75</ele>
      </trkpt>
      <trkpt lat="46.028875" lon="12.344024">
        <ele>788.25</ele>
      </trkpt>
      <trkpt lat="46.028798" lon="12.344127">
        <ele>787.5</ele>
      </trkpt>
      <trkpt lat="46.02875" lon="12.344211">
        <ele>787.5</ele>
      </trkpt>
      <trkpt lat="46.028724" lon="12.344317">
        <ele>789.25</ele>
      </trkpt>
      <trkpt lat="46.028688" lon="12.344396">
        <ele>789.75</ele>
      </trkpt>
      <trkpt lat="46.028597" lon="12.344546">
        <ele>790.0</ele>
      </trkpt>
      <trkpt lat="46.028538" lon="12.344707">
        <ele>791.75</ele>
      </trkpt>
      <trkpt lat="46.028516" lon="12.344833">
        <ele>794.0</ele>
      </trkpt>
      <trkpt lat="46.028477" lon="12.345293">
        <ele>806.5</ele>
      </trkpt>
      <trkpt lat="46.028463" lon="12.345534">
        <ele>814.25</ele>
      </trkpt>
      <trkpt lat="46.028387" lon="12.345539">
        <ele>811.5</ele>
      </trkpt>
      <trkpt lat="46.028309" lon="12.345472">
        <ele>806.5</ele>
      </trkpt>
      <trkpt lat="46.028199" lon="12.345631">
        <ele>808.5</ele>
      </trkpt>
      <trkpt lat="46.027932" lon="12.345963">
        <ele>813.25</ele>
      </trkpt>
      <trkpt lat="46.027876" lon="12.346047">
        <ele>814.75</ele>
      </trkpt>
      <trkpt lat="46.027656" lon="12.346095">
        <ele>810.75</ele>
      </trkpt>
      <trkpt lat="46.027489" lon="12.346271">
        <ele>813.25</ele>
      </trkpt>
      <trkpt lat="46.027314" lon="12.346473">
        <ele>814.5</ele>
      </trkpt>
      <trkpt lat="46.027191" lon="12.346632">
        <ele>815.75</ele>
      </trkpt>
      <trkpt lat="46.027166" lon="12.346708">
        <ele>817.25</ele>
      </trkpt>
      <trkpt lat="46.027102" lon="12.347179">
        <ele>826.0</ele>
      </trkpt>
      <trkpt lat="46.027067" lon="12.347382">
        <ele>829.25</ele>
      </trkpt>
      <trkpt lat="46.027093" lon="12.347808">
        <ele>840.25</ele>
      </trkpt>
      <trkpt lat="46.027115" lon="12.347942">
        <ele>844.25</ele>
      </trkpt>
      <trkpt lat="46.02709" lon="12.348036">
        <ele>845.0</ele>
      </trkpt>
      <trkpt lat="46.027041" lon="12.34808">
        <ele>843.75</ele>
      </trkpt>
      <trkpt lat="46.026974" lon="12.348156">
        <ele>842.25</ele>
      </trkpt>
      <trkpt lat="46.026899" lon="12.348265">
        <ele>841.25</ele>
      </trkpt>
      <trkpt lat="46.026854" lon="12.348356">
        <ele>841.0</ele>
      </trkpt>
      <trkpt lat="46.026808" lon="12.348606">
        <ele>843.25</ele>
      </trkpt>
      <trkpt lat="46.026803" lon="12.348771">
        <ele>845.75</ele>
      </trkpt>
      <trkpt lat="46.026789" lon="12.348958">
        <ele>848.25</ele>
      </trkpt>
      <trkpt lat="46.026793" lon="12.349121">
        <ele>851.25</ele>
      </trkpt>
      <trkpt lat="46.026808" lon="12.349238">
        <ele>854.0</ele>
      </trkpt>
      <trkpt lat="46.026848" lon="12.349398">
        <ele>858.5</ele>
      </trkpt>
      <trkpt lat="46.026822" lon="12.349533">
        <ele>859.25</ele>
      </trkpt>
      <trkpt lat="46.026789" lon="12.349763">
        <ele>861.0</ele>
      </trkpt>
      <trkpt lat="46.026707" lon="12.350142">
        <ele>863.75</ele>
      </trkpt>
      <trkpt lat="46.026557" lon="12.350631">
        <ele>868.0</ele>
      </trkpt>
      <trkpt lat="46.026586" lon="12.350864">
        <ele>875.25</ele>
      </trkpt>
      <trkpt lat="46.026604" lon="12.351015">
        <ele>880.5</ele>
      </trkpt>
      <trkpt lat="46.026615" lon="12.351107">
        <ele>883.75</ele>
      </trkpt>
      <trkpt lat="46.026754" lon="12.35185">
        <ele>913.25</ele>
      </trkpt>
      <trkpt lat="46.026738" lon="12.352151">
        <ele>920.5</ele>
      </trkpt>
      <trkpt lat="46.026503" lon="12.352616">
        <ele>919.75</ele>
      </trkpt>
      <trkpt lat="46.026405" lon="12.35287">
        <ele>923.25</ele>
      </trkpt>
      <trkpt lat="46.026336" lon="12.353139">
        <ele>929.0</ele>
      </trkpt>
      <trkpt lat="46.026235" lon="12.353638">
        <ele>941.5</ele>
      </trkpt>
      <trkpt lat="46.026132" lon="12.35378">
        <ele>940.5</ele>
      </trkpt>
      <trkpt lat="46.025988" lon="12.353901">
        <ele>935.75</ele>
      </trkpt>
      <trkpt lat="46.025913" lon="12.353987">
        <ele>934.0</ele>
      </trkpt>
      <trkpt lat="46.025768" lon="12.354592">
        <ele>951.25</ele>
      </trkpt>
      <trkpt lat="46.02565" lon="12.354758">
        <ele>951.75</ele>
      </trkpt>
      <trkpt lat="46.025525" lon="12.35489">
        <ele>950.0</ele>
      </trkpt>
      <trkpt lat="46.025183" lon="12.355144">
        <ele>940.5</ele>
      </trkpt>
      <trkpt lat="46.025083" lon="12.355348">
        <ele>943.75</ele>
      </trkpt>
      <trkpt lat="46.025001" lon="12.355563">
        <ele>948.5</ele>
      </trkpt>
      <trkpt lat="46.024877" lon="12.356035">
        <ele>961.5</ele>
      </trkpt>
      <trkpt lat="46.024763" lon="12.35627">
        <ele>963.75</ele>
      </trkpt>
      <trkpt lat="46.024667" lon="12.356364">
        <ele>961.75</ele>
      </trkpt>
      <trkpt lat="46.024535" lon="12.35653">
        <ele>960.25</ele>
      </trkpt>
      <trkpt lat="46.024484" lon="12.356653">
        <ele>961.75</ele>
      </trkpt>
      <trkpt lat="46.024419" lon="12.356876">
        <ele>961.5</ele>
      </trkpt>
      <trkpt lat="46.024424" lon="12.357107">
        <ele>965.0</ele>
      </trkpt>
      <trkpt lat="46.024477" lon="12.35735">
        <ele>972.0</ele>
      </trkpt>
      <trkpt lat="46.024582" lon="12.35768">
        <ele>982.5</ele>
      </trkpt>
      <trkpt lat="46.024634" lon="12.357865">
        <ele>987.25</ele>
      </trkpt>
      <trkpt lat="46.024622" lon="12.358102">
        <ele>988.0</ele>
      </trkpt>
      <trkpt lat="46.024614" lon="12.358623">
        <ele>990.25</ele>
      </trkpt>
      <trkpt lat="46.024598" lon="12.358878">
        <ele>990.25</ele>
      </trkpt>
      <trkpt lat="46.024603" lon="12.359054">
        <ele>991.25</ele>
      </trkpt>
      <trkpt lat="46.024643" lon="12.359357">
        <ele>990.25</ele>
      </trkpt>
      <trkpt lat="46.024776" lon="12.359531">
        <ele>995.25</ele>
      </trkpt>
      <trkpt lat="46.024893" lon="12.359707">
        <ele>998.5</ele>
      </trkpt>
      <trkpt lat="46.024985" lon="12.359869">
        <ele>1000.25</ele>
      </trkpt>
      <trkpt lat="46.025093" lon="12.359939">
        <ele>1006.25</ele>
      </trkpt>
      <trkpt lat="46.025254" lon="12.360009">
        <ele>1016.0</ele>
      </trkpt>
      <trkpt lat="46.025432" lon="12.360098">
        <ele>1027.5</ele>
      </trkpt>
      <trkpt lat="46.025574" lon="12.36019">
        <ele>1036.75</ele>
      </trkpt>
      <trkpt lat="46.025707" lon="12.360361">
        <ele>1044.5</ele>
      </trkpt>
      <trkpt lat="46.025726" lon="12.360524">
        <ele>1044.0</ele>
      </trkpt>
      <trkpt lat="46.025719" lon="12.360668">
        <ele>1041.75</ele>
      </trkpt>
      <trkpt lat="46.025674" lon="12.360892">
        <ele>1036.0</ele>
      </trkpt>
      <trkpt lat="46.025667" lon="12.361077">
        <ele>1034.5</ele>
      </trkpt>
      <trkpt lat="46.025718" lon="12.361227">
        <ele>1038.0</ele>
      </trkpt>
      <trkpt lat="46.025859" lon="12.361588">
        <ele>1048.0</ele>
      </trkpt>
      <trkpt lat="46.025994" lon="12.361896">
        <ele>1054.25</ele>
      </trkpt>
      <trkpt lat="46.026222" lon="12.362487">
        <ele>1063.25</ele>
      </trkpt>
      <trkpt lat="46.026352" lon="12.362937">
        <ele>1066.25</ele>
      </trkpt>
      <trkpt lat="46.026465" lon="12.363146">
        <ele>1069.75</ele>
      </trkpt>
      <trkpt lat="46.026606" lon="12.363319">
        <ele>1074.75</ele>
      </trkpt>
      <trkpt lat="46.026714" lon="12.363384">
        <ele>1079.75</ele>
      </trkpt>
      <trkpt lat="46.026849" lon="12.363751">
        <ele>1078.75</ele>
      </trkpt>
      <trkpt lat="46.026912" lon="12.363891">
        <ele>1078.25</ele>
      </trkpt>
      <trkpt lat="46.027052" lon="12.363997">
        <ele>1081.75</ele>
      </trkpt>
      <trkpt lat="46.027383" lon="12.364038">
        <ele>1095.25</ele>
      </trkpt>
      <trkpt lat="46.027796" lon="12.364253">
        <ele>1106.5</ele>
      </trkpt>
      <trkpt lat="46.028016" lon="12.364416">
        <ele>1113.0</ele>
      </trkpt>
      <trkpt lat="46.02812" lon="12.364548">
        <ele>1114.75</ele>
      </trkpt>
      <trkpt lat="46.028246" lon="12.364756">
        <ele>1115.25</ele>
      </trkpt>
      <trkpt lat="46.028422" lon="12.365004">
        <ele>1116.5</ele>
      </trkpt>
      <trkpt lat="46.028526" lon="12.365129">
        <ele>1120.75</ele>
      </trkpt>
      <trkpt lat="46.028878" lon="12.365382">
        <ele>1130.5</ele>
      </trkpt>
      <trkpt lat="46.029026" lon="12.365541">
        <ele>1132.25</ele>
      </trkpt>
      <trkpt lat="46.029348" lon="12.366036">
        <ele>1135.5</ele>
      </trkpt>
      <trkpt lat="46.029453" lon="12.36609">
        <ele>1137.5</ele>
      </trkpt>
      <trkpt lat="46.029555" lon="12.366116">
        <ele>1139.25</ele>
      </trkpt>
      <trkpt lat="46.029711" lon="12.366134">
        <ele>1141.5</ele>
      </trkpt>
      <trkpt lat="46.029897" lon="12.365999">
        <ele>1142.25</ele>
      </trkpt>
      <trkpt lat="46.030175" lon="12.365901">
        <ele>1145.5</ele>
      </trkpt>
      <trkpt lat="46.030589" lon="12.365842">
        <ele>1151.75</ele>
      </trkpt>
      <trkpt lat="46.030789" lon="12.36575">
        <ele>1157.5</ele>
      </trkpt>
      <trkpt lat="46.030959" lon="12.365736">
        <ele>1161.0</ele>
      </trkpt>
      <trkpt lat="46.031215" lon="12.365659">
        <ele>1168.0</ele>
      </trkpt>
      <trkpt lat="46.031383" lon="12.365609">
        <ele>1172.75</ele>
      </trkpt>
      <trkpt lat="46.031563" lon="12.365606">
        <ele>1176.5</ele>
      </trkpt>
      <trkpt lat="46.031728" lon="12.365632">
        <ele>1180.0</ele>
      </trkpt>
      <trkpt lat="46.031901" lon="12.365745">
        <ele>1183.5</ele>
      </trkpt>
      <trkpt lat="46.031997" lon="12.365868">
        <ele>1184.5</ele>
      </trkpt>
      <trkpt lat="46.032061" lon="12.366016">
        <ele>1186.0</ele>
      </trkpt>
      <trkpt lat="46.03213" lon="12.366209">
        <ele>1187.0</ele>
      </trkpt>
      <trkpt lat="46.032225" lon="12.366672">
        <ele>1185.0</ele>
      </trkpt>
      <trkpt lat="46.03224" lon="12.36681">
        <ele>1185.25</ele>
      </trkpt>
      <trkpt lat="46.032258" lon="12.366967">
        <ele>1185.25</ele>
      </trkpt>
      <trkpt lat="46.032313" lon="12.367287">
        <ele>1185.5</ele>
      </trkpt>
      <trkpt lat="46.032356" lon="12.36748">
        <ele>1185.5</ele>
      </trkpt>
      <trkpt lat="46.032343" lon="12.367775">
        <ele>1185.5</ele>
      </trkpt>
      <trkpt lat="46.03226" lon="12.368449">
        <ele>1185.5</ele>
      </trkpt>
      <trkpt lat="46.032187" lon="12.368844">
        <ele>1185.25</ele>
      </trkpt>
      <trkpt lat="46.032122" lon="12.369129">
        <ele>1185.0</ele>
      </trkpt>
      <trkpt lat="46.032054" lon="12.369232">
        <ele>1185.0</ele>
      </trkpt>
      <trkpt lat="46.032" lon="12.36927">
        <ele>1185.0</ele>
      </trkpt>
      <trkpt lat="46.031924" lon="12.369376">
        <ele>1185.0</ele>
      </trkpt>
      <trkpt lat="46.031881" lon="12.369609">
        <ele>1185.75</ele>
      </trkpt>
      <trkpt lat="46.031878" lon="12.36995">
        <ele>1186.75</ele>
      </trkpt>
      <trkpt lat="46.031847" lon="12.370179">
        <ele>1187.75</ele>
      </trkpt>
      <trkpt lat="46.031801" lon="12.370339">
        <ele>1188.75</ele>
      </trkpt>
      <trkpt lat="46.031585" lon="12.370476">
        <ele>1191.5</ele>
      </trkpt>
      <trkpt lat="46.031462" lon="12.370635">
        <ele>1195.25</ele>
      </trkpt>
      <trkpt lat="46.031381" lon="12.370785">
        <ele>1198.0</ele>
      </trkpt>
      <trkpt lat="46.031326" lon="12.37096">
        <ele>1199.75</ele>
      </trkpt>
      <trkpt lat="46.031321" lon="12.371379">
        <ele>1200.75</ele>
      </trkpt>
      <trkpt lat="46.03128" lon="12.371474">
        <ele>1201.75</ele>
      </trkpt>
      <trkpt lat="46.031204" lon="12.371615">
        <ele>1204.0</ele>
      </trkpt>
      <trkpt lat="46.031175" lon="12.371759">
        <ele>1204.75</ele>
      </trkpt>
      <trkpt lat="46.031134" lon="12.371913">
        <ele>1205.75</ele>
      </trkpt>
      <trkpt lat="46.03108" lon="12.37193">
        <ele>1207.0</ele>
      </trkpt>
      <trkpt lat="46.03103" lon="12.371895">
        <ele>1208.25</ele>
      </trkpt>
      <trkpt lat="46.031004" lon="12.371767">
        <ele>1208.75</ele>
      </trkpt>
      <trkpt lat="46.031004" lon="12.371537">
        <ele>1208.5</ele>
      </trkpt>
      <trkpt lat="46.030958" lon="12.371355">
        <ele>1209.25</ele>
      </trkpt>
      <trkpt lat="46.030838" lon="12.371201">
        <ele>1211.75</ele>
      </trkpt>
      <trkpt lat="46.030716" lon="12.371147">
        <ele>1213.5</ele>
      </trkpt>
      <trkpt lat="46.030595" lon="12.37108">
        <ele>1215.25</ele>
      </trkpt>
      <trkpt lat="46.030502" lon="12.370873">
        <ele>1215.5</ele>
      </trkpt>
      <trkpt lat="46.030453" lon="12.370732">
        <ele>1215.0</ele>
      </trkpt>
      <trkpt lat="46.030399" lon="12.370698">
        <ele>1215.5</ele>
      </trkpt>
      <trkpt lat="46.030299" lon="12.370694">
        <ele>1216.5</ele>
      </trkpt>
      <trkpt lat="46.030195" lon="12.370762">
        <ele>1218.5</ele>
      </trkpt>
      <trkpt lat="46.030055" lon="12.370907">
        <ele>1222.0</ele>
      </trkpt>
      <trkpt lat="46.029845" lon="12.371051">
        <ele>1223.75</ele>
      </trkpt>
      <trkpt lat="46.029779" lon="12.371156">
        <ele>1224.5</ele>
      </trkpt>
      <trkpt lat="46.029627" lon="12.371652">
        <ele>1228.5</ele>
      </trkpt>
      <trkpt lat="46.02958" lon="12.371766">
        <ele>1228.75</ele>
      </trkpt>
      <trkpt lat="46.029387" lon="12.372033">
        <ele>1228.25</ele>
      </trkpt>
      <trkpt lat="46.029284" lon="12.372221">
        <ele>1228.0</ele>
      </trkpt>
      <trkpt lat="46.02925" lon="12.372343">
        <ele>1228.25</ele>
      </trkpt>
      <trkpt lat="46.029215" lon="12.372613">
        <ele>1228.25</ele>
      </trkpt>
      <trkpt lat="46.029231" lon="12.372759">
        <ele>1228.25</ele>
      </trkpt>
      <trkpt lat="46.029236" lon="12.372872">
        <ele>1228.25</ele>
      </trkpt>
      <trkpt lat="46.029225" lon="12.373323">
        <ele>1228.25</ele>
      </trkpt>
      <trkpt lat="46.029211" lon="12.373409">
        <ele>1228.25</ele>
      </trkpt>
      <trkpt lat="46.029173" lon="12.373545">
        <ele>1228.75</ele>
      </trkpt>
      <trkpt lat="46.029074" lon="12.373863">
        <ele>1230.5</ele>
      </trkpt>
      <trkpt lat="46.029083" lon="12.373969">
        <ele>1230.75</ele>
      </trkpt>
      <trkpt lat="46.029107" lon="12.374108">
        <ele>1231.0</ele>
      </trkpt>
      <trkpt lat="46.029109" lon="12.374205">
        <ele>1231.25</ele>
      </trkpt>
      <trkpt lat="46.0291" lon="12.3743">
        <ele>1231.0</ele>
      </trkpt>
      <trkpt lat="46.029077" lon="12.374348">
        <ele>1231.0</ele>
      </trkpt>
      <trkpt lat="46.029041" lon="12.374385">
        <ele>1231.0</ele>
      </trkpt>
      <trkpt lat="46.029023" lon="12.374441">
        <ele>1231.0</ele>
      </trkpt>
      <trkpt lat="46.029041" lon="12.374506">
        <ele>1230.75</ele>
      </trkpt>
      <trkpt lat="46.029131" lon="12.374695">
        <ele>1229.25</ele>
      </trkpt>
      <trkpt lat="46.029214" lon="12.374974">
        <ele>1228.5</ele>
      </trkpt>
      <trkpt lat="46.029209" lon="12.37507">
        <ele>1228.0</ele>
      </trkpt>
      <trkpt lat="46.029161" lon="12.37537">
        <ele>1226.5</ele>
      </trkpt>
      <trkpt lat="46.029053" lon="12.375963">
        <ele>1225.0</ele>
      </trkpt>
      <trkpt lat="46.028982" lon="12.376218">
        <ele>1224.0</ele>
      </trkpt>
      <trkpt lat="46.028902" lon="12.376575">
        <ele>1222.0</ele>
      </trkpt>
      <trkpt lat="46.028847" lon="12.377077">
        <ele>1221.0</ele>
      </trkpt>
      <trkpt lat="46.028852" lon="12.377253">
        <ele>1220.75</ele>
      </trkpt>
      <trkpt lat="46.028929" lon="12.377351">
        <ele>1221.25</ele>
      </trkpt>
      <trkpt lat="46.028965" lon="12.377514">
        <ele>1221.75</ele>
      </trkpt>
      <trkpt lat="46.029016" lon="12.377647">
        <ele>1222.0</ele>
      </trkpt>
      <trkpt lat="46.029015" lon="12.377827">
        <ele>1221.75</ele>
      </trkpt>
      <trkpt lat="46.029078" lon="12.378035">
        <ele>1222.25</ele>
      </trkpt>
      <trkpt lat="46.029191" lon="12.37827">
        <ele>1223.5</ele>
      </trkpt>
      <trkpt lat="46.029259" lon="12.378368">
        <ele>1224.75</ele>
      </trkpt>
      <trkpt lat="46.029337" lon="12.378573">
        <ele>1226.0</ele>
      </trkpt>
      <trkpt lat="46.029332" lon="12.378923">
        <ele>1225.5</ele>
      </trkpt>
      <trkpt lat="46.029314" lon="12.379482">
        <ele>1225.5</ele>
      </trkpt>
      <trkpt lat="46.029413" lon="12.379805">
        <ele>1228.0</ele>
      </trkpt>
      <trkpt lat="46.029572" lon="12.379926">
        <ele>1231.0</ele>
      </trkpt>
      <trkpt lat="46.030128" lon="12.380504">
        <ele>1243.25</ele>
      </trkpt>
      <trkpt lat="46.03025" lon="12.380718">
        <ele>1246.75</ele>
      </trkpt>
      <trkpt lat="46.030196" lon="12.381158">
        <ele>1246.5</ele>
      </trkpt>
      <trkpt lat="46.030211" lon="12.381417">
        <ele>1248.0</ele>
      </trkpt>
      <trkpt lat="46.030252" lon="12.381742">
        <ele>1249.5</ele>
      </trkpt>
      <trkpt lat="46.0303" lon="12.38192">
        <ele>1250.0</ele>
      </trkpt>
      <trkpt lat="46.030542" lon="12.382379">
        <ele>1251.75</ele>
      </trkpt>
      <trkpt lat="46.030661" lon="12.382714">
        <ele>1252.0</ele>
      </trkpt>
      <trkpt lat="46.030665" lon="12.382799">
        <ele>1252.0</ele>
      </trkpt>
      <trkpt lat="46.03064" lon="12.38293">
        <ele>1251.5</ele>
      </trkpt>
      <trkpt lat="46.030487" lon="12.383307">
        <ele>1251.0</ele>
      </trkpt>
      <trkpt lat="46.030427" lon="12.383483">
        <ele>1250.75</ele>
      </trkpt>
      <trkpt lat="46.030364" lon="12.383507">
        <ele>1250.5</ele>
      </trkpt>
      <trkpt lat="46.030248" lon="12.383535">
        <ele>1250.5</ele>
      </trkpt>
      <trkpt lat="46.030146" lon="12.383549">
        <ele>1250.25</ele>
      </trkpt>
      <trkpt lat="46.030118" lon="12.383563">
        <ele>1250.25</ele>
      </trkpt>
      <trkpt lat="46.029905" lon="12.38372">
        <ele>1249.25</ele>
      </trkpt>
      <trkpt lat="46.029849" lon="12.383778">
        <ele>1249.0</ele>
      </trkpt>
      <trkpt lat="46.0297" lon="12.383969">
        <ele>1248.5</ele>
      </trkpt>
      <trkpt lat="46.029655" lon="12.384015">
        <ele>1248.5</ele>
      </trkpt>
      <trkpt lat="46.029635" lon="12.38403">
        <ele>1248.25</ele>
      </trkpt>
      <trkpt lat="46.029392" lon="12.384115">
        <ele>1248.5</ele>
      </trkpt>
      <trkpt lat="46.029322" lon="12.384178">
        <ele>1248.75</ele>
      </trkpt>
      <trkpt lat="46.029223" lon="12.384336">
        <ele>1248.0</ele>
      </trkpt>
      <trkpt lat="46.029193" lon="12.384395">
        <ele>1247.75</ele>
      </trkpt>
      <trkpt lat="46.029168" lon="12.384468">
        <ele>1247.5</ele>
      </trkpt>
      <trkpt lat="46.029091" lon="12.384621">
        <ele>1245.75</ele>
      </trkpt>
      <trkpt lat="46.028937" lon="12.384839">
        <ele>1242.75</ele>
      </trkpt>
      <trkpt lat="46.028902" lon="12.384942">
        <ele>1242.25</ele>
      </trkpt>
      <trkpt lat="46.028896" lon="12.384999">
        <ele>1242.0</ele>
      </trkpt>
      <trkpt lat="46.028869" lon="12.385596">
        <ele>1245.0</ele>
      </trkpt>
      <trkpt lat="46.028845" lon="12.385699">
        <ele>1245.25</ele>
      </trkpt>
      <trkpt lat="46.028825" lon="12.38585">
        <ele>1245.5</ele>
      </trkpt>
      <trkpt lat="46.028826" lon="12.386107">
        <ele>1246.25</ele>
      </trkpt>
      <trkpt lat="46.028818" lon="12.386212">
        <ele>1246.5</ele>
      </trkpt>
      <trkpt lat="46.028779" lon="12.386447">
        <ele>1246.5</ele>
      </trkpt>
      <trkpt lat="46.028613" lon="12.387138">
        <ele>1246.0</ele>
      </trkpt>
      <trkpt lat="46.028585" lon="12.38722">
        <ele>1246.0</ele>
      </trkpt>
      <trkpt lat="46.028575" lon="12.387362">
        <ele>1246.0</ele>
      </trkpt>
      <trkpt lat="46.028599" lon="12.387638">
        <ele>1243.75</ele>
      </trkpt>
      <trkpt lat="46.028616" lon="12.387715">
        <ele>1242.5</ele>
      </trkpt>
      <trkpt lat="46.028634" lon="12.387759">
        <ele>1242.0</ele>
      </trkpt>
      <trkpt lat="46.028652" lon="12.387781">
        <ele>1241.75</ele>
      </trkpt>
      <trkpt lat="46.02886" lon="12.387914">
        <ele>1243.25</ele>
      </trkpt>
      <trkpt lat="46.028976" lon="12.388007">
        <ele>1244.25</ele>
      </trkpt>
      <trkpt lat="46.029069" lon="12.388102">
        <ele>1245.25</ele>
      </trkpt>
      <trkpt lat="46.029119" lon="12.38817">
        <ele>1246.0</ele>
      </trkpt>
      <trkpt lat="46.029233" lon="12.388375">
        <ele>1246.25</ele>
      </trkpt>
      <trkpt lat="46.029281" lon="12.388441">
        <ele>1246.0</ele>
      </trkpt>
      <trkpt lat="46.029336" lon="12.388492">
        <ele>1246.0</ele>
      </trkpt>
      <trkpt lat="46.0294" lon="12.388541">
        <ele>1246.5</ele>
      </trkpt>
      <trkpt lat="46.029627" lon="12.388659">
        <ele>1249.25</ele>
      </trkpt>
      <trkpt lat="46.029839" lon="12.388756">
        <ele>1252.5</ele>
      </trkpt>
      <trkpt lat="46.029974" lon="12.388848">
        <ele>1254.0</ele>
      </trkpt>
      <trkpt lat="46.030041" lon="12.388903">
        <ele>1254.5</ele>
      </trkpt>
      <trkpt lat="46.030069" lon="12.388942">
        <ele>1254.75</ele>
      </trkpt>
      <trkpt lat="46.030093" lon="12.388997">
        <ele>1254.5</ele>
      </trkpt>
      <trkpt lat="46.030107" lon="12.389057">
        <ele>1254.0</ele>
      </trkpt>
      <trkpt lat="46.030108" lon="12.389196">
        <ele>1252.25</ele>
      </trkpt>
      <trkpt lat="46.030077" lon="12.38932">
        <ele>1250.75</ele>
      </trkpt>
      <trkpt lat="46.029969" lon="12.389528">
        <ele>1246.25</ele>
      </trkpt>
      <trkpt lat="46.029946" lon="12.389583">
        <ele>1245.0</ele>
      </trkpt>
      <trkpt lat="46.029933" lon="12.389646">
        <ele>1244.25</ele>
      </trkpt>
      <trkpt lat="46.029931" lon="12.38972">
        <ele>1243.75</ele>
      </trkpt>
      <trkpt lat="46.030007" lon="12.390014">
        <ele>1245.0</ele>
      </trkpt>
      <trkpt lat="46.030012" lon="12.39011">
        <ele>1244.75</ele>
      </trkpt>
      <trkpt lat="46.030011" lon="12.390497">
        <ele>1242.5</ele>
      </trkpt>
      <trkpt lat="46.030005" lon="12.390647">
        <ele>1241.25</ele>
      </trkpt>
      <trkpt lat="46.029993" lon="12.390757">
        <ele>1240.0</ele>
      </trkpt>
      <trkpt lat="46.029925" lon="12.391078">
        <ele>1236.25</ele>
      </trkpt>
      <trkpt lat="46.029887" lon="12.391207">
        <ele>1234.5</ele>
      </trkpt>
      <trkpt lat="46.029773" lon="12.391535">
        <ele>1230.5</ele>
      </trkpt>
      <trkpt lat="46.029717" lon="12.391655">
        <ele>1229.0</ele>
      </trkpt>
      <trkpt lat="46.029564" lon="12.39187">
        <ele>1225.75</ele>
      </trkpt>
      <trkpt lat="46.029541" lon="12.391929">
        <ele>1225.5</ele>
      </trkpt>
      <trkpt lat="46.029534" lon="12.391975">
        <ele>1225.75</ele>
      </trkpt>
      <trkpt lat="46.02954" lon="12.39202">
        <ele>1226.0</ele>
      </trkpt>
      <trkpt lat="46.029563" lon="12.392063">
        <ele>1226.5</ele>
      </trkpt>
      <trkpt lat="46.0296" lon="12.392099">
        <ele>1227.0</ele>
      </trkpt>
      <trkpt lat="46.029933" lon="12.392303">
        <ele>1228.25</ele>
      </trkpt>
      <trkpt lat="46.029985" lon="12.392326">
        <ele>1228.25</ele>
      </trkpt>
      <trkpt lat="46.030075" lon="12.392351">
        <ele>1229.5</ele>
      </trkpt>
      <trkpt lat="46.030128" lon="12.392382">
        <ele>1230.0</ele>
      </trkpt>
      <trkpt lat="46.030305" lon="12.392516">
        <ele>1231.0</ele>
      </trkpt>
      <trkpt lat="46.030344" lon="12.392572">
        <ele>1230.5</ele>
      </trkpt>
      <trkpt lat="46.030381" lon="12.392666">
        <ele>1229.0</ele>
      </trkpt>
      <trkpt lat="46.030465" lon="12.393044">
        <ele>1221.0</ele>
      </trkpt>
      <trkpt lat="46.030499" lon="12.393358">
        <ele>1213.25</ele>
      </trkpt>
      <trkpt lat="46.030545" lon="12.393449">
        <ele>1209.75</ele>
      </trkpt>
      <trkpt lat="46.030631" lon="12.393495">
        <ele>1208.25</ele>
      </trkpt>
      <trkpt lat="46.030692" lon="12.393508">
        <ele>1208.0</ele>
      </trkpt>
      <trkpt lat="46.03089" lon="12.393452">
        <ele>1211.0</ele>
      </trkpt>
      <trkpt lat="46.031549" lon="12.393594">
        <ele>1206.25</ele>
      </trkpt>
      <trkpt lat="46.031717" lon="12.393683">
        <ele>1203.0</ele>
      </trkpt>
      <trkpt lat="46.032039" lon="12.39387">
        <ele>1197.0</ele>
      </trkpt>
      <trkpt lat="46.03226" lon="12.393902">
        <ele>1196.75</ele>
      </trkpt>
      <trkpt lat="46.032448" lon="12.393939">
        <ele>1196.75</ele>
      </trkpt>
      <trkpt lat="46.03262" lon="12.394017">
        <ele>1195.25</ele>
      </trkpt>
      <trkpt lat="46.032739" lon="12.394104">
        <ele>1193.5</ele>
      </trkpt>
      <trkpt lat="46.032773" lon="12.394141">
        <ele>1192.75</ele>
      </trkpt>
      <trkpt lat="46.032742" lon="12.394194">
        <ele>1192.0</ele>
      </trkpt>
      <trkpt lat="46.032727" lon="12.394247">
        <ele>1191.5</ele>
      </trkpt>
      <trkpt lat="46.032677" lon="12.394291">
        <ele>1191.0</ele>
      </trkpt>
      <trkpt lat="46.032625" lon="12.39435">
        <ele>1190.25</ele>
      </trkpt>
      <trkpt lat="46.032486" lon="12.394474">
        <ele>1188.5</ele>
      </trkpt>
      <trkpt lat="46.032437" lon="12.394495">
        <ele>1187.75</ele>
      </trkpt>
      <trkpt lat="46.032098" lon="12.39445">
        <ele>1184.25</ele>
      </trkpt>
      <trkpt lat="46.032063" lon="12.394467">
        <ele>1183.5</ele>
      </trkpt>
      <trkpt lat="46.032015" lon="12.394465">
        <ele>1183.0</ele>
      </trkpt>
      <trkpt lat="46.031949" lon="12.394478">
        <ele>1182.0</ele>
      </trkpt>
      <trkpt lat="46.031892" lon="12.394501">
        <ele>1181.0</ele>
      </trkpt>
      <trkpt lat="46.031864" lon="12.39457">
        <ele>1179.75</ele>
      </trkpt>
      <trkpt lat="46.031838" lon="12.394616">
        <ele>1178.75</ele>
      </trkpt>
      <trkpt lat="46.031762" lon="12.394759">
        <ele>1175.25</ele>
      </trkpt>
      <trkpt lat="46.031716" lon="12.394884">
        <ele>1172.75</ele>
      </trkpt>
      <trkpt lat="46.031697" lon="12.3949">
        <ele>1172.0</ele>
      </trkpt>
      <trkpt lat="46.031654" lon="12.394904">
        <ele>1171.25</ele>
      </trkpt>
      <trkpt lat="46.031454" lon="12.394876">
        <ele>1168.75</ele>
      </trkpt>
      <trkpt lat="46.031331" lon="12.394878">
        <ele>1167.0</ele>
      </trkpt>
      <trkpt lat="46.031252" lon="12.39489">
        <ele>1165.5</ele>
      </trkpt>
      <trkpt lat="46.031108" lon="12.394886">
        <ele>1163.5</ele>
      </trkpt>
      <trkpt lat="46.03102" lon="12.394892">
        <ele>1162.0</ele>
      </trkpt>
      <trkpt lat="46.030896" lon="12.394951">
        <ele>1158.25</ele>
      </trkpt>
      <trkpt lat="46.030874" lon="12.394968">
        <ele>1157.5</ele>
      </trkpt>
      <trkpt lat="46.030843" lon="12.395023">
        <ele>1156.0</ele>
      </trkpt>
      <trkpt lat="46.030753" lon="12.395241">
        <ele>1154.0</ele>
      </trkpt>
      <trkpt lat="46.030692" lon="12.395325">
        <ele>1152.75</ele>
      </trkpt>
      <trkpt lat="46.030651" lon="12.395399">
        <ele>1151.75</ele>
      </trkpt>
      <trkpt lat="46.030623" lon="12.395494">
        <ele>1150.75</ele>
      </trkpt>
      <trkpt lat="46.03062" lon="12.395562">
        <ele>1150.0</ele>
      </trkpt>
      <trkpt lat="46.030675" lon="12.396377">
        <ele>1146.0</ele>
      </trkpt>
      <trkpt lat="46.030732" lon="12.396511">
        <ele>1145.5</ele>
      </trkpt>
      <trkpt lat="46.030783" lon="12.396635">
        <ele>1145.0</ele>
      </trkpt>
      <trkpt lat="46.030755" lon="12.396801">
        <ele>1145.0</ele>
      </trkpt>
      <trkpt lat="46.030806" lon="12.396961">
        <ele>1145.75</ele>
      </trkpt>
      <trkpt lat="46.030837" lon="12.396995">
        <ele>1146.25</ele>
      </trkpt>
      <trkpt lat="46.030905" lon="12.397019">
        <ele>1148.25</ele>
      </trkpt>
      <trkpt lat="46.030941" lon="12.397109">
        <ele>1149.5</ele>
      </trkpt>
      <trkpt lat="46.030871" lon="12.397541">
        <ele>1148.75</ele>
      </trkpt>
      <trkpt lat="46.030849" lon="12.397808">
        <ele>1148.25</ele>
      </trkpt>
      <trkpt lat="46.030923" lon="12.397958">
        <ele>1150.0</ele>
      </trkpt>
      <trkpt lat="46.030969" lon="12.398129">
        <ele>1151.25</ele>
      </trkpt>
      <trkpt lat="46.031023" lon="12.39826">
        <ele>1152.5</ele>
      </trkpt>
      <trkpt lat="46.03137" lon="12.398394">
        <ele>1159.75</ele>
      </trkpt>
      <trkpt lat="46.03162" lon="12.398959">
        <ele>1154.25</ele>
      </trkpt>
      <trkpt lat="46.032071" lon="12.399287">
        <ele>1155.0</ele>
      </trkpt>
      <trkpt lat="46.032315" lon="12.399413">
        <ele>1157.25</ele>
      </trkpt>
      <trkpt lat="46.032339" lon="12.399787">
        <ele>1155.75</ele>
      </trkpt>
      <trkpt lat="46.032316" lon="12.400127">
        <ele>1154.5</ele>
      </trkpt>
      <trkpt lat="46.032478" lon="12.400267">
        <ele>1157.5</ele>
      </trkpt>
      <trkpt lat="46.032559" lon="12.400288">
        <ele>1158.0</ele>
      </trkpt>
      <trkpt lat="46.032561" lon="12.400403">
        <ele>1158.25</ele>
      </trkpt>
      <trkpt lat="46.032623" lon="12.40051">
        <ele>1158.75</ele>
      </trkpt>
      <trkpt lat="46.032708" lon="12.40074">
        <ele>1159.5</ele>
      </trkpt>
      <trkpt lat="46.032862" lon="12.40085">
        <ele>1159.75</ele>
      </trkpt>
      <trkpt lat="46.033084" lon="12.400836">
        <ele>1159.75</ele>
      </trkpt>
      <trkpt lat="46.033228" lon="12.400887">
        <ele>1160.0</ele>
      </trkpt>
      <trkpt lat="46.033387" lon="12.400896">
        <ele>1160.75</ele>
      </trkpt>
      <trkpt lat="46.033465" lon="12.400925">
        <ele>1161.75</ele>
      </trkpt>
      <trkpt lat="46.033522" lon="12.400959">
        <ele>1162.5</ele>
      </trkpt>
      <trkpt lat="46.033599" lon="12.400978">
        <ele>1163.5</ele>
      </trkpt>
      <trkpt lat="46.033733" lon="12.400975">
        <ele>1165.25</ele>
      </trkpt>
      <trkpt lat="46.033841" lon="12.400903">
        <ele>1167.0</ele>
      </trkpt>
      <trkpt lat="46.033954" lon="12.400877">
        <ele>1168.5</ele>
      </trkpt>
      <trkpt lat="46.034016" lon="12.400919">
        <ele>1169.25</ele>
      </trkpt>
      <trkpt lat="46.034092" lon="12.400993">
        <ele>1169.5</ele>
      </trkpt>
      <trkpt lat="46.034168" lon="12.401095">
        <ele>1169.75</ele>
      </trkpt>
      <trkpt lat="46.0342" lon="12.401158">
        <ele>1169.25</ele>
      </trkpt>
      <trkpt lat="46.034246" lon="12.401176">
        <ele>1169.0</ele>
      </trkpt>
      <trkpt lat="46.034323" lon="12.401246">
        <ele>1168.25</ele>
      </trkpt>
      <trkpt lat="46.034378" lon="12.40123">
        <ele>1168.5</ele>
      </trkpt>
      <trkpt lat="46.034486" lon="12.401215">
        <ele>1168.5</ele>
      </trkpt>
      <trkpt lat="46.034534" lon="12.40122">
        <ele>1168.5</ele>
      </trkpt>
      <trkpt lat="46.034816" lon="12.401193">
        <ele>1168.75</ele>
      </trkpt>
      <trkpt lat="46.0349" lon="12.401252">
        <ele>1168.0</ele>
      </trkpt>
      <trkpt lat="46.034975" lon="12.401327">
        <ele>1167.0</ele>
      </trkpt>
      <trkpt lat="46.035087" lon="12.401402">
        <ele>1165.25</ele>
      </trkpt>
      <trkpt lat="46.035365" lon="12.401502">
        <ele>1161.75</ele>
      </trkpt>
      <trkpt lat="46.035486" lon="12.401558">
        <ele>1160.25</ele>
      </trkpt>
      <trkpt lat="46.035506" lon="12.401648">
        <ele>1159.5</ele>
      </trkpt>
      <trkpt lat="46.035499" lon="12.401831">
        <ele>1159.0</ele>
      </trkpt>
      <trkpt lat="46.035512" lon="12.40194">
        <ele>1158.75</ele>
      </trkpt>
      <trkpt lat="46.035479" lon="12.402041">
        <ele>1158.75</ele>
      </trkpt>
      <trkpt lat="46.035454" lon="12.402169">
        <ele>1158.75</ele>
      </trkpt>
      <trkpt lat="46.035461" lon="12.402344">
        <ele>1158.5</ele>
      </trkpt>
      <trkpt lat="46.035484" lon="12.40245">
        <ele>1158.0</ele>
      </trkpt>
      <trkpt lat="46.035463" lon="12.402626">
        <ele>1156.75</ele>
      </trkpt>
      <trkpt lat="46.03546" lon="12.402742">
        <ele>1155.5</ele>
      </trkpt>
      <trkpt lat="46.035491" lon="12.40286">
        <ele>1153.5</ele>
      </trkpt>
      <trkpt lat="46.035485" lon="12.402958">
        <ele>1152.5</ele>
      </trkpt>
      <trkpt lat="46.035425" lon="12.403128">
        <ele>1152.25</ele>
      </trkpt>
      <trkpt lat="46.035379" lon="12.403281">
        <ele>1152.25</ele>
      </trkpt>
      <trkpt lat="46.035363" lon="12.403362">
        <ele>1151.75</ele>
      </trkpt>
      <trkpt lat="46.035356" lon="12.403487">
        <ele>1149.25</ele>
      </trkpt>
      <trkpt lat="46.035259" lon="12.404018">
        <ele>1140.75</ele>
      </trkpt>
      <trkpt lat="46.03523" lon="12.404157">
        <ele>1138.75</ele>
      </trkpt>
      <trkpt lat="46.035163" lon="12.40423">
        <ele>1139.75</ele>
      </trkpt>
      <trkpt lat="46.03512" lon="12.404351">
        <ele>1139.25</ele>
      </trkpt>
      <trkpt lat="46.035086" lon="12.404426">
        <ele>1139.0</ele>
      </trkpt>
      <trkpt lat="46.035087" lon="12.404604">
        <ele>1136.0</ele>
      </trkpt>
      <trkpt lat="46.035076" lon="12.404654">
        <ele>1135.5</ele>
      </trkpt>
      <trkpt lat="46.035082" lon="12.404781">
        <ele>1133.25</ele>
      </trkpt>
      <trkpt lat="46.035077" lon="12.404856">
        <ele>1132.25</ele>
      </trkpt>
      <trkpt lat="46.035102" lon="12.405019">
        <ele>1129.5</ele>
      </trkpt>
      <trkpt lat="46.035151" lon="12.405101">
        <ele>1129.0</ele>
      </trkpt>
      <trkpt lat="46.035102" lon="12.405683">
        <ele>1130.5</ele>
      </trkpt>
      <trkpt lat="46.035229" lon="12.405804">
        <ele>1132.0</ele>
      </trkpt>
      <trkpt lat="46.035281" lon="12.40581">
        <ele>1132.5</ele>
      </trkpt>
      <trkpt lat="46.035309" lon="12.405838">
        <ele>1133.0</ele>
      </trkpt>
      <trkpt lat="46.035276" lon="12.405901">
        <ele>1133.25</ele>
      </trkpt>
      <trkpt lat="46.035278" lon="12.405952">
        <ele>1133.75</ele>
      </trkpt>
      <trkpt lat="46.035263" lon="12.405994">
        <ele>1133.75</ele>
      </trkpt>
      <trkpt lat="46.035314" lon="12.406018">
        <ele>1134.75</ele>
      </trkpt>
      <trkpt lat="46.035372" lon="12.40601">
        <ele>1135.5</ele>
      </trkpt>
      <trkpt lat="46.035397" lon="12.406044">
        <ele>1136.25</ele>
      </trkpt>
      <trkpt lat="46.035391" lon="12.406186">
        <ele>1138.0</ele>
      </trkpt>
      <trkpt lat="46.035376" lon="12.406302">
        <ele>1139.25</ele>
      </trkpt>
      <trkpt lat="46.035368" lon="12.406546">
        <ele>1142.0</ele>
      </trkpt>
      <trkpt lat="46.035358" lon="12.406631">
        <ele>1142.5</ele>
      </trkpt>
      <trkpt lat="46.03537" lon="12.406706">
        <ele>1143.75</ele>
      </trkpt>
      <trkpt lat="46.035367" lon="12.406892">
        <ele>1145.75</ele>
      </trkpt>
      <trkpt lat="46.03538" lon="12.406984">
        <ele>1147.0</ele>
      </trkpt>
      <trkpt lat="46.035405" lon="12.407012">
        <ele>1148.25</ele>
      </trkpt>
      <trkpt lat="46.035422" lon="12.407003">
        <ele>1148.75</ele>
      </trkpt>
      <trkpt lat="46.035434" lon="12.406906">
        <ele>1148.0</ele>
      </trkpt>
      <trkpt lat="46.035452" lon="12.406917">
        <ele>1148.75</ele>
      </trkpt>
      <trkpt lat="46.035469" lon="12.407166">
        <ele>1152.0</ele>
      </trkpt>
      <trkpt lat="46.035488" lon="12.4072">
        <ele>1153.0</ele>
      </trkpt>
      <trkpt lat="46.035507" lon="12.407327">
        <ele>1155.0</ele>
      </trkpt>
      <trkpt lat="46.035552" lon="12.407417">
        <ele>1157.5</ele>
      </trkpt>
      <trkpt lat="46.035674" lon="12.407486">
        <ele>1162.25</ele>
      </trkpt>
      <trkpt lat="46.0357" lon="12.407477">
        <ele>1163.0</ele>
      </trkpt>
      <trkpt lat="46.035746" lon="12.40754">
        <ele>1165.25</ele>
      </trkpt>
      <trkpt lat="46.035754" lon="12.407611">
        <ele>1166.0</ele>
      </trkpt>
      <trkpt lat="46.035776" lon="12.407718">
        <ele>1167.5</ele>
      </trkpt>
      <trkpt lat="46.035867" lon="12.407834">
        <ele>1170.0</ele>
      </trkpt>
      <trkpt lat="46.035942" lon="12.407993">
        <ele>1170.25</ele>
      </trkpt>
      <trkpt lat="46.03599" lon="12.40805">
        <ele>1170.25</ele>
      </trkpt>
      <trkpt lat="46.036004" lon="12.408132">
        <ele>1170.5</ele>
      </trkpt>
      <trkpt lat="46.035967" lon="12.408359">
        <ele>1172.25</ele>
      </trkpt>
      <trkpt lat="46.035978" lon="12.408531">
        <ele>1172.25</ele>
      </trkpt>
      <trkpt lat="46.035948" lon="12.408653">
        <ele>1172.5</ele>
      </trkpt>
      <trkpt lat="46.035908" lon="12.408774">
        <ele>1172.75</ele>
      </trkpt>
      <trkpt lat="46.035895" lon="12.408829">
        <ele>1173.0</ele>
      </trkpt>
      <trkpt lat="46.035888" lon="12.408905">
        <ele>1173.0</ele>
      </trkpt>
      <trkpt lat="46.035913" lon="12.408954">
        <ele>1172.75</ele>
      </trkpt>
      <trkpt lat="46.035988" lon="12.409145">
        <ele>1172.5</ele>
      </trkpt>
      <trkpt lat="46.036003" lon="12.409192">
        <ele>1172.5</ele>
      </trkpt>
      <trkpt lat="46.035994" lon="12.409245">
        <ele>1172.5</ele>
      </trkpt>
      <trkpt lat="46.035968" lon="12.409298">
        <ele>1172.75</ele>
      </trkpt>
      <trkpt lat="46.035961" lon="12.409342">
        <ele>1172.75</ele>
      </trkpt>
      <trkpt lat="46.035969" lon="12.409415">
        <ele>1172.75</ele>
      </trkpt>
      <trkpt lat="46.035993" lon="12.40952">
        <ele>1172.75</ele>
      </trkpt>
      <trkpt lat="46.036001" lon="12.409619">
        <ele>1172.75</ele>
      </trkpt>
      <trkpt lat="46.035973" lon="12.409781">
        <ele>1173.0</ele>
      </trkpt>
      <trkpt lat="46.035889" lon="12.409931">
        <ele>1173.5</ele>
      </trkpt>
      <trkpt lat="46.035836" lon="12.409988">
        <ele>1173.75</ele>
      </trkpt>
      <trkpt lat="46.035837" lon="12.410018">
        <ele>1173.75</ele>
      </trkpt>
      <trkpt lat="46.035804" lon="12.410098">
        <ele>1173.75</ele>
      </trkpt>
      <trkpt lat="46.035712" lon="12.410245">
        <ele>1173.5</ele>
      </trkpt>
      <trkpt lat="46.035668" lon="12.410389">
        <ele>1174.0</ele>
      </trkpt>
      <trkpt lat="46.035693" lon="12.410436">
        <ele>1174.0</ele>
      </trkpt>
      <trkpt lat="46.035684" lon="12.410466">
        <ele>1174.25</ele>
      </trkpt>
      <trkpt lat="46.035575" lon="12.410537">
        <ele>1175.0</ele>
      </trkpt>
      <trkpt lat="46.035477" lon="12.410652">
        <ele>1176.25</ele>
      </trkpt>
      <trkpt lat="46.035412" lon="12.410717">
        <ele>1177.25</ele>
      </trkpt>
      <trkpt lat="46.035376" lon="12.41081">
        <ele>1178.5</ele>
      </trkpt>
      <trkpt lat="46.035389" lon="12.410881">
        <ele>1178.75</ele>
      </trkpt>
      <trkpt lat="46.035359" lon="12.410929">
        <ele>1179.25</ele>
      </trkpt>
      <trkpt lat="46.035322" lon="12.411072">
        <ele>1180.25</ele>
      </trkpt>
      <trkpt lat="46.035181" lon="12.411259">
        <ele>1183.5</ele>
      </trkpt>
      <trkpt lat="46.03514" lon="12.411398">
        <ele>1185.25</ele>
      </trkpt>
      <trkpt lat="46.035165" lon="12.411765">
        <ele>1187.5</ele>
      </trkpt>
      <trkpt lat="46.035139" lon="12.411843">
        <ele>1189.0</ele>
      </trkpt>
      <trkpt lat="46.035096" lon="12.41194">
        <ele>1190.75</ele>
      </trkpt>
      <trkpt lat="46.035053" lon="12.412133">
        <ele>1193.5</ele>
      </trkpt>
      <trkpt lat="46.035063" lon="12.412341">
        <ele>1195.25</ele>
      </trkpt>
      <trkpt lat="46.035035" lon="12.412436">
        <ele>1196.75</ele>
      </trkpt>
      <trkpt lat="46.034942" lon="12.412575">
        <ele>1199.25</ele>
      </trkpt>
      <trkpt lat="46.034872" lon="12.412705">
        <ele>1201.5</ele>
      </trkpt>
      <trkpt lat="46.03474" lon="12.412896">
        <ele>1204.75</ele>
      </trkpt>
      <trkpt lat="46.034628" lon="12.413181">
        <ele>1209.25</ele>
      </trkpt>
      <trkpt lat="46.034574" lon="12.413394">
        <ele>1212.25</ele>
      </trkpt>
      <trkpt lat="46.034565" lon="12.413581">
        <ele>1214.5</ele>
      </trkpt>
      <trkpt lat="46.034539" lon="12.413693">
        <ele>1216.0</ele>
      </trkpt>
      <trkpt lat="46.034524" lon="12.413989">
        <ele>1219.75</ele>
      </trkpt>
      <trkpt lat="46.034531" lon="12.414132">
        <ele>1221.5</ele>
      </trkpt>
      <trkpt lat="46.034528" lon="12.414213">
        <ele>1223.0</ele>
      </trkpt>
      <trkpt lat="46.034574" lon="12.41437">
        <ele>1226.75</ele>
      </trkpt>
      <trkpt lat="46.034661" lon="12.414482">
        <ele>1230.0</ele>
      </trkpt>
      <trkpt lat="46.03473" lon="12.414498">
        <ele>1231.0</ele>
      </trkpt>
      <trkpt lat="46.034869" lon="12.414392">
        <ele>1229.75</ele>
      </trkpt>
      <trkpt lat="46.035069" lon="12.414371">
        <ele>1229.75</ele>
      </trkpt>
      <trkpt lat="46.035182" lon="12.414435">
        <ele>1230.0</ele>
      </trkpt>
      <trkpt lat="46.035345" lon="12.414634">
        <ele>1233.25</ele>
      </trkpt>
      <trkpt lat="46.035476" lon="12.414715">
        <ele>1234.25</ele>
      </trkpt>
      <trkpt lat="46.035541" lon="12.414769">
        <ele>1235.0</ele>
      </trkpt>
      <trkpt lat="46.035682" lon="12.414782">
        <ele>1234.25</ele>
      </trkpt>
      <trkpt lat="46.03595" lon="12.41491">
        <ele>1234.25</ele>
      </trkpt>
      <trkpt lat="46.036006" lon="12.41497">
        <ele>1235.0</ele>
      </trkpt>
      <trkpt lat="46.036023" lon="12.415045">
        <ele>1237.25</ele>
      </trkpt>
      <trkpt lat="46.036062" lon="12.415073">
        <ele>1237.5</ele>
      </trkpt>
      <trkpt lat="46.036321" lon="12.415073">
        <ele>1233.0</ele>
      </trkpt>
      <trkpt lat="46.036434" lon="12.415117">
        <ele>1232.75</ele>
      </trkpt>
      <trkpt lat="46.036517" lon="12.415161">
        <ele>1232.75</ele>
      </trkpt>
      <trkpt lat="46.036612" lon="12.415317">
        <ele>1236.0</ele>
      </trkpt>
      <trkpt lat="46.0367" lon="12.415521">
        <ele>1240.75</ele>
      </trkpt>
      <trkpt lat="46.036815" lon="12.415629">
        <ele>1240.25</ele>
      </trkpt>
      <trkpt lat="46.036973" lon="12.41585">
        <ele>1242.0</ele>
      </trkpt>
      <trkpt lat="46.037018" lon="12.415949">
        <ele>1243.0</ele>
      </trkpt>
      <trkpt lat="46.037146" lon="12.416304">
        <ele>1246.75</ele>
      </trkpt>
      <trkpt lat="46.037135" lon="12.416558">
        <ele>1253.0</ele>
      </trkpt>
      <trkpt lat="46.037125" lon="12.416664">
        <ele>1256.0</ele>
      </trkpt>
      <trkpt lat="46.037152" lon="12.417048">
        <ele>1261.0</ele>
      </trkpt>
      <trkpt lat="46.03714" lon="12.417099">
        <ele>1262.5</ele>
      </trkpt>
      <trkpt lat="46.0371" lon="12.417156">
        <ele>1264.75</ele>
      </trkpt>
      <trkpt lat="46.037074" lon="12.417235">
        <ele>1267.0</ele>
      </trkpt>
      <trkpt lat="46.03708" lon="12.417402">
        <ele>1269.5</ele>
      </trkpt>
      <trkpt lat="46.037109" lon="12.417527">
        <ele>1270.25</ele>
      </trkpt>
      <trkpt lat="46.037105" lon="12.417673">
        <ele>1272.25</ele>
      </trkpt>
      <trkpt lat="46.037122" lon="12.417698">
        <ele>1271.75</ele>
      </trkpt>
      <trkpt lat="46.03725" lon="12.417697">
        <ele>1267.75</ele>
      </trkpt>
      <trkpt lat="46.037327" lon="12.417817">
        <ele>1267.0</ele>
      </trkpt>
      <trkpt lat="46.037422" lon="12.418032">
        <ele>1267.5</ele>
      </trkpt>
      <trkpt lat="46.037498" lon="12.418356">
        <ele>1271.25</ele>
      </trkpt>
      <trkpt lat="46.037518" lon="12.418457">
        <ele>1272.75</ele>
      </trkpt>
      <trkpt lat="46.037531" lon="12.418661">
        <ele>1276.25</ele>
      </trkpt>
      <trkpt lat="46.037645" lon="12.41891">
        <ele>1277.75</ele>
      </trkpt>
      <trkpt lat="46.037672" lon="12.419027">
        <ele>1279.0</ele>
      </trkpt>
      <trkpt lat="46.037681" lon="12.419125">
        <ele>1280.5</ele>
      </trkpt>
      <trkpt lat="46.037714" lon="12.419272">
        <ele>1282.0</ele>
      </trkpt>
      <trkpt lat="46.037704" lon="12.419394">
        <ele>1284.25</ele>
      </trkpt>
      <trkpt lat="46.037722" lon="12.419466">
        <ele>1284.75</ele>
      </trkpt>
      <trkpt lat="46.037795" lon="12.419581">
        <ele>1284.5</ele>
      </trkpt>
      <trkpt lat="46.037814" lon="12.419643">
        <ele>1285.0</ele>
      </trkpt>
      <trkpt lat="46.037845" lon="12.419676">
        <ele>1284.5</ele>
      </trkpt>
      <trkpt lat="46.03788" lon="12.419797">
        <ele>1285.5</ele>
      </trkpt>
      <trkpt lat="46.037902" lon="12.419954">
        <ele>1287.5</ele>
      </trkpt>
      <trkpt lat="46.037959" lon="12.420066">
        <ele>1288.0</ele>
      </trkpt>
      <trkpt lat="46.038002" lon="12.420167">
        <ele>1288.5</ele>
      </trkpt>
      <trkpt lat="46.038162" lon="12.420764">
        <ele>1294.5</ele>
      </trkpt>
      <trkpt lat="46.038226" lon="12.421069">
        <ele>1297.75</ele>
      </trkpt>
      <trkpt lat="46.03823" lon="12.421166">
        <ele>1299.25</ele>
      </trkpt>
      <trkpt lat="46.038294" lon="12.421428">
        <ele>1302.25</ele>
      </trkpt>
      <trkpt lat="46.03828" lon="12.421516">
        <ele>1304.25</ele>
      </trkpt>
      <trkpt lat="46.038315" lon="12.421582">
        <ele>1304.75</ele>
      </trkpt>
      <trkpt lat="46.038344" lon="12.421636">
        <ele>1305.0</ele>
      </trkpt>
      <trkpt lat="46.038505" lon="12.421752">
        <ele>1304.75</ele>
      </trkpt>
      <trkpt lat="46.038698" lon="12.421861">
        <ele>1303.5</ele>
      </trkpt>
      <trkpt lat="46.038796" lon="12.421902">
        <ele>1302.25</ele>
      </trkpt>
      <trkpt lat="46.038874" lon="12.421954">
        <ele>1301.75</ele>
      </trkpt>
      <trkpt lat="46.038942" lon="12.422073">
        <ele>1302.5</ele>
      </trkpt>
      <trkpt lat="46.038981" lon="12.422294">
        <ele>1305.25</ele>
      </trkpt>
      <trkpt lat="46.038953" lon="12.422405">
        <ele>1307.75</ele>
      </trkpt>
      <trkpt lat="46.03894" lon="12.422685">
        <ele>1312.5</ele>
      </trkpt>
      <trkpt lat="46.038966" lon="12.422831">
        <ele>1314.0</ele>
      </trkpt>
      <trkpt lat="46.038963" lon="12.422908">
        <ele>1315.25</ele>
      </trkpt>
      <trkpt lat="46.039001" lon="12.423202">
        <ele>1319.0</ele>
      </trkpt>
      <trkpt lat="46.039004" lon="12.423273">
        <ele>1320.0</ele>
      </trkpt>
      <trkpt lat="46.038985" lon="12.423349">
        <ele>1321.5</ele>
      </trkpt>
      <trkpt lat="46.038953" lon="12.423431">
        <ele>1323.0</ele>
      </trkpt>
      <trkpt lat="46.038944" lon="12.423497">
        <ele>1323.75</ele>
      </trkpt>
      <trkpt lat="46.038948" lon="12.423613">
        <ele>1325.0</ele>
      </trkpt>
      <trkpt lat="46.038924" lon="12.423678">
        <ele>1326.0</ele>
      </trkpt>
      <trkpt lat="46.038932" lon="12.423808">
        <ele>1327.25</ele>
      </trkpt>
      <trkpt lat="46.03899" lon="12.423889">
        <ele>1327.25</ele>
      </trkpt>
      <trkpt lat="46.039004" lon="12.423958">
        <ele>1327.75</ele>
      </trkpt>
      <trkpt lat="46.039064" lon="12.424081">
        <ele>1328.25</ele>
      </trkpt>
      <trkpt lat="46.039086" lon="12.424219">
        <ele>1329.75</ele>
      </trkpt>
      <trkpt lat="46.039115" lon="12.424252">
        <ele>1329.75</ele>
      </trkpt>
      <trkpt lat="46.039157" lon="12.424444">
        <ele>1331.75</ele>
      </trkpt>
      <trkpt lat="46.039193" lon="12.42448">
        <ele>1331.25</ele>
      </trkpt>
      <trkpt lat="46.039213" lon="12.424576">
        <ele>1331.75</ele>
      </trkpt>
      <trkpt lat="46.039278" lon="12.424773">
        <ele>1332.25</ele>
      </trkpt>
      <trkpt lat="46.03934" lon="12.42493">
        <ele>1332.5</ele>
      </trkpt>
      <trkpt lat="46.039472" lon="12.425428">
        <ele>1333.75</ele>
      </trkpt>
      <trkpt lat="46.039376" lon="12.425663">
        <ele>1338.5</ele>
      </trkpt>
      <trkpt lat="46.039369" lon="12.426021">
        <ele>1341.25</ele>
      </trkpt>
      <trkpt lat="46.039402" lon="12.426308">
        <ele>1342.0</ele>
      </trkpt>
      <trkpt lat="46.039448" lon="12.426442">
        <ele>1342.0</ele>
      </trkpt>
      <trkpt lat="46.039538" lon="12.42661">
        <ele>1341.5</ele>
      </trkpt>
      <trkpt lat="46.039581" lon="12.426776">
        <ele>1342.25</ele>
      </trkpt>
      <trkpt lat="46.039583" lon="12.427016">
        <ele>1343.75</ele>
      </trkpt>
      <trkpt lat="46.039636" lon="12.427119">
        <ele>1343.75</ele>
      </trkpt>
      <trkpt lat="46.039659" lon="12.427287">
        <ele>1344.5</ele>
      </trkpt>
      <trkpt lat="46.039647" lon="12.42739">
        <ele>1345.5</ele>
      </trkpt>
      <trkpt lat="46.039618" lon="12.427463">
        <ele>1346.25</ele>
      </trkpt>
      <trkpt lat="46.03963" lon="12.42748">
        <ele>1346.25</ele>
      </trkpt>
      <trkpt lat="46.039622" lon="12.427521">
        <ele>1346.5</ele>
      </trkpt>
      <trkpt lat="46.039619" lon="12.427801">
        <ele>1347.75</ele>
      </trkpt>
      <trkpt lat="46.03964" lon="12.427869">
        <ele>1347.5</ele>
      </trkpt>
      <trkpt lat="46.039698" lon="12.427958">
        <ele>1346.5</ele>
      </trkpt>
      <trkpt lat="46.039749" lon="12.42821">
        <ele>1345.5</ele>
      </trkpt>
      <trkpt lat="46.039744" lon="12.428352">
        <ele>1346.0</ele>
      </trkpt>
      <trkpt lat="46.039722" lon="12.428423">
        <ele>1346.75</ele>
      </trkpt>
      <trkpt lat="46.039682" lon="12.428463">
        <ele>1348.0</ele>
      </trkpt>
      <trkpt lat="46.039674" lon="12.428749">
        <ele>1348.75</ele>
      </trkpt>
      <trkpt lat="46.039645" lon="12.428873">
        <ele>1350.0</ele>
      </trkpt>
      <trkpt lat="46.039712" lon="12.429075">
        <ele>1348.25</ele>
      </trkpt>
      <trkpt lat="46.039752" lon="12.429378">
        <ele>1346.25</ele>
      </trkpt>
      <trkpt lat="46.03983" lon="12.429693">
        <ele>1342.0</ele>
      </trkpt>
      <trkpt lat="46.039832" lon="12.430064">
        <ele>1339.75</ele>
      </trkpt>
      <trkpt lat="46.039845" lon="12.430143">
        <ele>1338.75</ele>
      </trkpt>
      <trkpt lat="46.039901" lon="12.430301">
        <ele>1336.0</ele>
      </trkpt>
      <trkpt lat="46.039907" lon="12.43045">
        <ele>1335.0</ele>
      </trkpt>
      <trkpt lat="46.039963" lon="12.430604">
        <ele>1332.25</ele>
      </trkpt>
      <trkpt lat="46.040007" lon="12.430838">
        <ele>1330.0</ele>
      </trkpt>
      <trkpt lat="46.040128" lon="12.431198">
        <ele>1333.5</ele>
      </trkpt>
      <trkpt lat="46.040188" lon="12.431535">
        <ele>1335.75</ele>
      </trkpt>
      <trkpt lat="46.040266" lon="12.431854">
        <ele>1337.0</ele>
      </trkpt>
      <trkpt lat="46.040303" lon="12.432231">
        <ele>1338.0</ele>
      </trkpt>
      <trkpt lat="46.040322" lon="12.432352">
        <ele>1338.25</ele>
      </trkpt>
      <trkpt lat="46.040322" lon="12.432437">
        <ele>1338.5</ele>
      </trkpt>
      <trkpt lat="46.040306" lon="12.432619">
        <ele>1337.75</ele>
      </trkpt>
      <trkpt lat="46.040306" lon="12.432686">
        <ele>1337.0</ele>
      </trkpt>
      <trkpt lat="46.04033" lon="12.432812">
        <ele>1335.75</ele>
      </trkpt>
      <trkpt lat="46.04036" lon="12.433025">
        <ele>1333.75</ele>
      </trkpt>
      <trkpt lat="46.040359" lon="12.433128">
        <ele>1333.0</ele>
      </trkpt>
      <trkpt lat="46.040388" lon="12.433357">
        <ele>1331.0</ele>
      </trkpt>
      <trkpt lat="46.040389" lon="12.433495">
        <ele>1330.0</ele>
      </trkpt>
      <trkpt lat="46.040371" lon="12.433675">
        <ele>1328.5</ele>
      </trkpt>
      <trkpt lat="46.04038" lon="12.433892">
        <ele>1326.75</ele>
      </trkpt>
      <trkpt lat="46.040349" lon="12.434212">
        <ele>1324.0</ele>
      </trkpt>
      <trkpt lat="46.040364" lon="12.434271">
        <ele>1323.5</ele>
      </trkpt>
      <trkpt lat="46.040407" lon="12.43434">
        <ele>1323.0</ele>
      </trkpt>
      <trkpt lat="46.040435" lon="12.434459">
        <ele>1322.0</ele>
      </trkpt>
      <trkpt lat="46.040452" lon="12.434547">
        <ele>1321.0</ele>
      </trkpt>
      <trkpt lat="46.040452" lon="12.434629">
        <ele>1320.25</ele>
      </trkpt>
      <trkpt lat="46.0405" lon="12.434867">
        <ele>1318.0</ele>
      </trkpt>
      <trkpt lat="46.040522" lon="12.435105">
        <ele>1315.5</ele>
      </trkpt>
      <trkpt lat="46.040561" lon="12.435227">
        <ele>1314.25</ele>
      </trkpt>
      <trkpt lat="46.040559" lon="12.435306">
        <ele>1313.5</ele>
      </trkpt>
      <trkpt lat="46.040476" lon="12.435588">
        <ele>1311.0</ele>
      </trkpt>
      <trkpt lat="46.04047" lon="12.435768">
        <ele>1309.25</ele>
      </trkpt>
      <trkpt lat="46.040473" lon="12.436016">
        <ele>1307.75</ele>
      </trkpt>
      <trkpt lat="46.040475" lon="12.436094">
        <ele>1307.5</ele>
      </trkpt>
      <trkpt lat="46.040534" lon="12.436333">
        <ele>1306.25</ele>
      </trkpt>
      <trkpt lat="46.040536" lon="12.436394">
        <ele>1306.0</ele>
      </trkpt>
      <trkpt lat="46.040577" lon="12.436483">
        <ele>1305.25</ele>
      </trkpt>
      <trkpt lat="46.04055" lon="12.436711">
        <ele>1304.5</ele>
      </trkpt>
      <trkpt lat="46.040527" lon="12.436802">
        <ele>1304.5</ele>
      </trkpt>
      <trkpt lat="46.040495" lon="12.436853">
        <ele>1304.25</ele>
      </trkpt>
      <trkpt lat="46.040468" lon="12.436922">
        <ele>1304.25</ele>
      </trkpt>
      <trkpt lat="46.040471" lon="12.437002">
        <ele>1304.0</ele>
      </trkpt>
      <trkpt lat="46.040455" lon="12.43704">
        <ele>1304.0</ele>
      </trkpt>
      <trkpt lat="46.040428" lon="12.437073">
        <ele>1303.75</ele>
      </trkpt>
      <trkpt lat="46.040364" lon="12.437193">
        <ele>1303.0</ele>
      </trkpt>
      <trkpt lat="46.040338" lon="12.437344">
        <ele>1302.25</ele>
      </trkpt>
      <trkpt lat="46.040323" lon="12.437579">
        <ele>1300.75</ele>
      </trkpt>
      <trkpt lat="46.040281" lon="12.437993">
        <ele>1297.0</ele>
      </trkpt>
      <trkpt lat="46.040285" lon="12.438131">
        <ele>1296.0</ele>
      </trkpt>
      <trkpt lat="46.040278" lon="12.438203">
        <ele>1295.25</ele>
      </trkpt>
      <trkpt lat="46.04026" lon="12.438278">
        <ele>1294.25</ele>
      </trkpt>
      <trkpt lat="46.040229" lon="12.438329">
        <ele>1293.25</ele>
      </trkpt>
      <trkpt lat="46.040075" lon="12.43844">
        <ele>1289.75</ele>
      </trkpt>
      <trkpt lat="46.040031" lon="12.43849">
        <ele>1288.75</ele>
      </trkpt>
      <trkpt lat="46.040018" lon="12.438515">
        <ele>1288.25</ele>
      </trkpt>
      <trkpt lat="46.040014" lon="12.438567">
        <ele>1288.0</ele>
      </trkpt>
      <trkpt lat="46.04002" lon="12.438633">
        <ele>1287.75</ele>
      </trkpt>
      <trkpt lat="46.040036" lon="12.438703">
        <ele>1287.75</ele>
      </trkpt>
      <trkpt lat="46.040124" lon="12.438907">
        <ele>1288.25</ele>
      </trkpt>
      <trkpt lat="46.040203" lon="12.43916">
        <ele>1288.25</ele>
      </trkpt>
      <trkpt lat="46.04022" lon="12.439255">
        <ele>1287.75</ele>
      </trkpt>
      <trkpt lat="46.040219" lon="12.439304">
        <ele>1287.25</ele>
      </trkpt>
      <trkpt lat="46.040212" lon="12.439336">
        <ele>1286.75</ele>
      </trkpt>
      <trkpt lat="46.039968" lon="12.439833">
        <ele>1278.5</ele>
      </trkpt>
      <trkpt lat="46.039948" lon="12.439947">
        <ele>1277.5</ele>
      </trkpt>
      <trkpt lat="46.039949" lon="12.440056">
        <ele>1276.0</ele>
      </trkpt>
      <trkpt lat="46.03996" lon="12.440159">
        <ele>1274.0</ele>
      </trkpt>
      <trkpt lat="46.03999" lon="12.440297">
        <ele>1271.5</ele>
      </trkpt>
      <trkpt lat="46.040034" lon="12.440708">
        <ele>1264.25</ele>
      </trkpt>
      <trkpt lat="46.040034" lon="12.440843">
        <ele>1261.75</ele>
      </trkpt>
      <trkpt lat="46.040051" lon="12.440923">
        <ele>1260.0</ele>
      </trkpt>
      <trkpt lat="46.040069" lon="12.440964">
        <ele>1259.0</ele>
      </trkpt>
      <trkpt lat="46.040089" lon="12.440996">
        <ele>1258.25</ele>
      </trkpt>
      <trkpt lat="46.040188" lon="12.441107">
        <ele>1256.0</ele>
      </trkpt>
      <trkpt lat="46.040325" lon="12.441193">
        <ele>1254.5</ele>
      </trkpt>
      <trkpt lat="46.04024" lon="12.441224">
        <ele>1253.5</ele>
      </trkpt>
      <trkpt lat="46.040127" lon="12.441176">
        <ele>1254.25</ele>
      </trkpt>
      <trkpt lat="46.04007" lon="12.441163">
        <ele>1254.25</ele>
      </trkpt>
      <trkpt lat="46.040037" lon="12.441174">
        <ele>1253.75</ele>
      </trkpt>
      <trkpt lat="46.040014" lon="12.441188">
        <ele>1253.5</ele>
      </trkpt>
      <trkpt lat="46.03987" lon="12.441417">
        <ele>1247.5</ele>
      </trkpt>
      <trkpt lat="46.039829" lon="12.441469">
        <ele>1246.0</ele>
      </trkpt>
      <trkpt lat="46.0398" lon="12.441488">
        <ele>1245.25</ele>
      </trkpt>
      <trkpt lat="46.039765" lon="12.441581">
        <ele>1242.75</ele>
      </trkpt>
      <trkpt lat="46.039733" lon="12.441608">
        <ele>1241.75</ele>
      </trkpt>
      <trkpt lat="46.039331" lon="12.441702">
        <ele>1237.25</ele>
      </trkpt>
      <trkpt lat="46.039119" lon="12.441739">
        <ele>1235.75</ele>
      </trkpt>
      <trkpt lat="46.038916" lon="12.441842">
        <ele>1233.75</ele>
      </trkpt>
      <trkpt lat="46.038525" lon="12.442165">
        <ele>1223.5</ele>
      </trkpt>
      <trkpt lat="46.038497" lon="12.442216">
        <ele>1221.5</ele>
      </trkpt>
      <trkpt lat="46.038525" lon="12.442395">
        <ele>1216.25</ele>
      </trkpt>
      <trkpt lat="46.038516" lon="12.442518">
        <ele>1212.5</ele>
      </trkpt>
      <trkpt lat="46.038479" lon="12.44267">
        <ele>1210.25</ele>
      </trkpt>
      <trkpt lat="46.03838" lon="12.442834">
        <ele>1206.75</ele>
      </trkpt>
      <trkpt lat="46.038249" lon="12.44289">
        <ele>1204.25</ele>
      </trkpt>
      <trkpt lat="46.038237" lon="12.442959">
        <ele>1203.25</ele>
      </trkpt>
      <trkpt lat="46.038212" lon="12.443044">
        <ele>1201.75</ele>
      </trkpt>
      <trkpt lat="46.038161" lon="12.443087">
        <ele>1200.5</ele>
      </trkpt>
      <trkpt lat="46.038111" lon="12.443098">
        <ele>1199.75</ele>
      </trkpt>
      <trkpt lat="46.038066" lon="12.443165">
        <ele>1198.0</ele>
      </trkpt>
      <trkpt lat="46.038017" lon="12.443265">
        <ele>1195.75</ele>
      </trkpt>
      <trkpt lat="46.037993" lon="12.44342">
        <ele>1193.5</ele>
      </trkpt>
      <trkpt lat="46.037911" lon="12.443776">
        <ele>1189.25</ele>
      </trkpt>
      <trkpt lat="46.03789" lon="12.444022">
        <ele>1186.75</ele>
      </trkpt>
      <trkpt lat="46.037795" lon="12.444275">
        <ele>1183.0</ele>
      </trkpt>
      <trkpt lat="46.037654" lon="12.444565">
        <ele>1179.75</ele>
      </trkpt>
      <trkpt lat="46.03761" lon="12.444681">
        <ele>1179.0</ele>
      </trkpt>
      <trkpt lat="46.037527" lon="12.444831">
        <ele>1177.75</ele>
      </trkpt>
      <trkpt lat="46.037489" lon="12.444923">
        <ele>1177.5</ele>
      </trkpt>
      <trkpt lat="46.037456" lon="12.444974">
        <ele>1177.25</ele>
      </trkpt>
      <trkpt lat="46.037408" lon="12.445016">
        <ele>1176.5</ele>
      </trkpt>
      <trkpt lat="46.037046" lon="12.445131">
        <ele>1170.0</ele>
      </trkpt>
      <trkpt lat="46.036958" lon="12.445174">
        <ele>1168.25</ele>
      </trkpt>
      <trkpt lat="46.036924" lon="12.445237">
        <ele>1167.25</ele>
      </trkpt>
      <trkpt lat="46.036932" lon="12.445292">
        <ele>1167.0</ele>
      </trkpt>
      <trkpt lat="46.03696" lon="12.44536">
        <ele>1167.0</ele>
      </trkpt>
      <trkpt lat="46.037003" lon="12.445571">
        <ele>1166.75</ele>
      </trkpt>
      <trkpt lat="46.037025" lon="12.445903">
        <ele>1165.0</ele>
      </trkpt>
      <trkpt lat="46.037047" lon="12.445974">
        <ele>1164.75</ele>
      </trkpt>
      <trkpt lat="46.037065" lon="12.446079">
        <ele>1164.0</ele>
      </trkpt>
      <trkpt lat="46.037069" lon="12.446224">
        <ele>1162.5</ele>
      </trkpt>
      <trkpt lat="46.03705" lon="12.446383">
        <ele>1160.0</ele>
      </trkpt>
      <trkpt lat="46.037064" lon="12.446707">
        <ele>1156.75</ele>
      </trkpt>
      <trkpt lat="46.03705" lon="12.446794">
        <ele>1155.25</ele>
      </trkpt>
      <trkpt lat="46.037015" lon="12.446904">
        <ele>1152.5</ele>
      </trkpt>
      <trkpt lat="46.036962" lon="12.447028">
        <ele>1149.0</ele>
      </trkpt>
      <trkpt lat="46.036957" lon="12.447072">
        <ele>1148.25</ele>
      </trkpt>
      <trkpt lat="46.036971" lon="12.447148">
        <ele>1148.0</ele>
      </trkpt>
      <trkpt lat="46.037021" lon="12.447315">
        <ele>1148.0</ele>
      </trkpt>
      <trkpt lat="46.037083" lon="12.447461">
        <ele>1149.25</ele>
      </trkpt>
      <trkpt lat="46.037125" lon="12.447787">
        <ele>1147.25</ele>
      </trkpt>
      <trkpt lat="46.037172" lon="12.448079">
        <ele>1145.75</ele>
      </trkpt>
      <trkpt lat="46.03718" lon="12.448186">
        <ele>1144.75</ele>
      </trkpt>
      <trkpt lat="46.037172" lon="12.448289">
        <ele>1143.25</ele>
      </trkpt>
      <trkpt lat="46.037117" lon="12.448546">
        <ele>1138.5</ele>
      </trkpt>
      <trkpt lat="46.037082" lon="12.448668">
        <ele>1136.25</ele>
      </trkpt>
      <trkpt lat="46.03704" lon="12.448754">
        <ele>1134.75</ele>
      </trkpt>
      <trkpt lat="46.037035" lon="12.448809">
        <ele>1134.0</ele>
      </trkpt>
      <trkpt lat="46.03699" lon="12.448844">
        <ele>1133.0</ele>
      </trkpt>
      <trkpt lat="46.03694" lon="12.448921">
        <ele>1131.75</ele>
      </trkpt>
      <trkpt lat="46.036923" lon="12.448958">
        <ele>1131.5</ele>
      </trkpt>
      <trkpt lat="46.036878" lon="12.448962">
        <ele>1130.75</ele>
      </trkpt>
      <trkpt lat="46.036812" lon="12.44899">
        <ele>1129.75</ele>
      </trkpt>
      <trkpt lat="46.036748" lon="12.448996">
        <ele>1129.0</ele>
      </trkpt>
      <trkpt lat="46.036507" lon="12.448958">
        <ele>1126.25</ele>
      </trkpt>
      <trkpt lat="46.036452" lon="12.448959">
        <ele>1126.0</ele>
      </trkpt>
      <trkpt lat="46.036194" lon="12.448908">
        <ele>1123.5</ele>
      </trkpt>
      <trkpt lat="46.036116" lon="12.448877">
        <ele>1122.75</ele>
      </trkpt>
      <trkpt lat="46.036024" lon="12.448891">
        <ele>1122.0</ele>
      </trkpt>
      <trkpt lat="46.035971" lon="12.448904">
        <ele>1121.75</ele>
      </trkpt>
      <trkpt lat="46.035804" lon="12.449068">
        <ele>1121.25</ele>
      </trkpt>
      <trkpt lat="46.03579" lon="12.449105">
        <ele>1121.5</ele>
      </trkpt>
      <trkpt lat="46.035757" lon="12.449149">
        <ele>1121.5</ele>
      </trkpt>
      <trkpt lat="46.035616" lon="12.449197">
        <ele>1120.5</ele>
      </trkpt>
      <trkpt lat="46.035573" lon="12.4494">
        <ele>1118.0</ele>
      </trkpt>
      <trkpt lat="46.035542" lon="12.449488">
        <ele>1116.75</ele>
      </trkpt>
      <trkpt lat="46.035539" lon="12.449569">
        <ele>1115.75</ele>
      </trkpt>
      <trkpt lat="46.035496" lon="12.449908">
        <ele>1110.75</ele>
      </trkpt>
      <trkpt lat="46.03545" lon="12.450048">
        <ele>1107.75</ele>
      </trkpt>
      <trkpt lat="46.035419" lon="12.450184">
        <ele>1105.25</ele>
      </trkpt>
      <trkpt lat="46.035318" lon="12.450436">
        <ele>1100.0</ele>
      </trkpt>
      <trkpt lat="46.035273" lon="12.450587">
        <ele>1097.25</ele>
      </trkpt>
      <trkpt lat="46.03523" lon="12.450703">
        <ele>1095.25</ele>
      </trkpt>
      <trkpt lat="46.035198" lon="12.45074">
        <ele>1094.25</ele>
      </trkpt>
      <trkpt lat="46.035156" lon="12.450765">
        <ele>1093.25</ele>
      </trkpt>
      <trkpt lat="46.035059" lon="12.45079">
        <ele>1091.25</ele>
      </trkpt>
      <trkpt lat="46.034927" lon="12.450908">
        <ele>1089.0</ele>
      </trkpt>
      <trkpt lat="46.034909" lon="12.450944">
        <ele>1088.5</ele>
      </trkpt>
      <trkpt lat="46.034859" lon="12.45101">
        <ele>1087.75</ele>
      </trkpt>
      <trkpt lat="46.034808" lon="12.451035">
        <ele>1087.25</ele>
      </trkpt>
      <trkpt lat="46.034699" lon="12.451132">
        <ele>1086.0</ele>
      </trkpt>
      <trkpt lat="46.034633" lon="12.451271">
        <ele>1084.0</ele>
      </trkpt>
      <trkpt lat="46.034627" lon="12.451336">
        <ele>1083.0</ele>
      </trkpt>
      <trkpt lat="46.034671" lon="12.451438">
        <ele>1081.75</ele>
      </trkpt>
      <trkpt lat="46.034803" lon="12.451623">
        <ele>1079.75</ele>
      </trkpt>
      <trkpt lat="46.034815" lon="12.451648">
        <ele>1079.5</ele>
      </trkpt>
      <trkpt lat="46.034812" lon="12.451674">
        <ele>1079.0</ele>
      </trkpt>
      <trkpt lat="46.034746" lon="12.451789">
        <ele>1075.25</ele>
      </trkpt>
      <trkpt lat="46.034677" lon="12.451907">
        <ele>1071.25</ele>
      </trkpt>
      <trkpt lat="46.034616" lon="12.451988">
        <ele>1068.0</ele>
      </trkpt>
      <trkpt lat="46.03457" lon="12.452002">
        <ele>1067.0</ele>
      </trkpt>
      <trkpt lat="46.034301" lon="12.452005">
        <ele>1063.75</ele>
      </trkpt>
      <trkpt lat="46.034202" lon="12.451997">
        <ele>1063.0</ele>
      </trkpt>
      <trkpt lat="46.034082" lon="12.451966">
        <ele>1062.25</ele>
      </trkpt>
      <trkpt lat="46.033954" lon="12.451915">
        <ele>1061.75</ele>
      </trkpt>
      <trkpt lat="46.033758" lon="12.451851">
        <ele>1060.25</ele>
      </trkpt>
      <trkpt lat="46.0335" lon="12.451777">
        <ele>1058.25</ele>
      </trkpt>
      <trkpt lat="46.033416" lon="12.451735">
        <ele>1058.5</ele>
      </trkpt>
      <trkpt lat="46.033164" lon="12.45167">
        <ele>1058.0</ele>
      </trkpt>
      <trkpt lat="46.033092" lon="12.451673">
        <ele>1057.0</ele>
      </trkpt>
      <trkpt lat="46.033032" lon="12.45169">
        <ele>1055.75</ele>
      </trkpt>
      <trkpt lat="46.032919" lon="12.451699">
        <ele>1054.0</ele>
      </trkpt>
      <trkpt lat="46.032852" lon="12.451692">
        <ele>1053.75</ele>
      </trkpt>
      <trkpt lat="46.032763" lon="12.451729">
        <ele>1051.25</ele>
      </trkpt>
      <trkpt lat="46.032654" lon="12.451801">
        <ele>1047.25</ele>
      </trkpt>
      <trkpt lat="46.032526" lon="12.451848">
        <ele>1044.25</ele>
      </trkpt>
      <trkpt lat="46.032327" lon="12.451855">
        <ele>1044.0</ele>
      </trkpt>
      <trkpt lat="46.032231" lon="12.45185">
        <ele>1044.5</ele>
      </trkpt>
      <trkpt lat="46.032153" lon="12.451865">
        <ele>1044.0</ele>
      </trkpt>
      <trkpt lat="46.032045" lon="12.451989">
        <ele>1039.75</ele>
      </trkpt>
      <trkpt lat="46.032118" lon="12.451991">
        <ele>1039.5</ele>
      </trkpt>
      <trkpt lat="46.032303" lon="12.452108">
        <ele>1034.5</ele>
      </trkpt>
      <trkpt lat="46.032379" lon="12.452185">
        <ele>1031.5</ele>
      </trkpt>
      <trkpt lat="46.032434" lon="12.452265">
        <ele>1028.25</ele>
      </trkpt>
      <trkpt lat="46.032583" lon="12.452337">
        <ele>1025.5</ele>
      </trkpt>
      <trkpt lat="46.032679" lon="12.452374">
        <ele>1024.5</ele>
      </trkpt>
      <trkpt lat="46.032758" lon="12.45239">
        <ele>1024.25</ele>
      </trkpt>
      <trkpt lat="46.032861" lon="12.452483">
        <ele>1021.0</ele>
      </trkpt>
      <trkpt lat="46.032988" lon="12.45265">
        <ele>1013.25</ele>
      </trkpt>
      <trkpt lat="46.033117" lon="12.452861">
        <ele>1003.5</ele>
      </trkpt>
      <trkpt lat="46.033129" lon="12.452909">
        <ele>1001.25</ele>
      </trkpt>
      <trkpt lat="46.033202" lon="12.452999">
        <ele>997.0</ele>
      </trkpt>
      <trkpt lat="46.033278" lon="12.453065">
        <ele>994.0</ele>
      </trkpt>
      <trkpt lat="46.033384" lon="12.45313">
        <ele>991.75</ele>
      </trkpt>
      <trkpt lat="46.033428" lon="12.453192">
        <ele>989.25</ele>
      </trkpt>
      <trkpt lat="46.033465" lon="12.453221">
        <ele>988.25</ele>
      </trkpt>
      <trkpt lat="46.033505" lon="12.453222">
        <ele>988.75</ele>
      </trkpt>
      <trkpt lat="46.033638" lon="12.453191">
        <ele>992.5</ele>
      </trkpt>
      <trkpt lat="46.033759" lon="12.453213">
        <ele>993.0</ele>
      </trkpt>
      <trkpt lat="46.033844" lon="12.453315">
        <ele>988.75</ele>
      </trkpt>
      <trkpt lat="46.033974" lon="12.453384">
        <ele>986.75</ele>
      </trkpt>
      <trkpt lat="46.034017" lon="12.453417">
        <ele>985.75</ele>
      </trkpt>
      <trkpt lat="46.034065" lon="12.453483">
        <ele>983.0</ele>
      </trkpt>
      <trkpt lat="46.034079" lon="12.453522">
        <ele>981.25</ele>
      </trkpt>
      <trkpt lat="46.034128" lon="12.453585">
        <ele>978.75</ele>
      </trkpt>
      <trkpt lat="46.034155" lon="12.453632">
        <ele>977.0</ele>
      </trkpt>
      <trkpt lat="46.03417" lon="12.453711">
        <ele>973.5</ele>
      </trkpt>
      <trkpt lat="46.034241" lon="12.453798">
        <ele>971.75</ele>
      </trkpt>
      <trkpt lat="46.034286" lon="12.453953">
        <ele>965.75</ele>
      </trkpt>
      <trkpt lat="46.034333" lon="12.454244">
        <ele>953.5</ele>
      </trkpt>
      <trkpt lat="46.034356" lon="12.454348">
        <ele>950.0</ele>
      </trkpt>
      <trkpt lat="46.034391" lon="12.454404">
        <ele>949.0</ele>
      </trkpt>
      <trkpt lat="46.034451" lon="12.454448">
        <ele>949.25</ele>
      </trkpt>
      <trkpt lat="46.034632" lon="12.45447">
        <ele>955.25</ele>
      </trkpt>
      <trkpt lat="46.034659" lon="12.454546">
        <ele>953.0</ele>
      </trkpt>
      <trkpt lat="46.034663" lon="12.454615">
        <ele>950.25</ele>
      </trkpt>
      <trkpt lat="46.034687" lon="12.454657">
        <ele>949.5</ele>
      </trkpt>
      <trkpt lat="46.034757" lon="12.454761">
        <ele>948.0</ele>
      </trkpt>
      <trkpt lat="46.034821" lon="12.454795">
        <ele>949.0</ele>
      </trkpt>
      <trkpt lat="46.03489" lon="12.455004">
        <ele>943.5</ele>
      </trkpt>
      <trkpt lat="46.034929" lon="12.45508">
        <ele>942.5</ele>
      </trkpt>
      <trkpt lat="46.034949" lon="12.455137">
        <ele>941.5</ele>
      </trkpt>
      <trkpt lat="46.034942" lon="12.455349">
        <ele>934.25</ele>
      </trkpt>
      <trkpt lat="46.034956" lon="12.45543">
        <ele>932.25</ele>
      </trkpt>
      <trkpt lat="46.03496" lon="12.455502">
        <ele>930.0</ele>
      </trkpt>
      <trkpt lat="46.034909" lon="12.455803">
        <ele>918.25</ele>
      </trkpt>
      <trkpt lat="46.034909" lon="12.455888">
        <ele>915.75</ele>
      </trkpt>
      <trkpt lat="46.034956" lon="12.456106">
        <ele>911.25</ele>
      </trkpt>
      <trkpt lat="46.035005" lon="12.456221">
        <ele>910.0</ele>
      </trkpt>
      <trkpt lat="46.035006" lon="12.456273">
        <ele>908.5</ele>
      </trkpt>
      <trkpt lat="46.03503" lon="12.456362">
        <ele>907.0</ele>
      </trkpt>
      <trkpt lat="46.035048" lon="12.456405">
        <ele>906.75</ele>
      </trkpt>
      <trkpt lat="46.035072" lon="12.456521">
        <ele>904.25</ele>
      </trkpt>
      <trkpt lat="46.035075" lon="12.456571">
        <ele>903.0</ele>
      </trkpt>
      <trkpt lat="46.035088" lon="12.456611">
        <ele>902.25</ele>
      </trkpt>
      <trkpt lat="46.035101" lon="12.456715">
        <ele>899.25</ele>
      </trkpt>
      <trkpt lat="46.035143" lon="12.456854">
        <ele>895.75</ele>
      </trkpt>
      <trkpt lat="46.035183" lon="12.456949">
        <ele>893.75</ele>
      </trkpt>
      <trkpt lat="46.035325" lon="12.457202">
        <ele>889.75</ele>
      </trkpt>
      <trkpt lat="46.035356" lon="12.457277">
        <ele>888.0</ele>
      </trkpt>
      <trkpt lat="46.035516" lon="12.457481">
        <ele>886.75</ele>
      </trkpt>
      <trkpt lat="46.03568" lon="12.45766">
        <ele>887.25</ele>
      </trkpt>
      <trkpt lat="46.035696" lon="12.457703">
        <ele>886.5</ele>
      </trkpt>
      <trkpt lat="46.035762" lon="12.458074">
        <ele>876.5</ele>
      </trkpt>
      <trkpt lat="46.035777" lon="12.458125">
        <ele>875.25</ele>
      </trkpt>
      <trkpt lat="46.03581" lon="12.458177">
        <ele>874.5</ele>
      </trkpt>
      <trkpt lat="46.035853" lon="12.458351">
        <ele>869.75</ele>
      </trkpt>
      <trkpt lat="46.035852" lon="12.458881">
        <ele>853.25</ele>
      </trkpt>
      <trkpt lat="46.035859" lon="12.458992">
        <ele>850.0</ele>
      </trkpt>
      <trkpt lat="46.035885" lon="12.45909">
        <ele>847.5</ele>
      </trkpt>
      <trkpt lat="46.035914" lon="12.459251">
        <ele>844.0</ele>
      </trkpt>
      <trkpt lat="46.035915" lon="12.4596">
        <ele>837.0</ele>
      </trkpt>
      <trkpt lat="46.035894" lon="12.459642">
        <ele>836.0</ele>
      </trkpt>
      <trkpt lat="46.03578" lon="12.459773">
        <ele>830.5</ele>
      </trkpt>
      <trkpt lat="46.035727" lon="12.459888">
        <ele>826.0</ele>
      </trkpt>
      <trkpt lat="46.035689" lon="12.460018">
        <ele>821.5</ele>
      </trkpt>
      <trkpt lat="46.035619" lon="12.460465">
        <ele>806.5</ele>
      </trkpt>
      <trkpt lat="46.035572" lon="12.460658">
        <ele>799.5</ele>
      </trkpt>
      <trkpt lat="46.035634" lon="12.460785">
        <ele>798.5</ele>
      </trkpt>
      <trkpt lat="46.035658" lon="12.460808">
        <ele>798.75</ele>
      </trkpt>
      <trkpt lat="46.035708" lon="12.460811">
        <ele>800.75</ele>
      </trkpt>
      <trkpt lat="46.035777" lon="12.46085">
        <ele>802.0</ele>
      </trkpt>
      <trkpt lat="46.035824" lon="12.460843">
        <ele>804.25</ele>
      </trkpt>
      <trkpt lat="46.03584" lon="12.460852">
        <ele>804.0</ele>
      </trkpt>
      <trkpt lat="46.035842" lon="12.460865">
        <ele>803.5</ele>
      </trkpt>
      <trkpt lat="46.035834" lon="12.460883">
        <ele>803.0</ele>
      </trkpt>
      <trkpt lat="46.035508" lon="12.46117">
        <ele>782.75</ele>
      </trkpt>
      <trkpt lat="46.035292" lon="12.461374">
        <ele>772.25</ele>
      </trkpt>
      <trkpt lat="46.035257" lon="12.461419">
        <ele>770.5</ele>
      </trkpt>
      <trkpt lat="46.035231" lon="12.461479">
        <ele>768.75</ele>
      </trkpt>
      <trkpt lat="46.035244" lon="12.461556">
        <ele>767.25</ele>
      </trkpt>
      <trkpt lat="46.035277" lon="12.46159">
        <ele>767.25</ele>
      </trkpt>
      <trkpt lat="46.03528" lon="12.461633">
        <ele>766.25</ele>
      </trkpt>
      <trkpt lat="46.035273" lon="12.461674">
        <ele>765.25</ele>
      </trkpt>
      <trkpt lat="46.035261" lon="12.461714">
        <ele>764.5</ele>
      </trkpt>
      <trkpt lat="46.035218" lon="12.461724">
        <ele>763.75</ele>
      </trkpt>
      <trkpt lat="46.035191" lon="12.461741">
        <ele>763.0</ele>
      </trkpt>
      <trkpt lat="46.035161" lon="12.462034">
        <ele>758.0</ele>
      </trkpt>
      <trkpt lat="46.035127" lon="12.462105">
        <ele>757.0</ele>
      </trkpt>
      <trkpt lat="46.035094" lon="12.462194">
        <ele>755.75</ele>
      </trkpt>
      <trkpt lat="46.035056" lon="12.462329">
        <ele>754.25</ele>
      </trkpt>
      <trkpt lat="46.035032" lon="12.462448">
        <ele>753.0</ele>
      </trkpt>
      <trkpt lat="46.035022" lon="12.46254">
        <ele>751.5</ele>
      </trkpt>
      <trkpt lat="46.035042" lon="12.462589">
        <ele>750.25</ele>
      </trkpt>
      <trkpt lat="46.035083" lon="12.462633">
        <ele>748.5</ele>
      </trkpt>
      <trkpt lat="46.035122" lon="12.462652">
        <ele>747.5</ele>
      </trkpt>
      <trkpt lat="46.035206" lon="12.462667">
        <ele>745.75</ele>
      </trkpt>
      <trkpt lat="46.035294" lon="12.462637">
        <ele>745.25</ele>
      </trkpt>
      <trkpt lat="46.035378" lon="12.462594">
        <ele>745.0</ele>
      </trkpt>
      <trkpt lat="46.035485" lon="12.462507">
        <ele>745.75</ele>
      </trkpt>
      <trkpt lat="46.035629" lon="12.462363">
        <ele>748.25</ele>
      </trkpt>
      <trkpt lat="46.035713" lon="12.462296">
        <ele>749.75</ele>
      </trkpt>
      <trkpt lat="46.035845" lon="12.462214">
        <ele>751.5</ele>
      </trkpt>
      <trkpt lat="46.036203" lon="12.462178">
        <ele>741.75</ele>
      </trkpt>
      <trkpt lat="46.036354" lon="12.46214">
        <ele>738.75</ele>
      </trkpt>
      <trkpt lat="46.036455" lon="12.462125">
        <ele>736.25</ele>
      </trkpt>
      <trkpt lat="46.036519" lon="12.462143">
        <ele>733.5</ele>
      </trkpt>
      <trkpt lat="46.036647" lon="12.462135">
        <ele>730.0</ele>
      </trkpt>
      <trkpt lat="46.036772" lon="12.462154">
        <ele>725.5</ele>
      </trkpt>
      <trkpt lat="46.036955" lon="12.46204">
        <ele>725.5</ele>
      </trkpt>
      <trkpt lat="46.037014" lon="12.461976">
        <ele>727.0</ele>
      </trkpt>
      <trkpt lat="46.037202" lon="12.461815">
        <ele>729.75</ele>
      </trkpt>
      <trkpt lat="46.037242" lon="12.461805">
        <ele>729.0</ele>
      </trkpt>
      <trkpt lat="46.037348" lon="12.461872">
        <ele>722.75</ele>
      </trkpt>
      <trkpt lat="46.037438" lon="12.461913">
        <ele>718.0</ele>
      </trkpt>
      <trkpt lat="46.037535" lon="12.461997">
        <ele>710.75</ele>
      </trkpt>
      <trkpt lat="46.037594" lon="12.462015">
        <ele>708.25</ele>
      </trkpt>
      <trkpt lat="46.037744" lon="12.461949">
        <ele>707.0</ele>
      </trkpt>
      <trkpt lat="46.037877" lon="12.461838">
        <ele>708.0</ele>
      </trkpt>
      <trkpt lat="46.037912" lon="12.461833">
        <ele>707.0</ele>
      </trkpt>
      <trkpt lat="46.038079" lon="12.461753">
        <ele>705.0</ele>
      </trkpt>
      <trkpt lat="46.038163" lon="12.461728">
        <ele>703.25</ele>
      </trkpt>
      <trkpt lat="46.038236" lon="12.461674">
        <ele>703.0</ele>
      </trkpt>
      <trkpt lat="46.038388" lon="12.461647">
        <ele>702.25</ele>
      </trkpt>
      <trkpt lat="46.038403" lon="12.461621">
        <ele>704.0</ele>
      </trkpt>
      <trkpt lat="46.038401" lon="12.461578">
        <ele>706.25</ele>
      </trkpt>
      <trkpt lat="46.038385" lon="12.461514">
        <ele>709.25</ele>
      </trkpt>
      <trkpt lat="46.038386" lon="12.46147">
        <ele>711.5</ele>
      </trkpt>
      <trkpt lat="46.038448" lon="12.461401">
        <ele>716.25</ele>
      </trkpt>
      <trkpt lat="46.038496" lon="12.461377">
        <ele>718.25</ele>
      </trkpt>
      <trkpt lat="46.038535" lon="12.461377">
        <ele>718.75</ele>
      </trkpt>
      <trkpt lat="46.038613" lon="12.461417">
        <ele>718.25</ele>
      </trkpt>
      <trkpt lat="46.038627" lon="12.461452">
        <ele>717.0</ele>
      </trkpt>
      <trkpt lat="46.038622" lon="12.461495">
        <ele>715.0</ele>
      </trkpt>
      <trkpt lat="46.038665" lon="12.461647">
        <ele>709.5</ele>
      </trkpt>
      <trkpt lat="46.03868" lon="12.461676">
        <ele>708.75</ele>
      </trkpt>
      <trkpt lat="46.038699" lon="12.461818">
        <ele>704.75</ele>
      </trkpt>
      <trkpt lat="46.038698" lon="12.461899">
        <ele>702.0</ele>
      </trkpt>
      <trkpt lat="46.038722" lon="12.462037">
        <ele>698.5</ele>
      </trkpt>
      <trkpt lat="46.038705" lon="12.462254">
        <ele>691.0</ele>
      </trkpt>
      <trkpt lat="46.038703" lon="12.462361">
        <ele>687.5</ele>
      </trkpt>
      <trkpt lat="46.03873" lon="12.462506">
        <ele>684.0</ele>
      </trkpt>
      <trkpt lat="46.038809" lon="12.462834">
        <ele>678.25</ele>
      </trkpt>
      <trkpt lat="46.038808" lon="12.462974">
        <ele>674.5</ele>
      </trkpt>
      <trkpt lat="46.038791" lon="12.463172">
        <ele>668.25</ele>
      </trkpt>
      <trkpt lat="46.038787" lon="12.463293">
        <ele>664.75</ele>
      </trkpt>
      <trkpt lat="46.038821" lon="12.463497">
        <ele>662.0</ele>
      </trkpt>
      <trkpt lat="46.038846" lon="12.463762">
        <ele>657.5</ele>
      </trkpt>
      <trkpt lat="46.038913" lon="12.463999">
        <ele>655.75</ele>
      </trkpt>
      <trkpt lat="46.03898" lon="12.464398">
        <ele>649.5</ele>
      </trkpt>
      <trkpt lat="46.039055" lon="12.464614">
        <ele>647.75</ele>
      </trkpt>
      <trkpt lat="46.039132" lon="12.464774">
        <ele>647.0</ele>
      </trkpt>
      <trkpt lat="46.039165" lon="12.464872">
        <ele>646.0</ele>
      </trkpt>
      <trkpt lat="46.039227" lon="12.464985">
        <ele>644.5</ele>
      </trkpt>
      <trkpt lat="46.039333" lon="12.465147">
        <ele>641.75</ele>
      </trkpt>
      <trkpt lat="46.039428" lon="12.465334">
        <ele>637.0</ele>
      </trkpt>
      <trkpt lat="46.039445" lon="12.465402">
        <ele>635.0</ele>
      </trkpt>
      <trkpt lat="46.039463" lon="12.465445">
        <ele>633.75</ele>
      </trkpt>
      <trkpt lat="46.039513" lon="12.465478">
        <ele>633.5</ele>
      </trkpt>
      <trkpt lat="46.039536" lon="12.465509">
        <ele>632.5</ele>
      </trkpt>
      <trkpt lat="46.039588" lon="12.465639">
        <ele>628.5</ele>
      </trkpt>
      <trkpt lat="46.039585" lon="12.46568">
        <ele>627.0</ele>
      </trkpt>
      <trkpt lat="46.039493" lon="12.465796">
        <ele>622.0</ele>
      </trkpt>
      <trkpt lat="46.039377" lon="12.465867">
        <ele>618.25</ele>
      </trkpt>
      <trkpt lat="46.03929" lon="12.465938">
        <ele>614.25</ele>
      </trkpt>
      <trkpt lat="46.039241" lon="12.465967">
        <ele>612.75</ele>
      </trkpt>
      <trkpt lat="46.039222" lon="12.465995">
        <ele>611.25</ele>
      </trkpt>
      <trkpt lat="46.039259" lon="12.46604">
        <ele>609.75</ele>
      </trkpt>
      <trkpt lat="46.03932" lon="12.466094">
        <ele>607.75</ele>
      </trkpt>
      <trkpt lat="46.039425" lon="12.466173">
        <ele>605.25</ele>
      </trkpt>
      <trkpt lat="46.039471" lon="12.466178">
        <ele>605.25</ele>
      </trkpt>
      <trkpt lat="46.039571" lon="12.466337">
        <ele>599.0</ele>
      </trkpt>
      <trkpt lat="46.039689" lon="12.466487">
        <ele>593.0</ele>
      </trkpt>
      <trkpt lat="46.039843" lon="12.466563">
        <ele>590.5</ele>
      </trkpt>
      <trkpt lat="46.039952" lon="12.466611">
        <ele>589.25</ele>
      </trkpt>
      <trkpt lat="46.040104" lon="12.466602">
        <ele>589.5</ele>
      </trkpt>
      <trkpt lat="46.040292" lon="12.466613">
        <ele>588.5</ele>
      </trkpt>
      <trkpt lat="46.040355" lon="12.466604">
        <ele>588.75</ele>
      </trkpt>
      <trkpt lat="46.04044" lon="12.466573">
        <ele>590.0</ele>
      </trkpt>
      <trkpt lat="46.040454" lon="12.466584">
        <ele>589.5</ele>
      </trkpt>
      <trkpt lat="46.040458" lon="12.46661">
        <ele>588.25</ele>
      </trkpt>
      <trkpt lat="46.040405" lon="12.466691">
        <ele>585.0</ele>
      </trkpt>
      <trkpt lat="46.040176" lon="12.466985">
        <ele>572.75</ele>
      </trkpt>
      <trkpt lat="46.040104" lon="12.467054">
        <ele>569.5</ele>
      </trkpt>
      <trkpt lat="46.040127" lon="12.467058">
        <ele>569.5</ele>
      </trkpt>
      <trkpt lat="46.040242" lon="12.467041">
        <ele>570.5</ele>
      </trkpt>
      <trkpt lat="46.040386" lon="12.467105">
        <ele>568.5</ele>
      </trkpt>
      <trkpt lat="46.040512" lon="12.467175">
        <ele>566.25</ele>
      </trkpt>
      <trkpt lat="46.040568" lon="12.467288">
        <ele>562.25</ele>
      </trkpt>
      <trkpt lat="46.040589" lon="12.467309">
        <ele>561.75</ele>
      </trkpt>
      <trkpt lat="46.040606" lon="12.467375">
        <ele>559.25</ele>
      </trkpt>
      <trkpt lat="46.040613" lon="12.46761">
        <ele>550.75</ele>
      </trkpt>
      <trkpt lat="46.040606" lon="12.4678">
        <ele>543.5</ele>
      </trkpt>
      <trkpt lat="46.04062" lon="12.467887">
        <ele>540.5</ele>
      </trkpt>
      <trkpt lat="46.04067" lon="12.467997">
        <ele>537.0</ele>
      </trkpt>
      <trkpt lat="46.040678" lon="12.468041">
        <ele>535.5</ele>
      </trkpt>
      <trkpt lat="46.040651" lon="12.468078">
        <ele>533.75</ele>
      </trkpt>
      <trkpt lat="46.040518" lon="12.468192">
        <ele>527.75</ele>
      </trkpt>
      <trkpt lat="46.040499" lon="12.468214">
        <ele>526.5</ele>
      </trkpt>
      <trkpt lat="46.040504" lon="12.468241">
        <ele>525.75</ele>
      </trkpt>
      <trkpt lat="46.040551" lon="12.468287">
        <ele>524.5</ele>
      </trkpt>
      <trkpt lat="46.040597" lon="12.468317">
        <ele>524.0</ele>
      </trkpt>
      <trkpt lat="46.040712" lon="12.468454">
        <ele>520.75</ele>
      </trkpt>
      <trkpt lat="46.040751" lon="12.468531">
        <ele>518.5</ele>
      </trkpt>
      <trkpt lat="46.040807" lon="12.468671">
        <ele>514.0</ele>
      </trkpt>
      <trkpt lat="46.040863" lon="12.468768">
        <ele>511.25</ele>
      </trkpt>
      <trkpt lat="46.040965" lon="12.469179">
        <ele>497.75</ele>
      </trkpt>
      <trkpt lat="46.040985" lon="12.469219">
        <ele>496.75</ele>
      </trkpt>
      <trkpt lat="46.041068" lon="12.469265">
        <ele>496.75</ele>
      </trkpt>
      <trkpt lat="46.041086" lon="12.469318">
        <ele>495.25</ele>
      </trkpt>
      <trkpt lat="46.041089" lon="12.46936">
        <ele>494.0</ele>
      </trkpt>
      <trkpt lat="46.041107" lon="12.469392">
        <ele>493.25</ele>
      </trkpt>
      <trkpt lat="46.041171" lon="12.469775">
        <ele>481.5</ele>
      </trkpt>
      <trkpt lat="46.041175" lon="12.469857">
        <ele>478.75</ele>
      </trkpt>
      <trkpt lat="46.041156" lon="12.469957">
        <ele>475.5</ele>
      </trkpt>
      <trkpt lat="46.041119" lon="12.470071">
        <ele>471.75</ele>
      </trkpt>
      <trkpt lat="46.041016" lon="12.470293">
        <ele>465.0</ele>
      </trkpt>
      <trkpt lat="46.041001" lon="12.470398">
        <ele>462.25</ele>
      </trkpt>
      <trkpt lat="46.040988" lon="12.47041">
        <ele>461.75</ele>
      </trkpt>
      <trkpt lat="46.04092" lon="12.470388">
        <ele>461.75</ele>
      </trkpt>
      <trkpt lat="46.040851" lon="12.470381">
        <ele>461.5</ele>
      </trkpt>
      <trkpt lat="46.040766" lon="12.470394">
        <ele>460.25</ele>
      </trkpt>
      <trkpt lat="46.040741" lon="12.470416">
        <ele>459.25</ele>
      </trkpt>
      <trkpt lat="46.040731" lon="12.470656">
        <ele>453.0</ele>
      </trkpt>
      <trkpt lat="46.04071" lon="12.470872">
        <ele>447.0</ele>
      </trkpt>
      <trkpt lat="46.040716" lon="12.471034">
        <ele>443.0</ele>
      </trkpt>
      <trkpt lat="46.040725" lon="12.471114">
        <ele>441.0</ele>
      </trkpt>
      <trkpt lat="46.040713" lon="12.471154">
        <ele>439.75</ele>
      </trkpt>
      <trkpt lat="46.04061" lon="12.47121">
        <ele>437.0</ele>
      </trkpt>
      <trkpt lat="46.04053" lon="12.471276">
        <ele>434.5</ele>
      </trkpt>
      <trkpt lat="46.04044" lon="12.471333">
        <ele>431.75</ele>
      </trkpt>
      <trkpt lat="46.040412" lon="12.471366">
        <ele>430.75</ele>
      </trkpt>
      <trkpt lat="46.040441" lon="12.471876">
        <ele>418.0</ele>
      </trkpt>
      <trkpt lat="46.040414" lon="12.471912">
        <ele>416.75</ele>
      </trkpt>
      <trkpt lat="46.040343" lon="12.471976">
        <ele>414.5</ele>
      </trkpt>
      <trkpt lat="46.040228" lon="12.472065">
        <ele>410.75</ele>
      </trkpt>
      <trkpt lat="46.04014" lon="12.47212">
        <ele>408.5</ele>
      </trkpt>
      <trkpt lat="46.040141" lon="12.47226">
        <ele>404.75</ele>
      </trkpt>
      <trkpt lat="46.040161" lon="12.47237">
        <ele>402.0</ele>
      </trkpt>
      <trkpt lat="46.0402" lon="12.472662">
        <ele>395.5</ele>
      </trkpt>
      <trkpt lat="46.040193" lon="12.472719">
        <ele>394.0</ele>
      </trkpt>
      <trkpt lat="46.040048" lon="12.472841">
        <ele>389.25</ele>
      </trkpt>
      <trkpt lat="46.039887" lon="12.472957">
        <ele>384.25</ele>
      </trkpt>
      <trkpt lat="46.039872" lon="12.472989">
        <ele>383.25</ele>
      </trkpt>
      <trkpt lat="46.03989" lon="12.473126">
        <ele>380.25</ele>
      </trkpt>
      <trkpt lat="46.039973" lon="12.473298">
        <ele>377.25</ele>
      </trkpt>
      <trkpt lat="46.039963" lon="12.473353">
        <ele>376.0</ele>
      </trkpt>
      <trkpt lat="46.039886" lon="12.473401">
        <ele>374.0</ele>
      </trkpt>
      <trkpt lat="46.039897" lon="12.473444">
        <ele>373.0</ele>
      </trkpt>
      <trkpt lat="46.039951" lon="12.473509">
        <ele>372.5</ele>
      </trkpt>
      <trkpt lat="46.040076" lon="12.473484">
        <ele>375.0</ele>
      </trkpt>
      <trkpt lat="46.040122" lon="12.473495">
        <ele>375.5</ele>
      </trkpt>
      <trkpt lat="46.040157" lon="12.473513">
        <ele>375.75</ele>
      </trkpt>
      <trkpt lat="46.040259" lon="12.473451">
        <ele>378.75</ele>
      </trkpt>
      <trkpt lat="46.040298" lon="12.473454">
        <ele>379.5</ele>
      </trkpt>
      <trkpt lat="46.040322" lon="12.473487">
        <ele>379.25</ele>
      </trkpt>
      <trkpt lat="46.040327" lon="12.473552">
        <ele>378.0</ele>
      </trkpt>
      <trkpt lat="46.040297" lon="12.473692">
        <ele>374.5</ele>
      </trkpt>
      <trkpt lat="46.040262" lon="12.473804">
        <ele>371.75</ele>
      </trkpt>
      <trkpt lat="46.040199" lon="12.473898">
        <ele>368.5</ele>
      </trkpt>
      <trkpt lat="46.040089" lon="12.473989">
        <ele>364.5</ele>
      </trkpt>
      <trkpt lat="46.040057" lon="12.474025">
        <ele>363.0</ele>
      </trkpt>
      <trkpt lat="46.039965" lon="12.474168">
        <ele>358.25</ele>
      </trkpt>
      <trkpt lat="46.039903" lon="12.474236">
        <ele>356.25</ele>
      </trkpt>
      <trkpt lat="46.039833" lon="12.474328">
        <ele>353.5</ele>
      </trkpt>
      <trkpt lat="46.039905" lon="12.474436">
        <ele>353.0</ele>
      </trkpt>
      <trkpt lat="46.039958" lon="12.474566">
        <ele>351.5</ele>
      </trkpt>
      <trkpt lat="46.039979" lon="12.474685">
        <ele>349.75</ele>
      </trkpt>
      <trkpt lat="46.039976" lon="12.474778">
        <ele>348.25</ele>
      </trkpt>
      <trkpt lat="46.040036" lon="12.474976">
        <ele>346.0</ele>
      </trkpt>
      <trkpt lat="46.04013" lon="12.475173">
        <ele>344.5</ele>
      </trkpt>
      <trkpt lat="46.040104" lon="12.475292">
        <ele>342.0</ele>
      </trkpt>
      <trkpt lat="46.040048" lon="12.475479">
        <ele>338.0</ele>
      </trkpt>
      <trkpt lat="46.039701" lon="12.475255">
        <ele>336.75</ele>
      </trkpt>
      <trkpt lat="46.039528" lon="12.475112">
        <ele>336.5</ele>
      </trkpt>
      <trkpt lat="46.03939" lon="12.47513">
        <ele>334.25</ele>
      </trkpt>
      <trkpt lat="46.03918" lon="12.47505">
        <ele>332.5</ele>
      </trkpt>
      <trkpt lat="46.039065" lon="12.47505">
        <ele>330.0</ele>
      </trkpt>
      <trkpt lat="46.038972" lon="12.475158">
        <ele>326.5</ele>
      </trkpt>
      <trkpt lat="46.038886" lon="12.475191">
        <ele>324.0</ele>
      </trkpt>
      <trkpt lat="46.038822" lon="12.475318">
        <ele>320.75</ele>
      </trkpt>
      <trkpt lat="46.03869" lon="12.475616">
        <ele>313.25</ele>
      </trkpt>
      <trkpt lat="46.038597" lon="12.475719">
        <ele>309.25</ele>
      </trkpt>
      <trkpt lat="46.038539" lon="12.475897">
        <ele>305.25</ele>
      </trkpt>
      <trkpt lat="46.038426" lon="12.475972">
        <ele>301.5</ele>
      </trkpt>
      <trkpt lat="46.038313" lon="12.476097">
        <ele>297.25</ele>
      </trkpt>
      <trkpt lat="46.038248" lon="12.476256">
        <ele>293.75</ele>
      </trkpt>
      <trkpt lat="46.038227" lon="12.476349">
        <ele>292.0</ele>
      </trkpt>
      <trkpt lat="46.038157" lon="12.476449">
        <ele>289.0</ele>
      </trkpt>
      <trkpt lat="46.038058" lon="12.476615">
        <ele>284.25</ele>
      </trkpt>
      <trkpt lat="46.03796" lon="12.476659">
        <ele>281.0</ele>
      </trkpt>
      <trkpt lat="46.037981" lon="12.476791">
        <ele>279.75</ele>
      </trkpt>
      <trkpt lat="46.037957" lon="12.476886">
        <ele>277.75</ele>
      </trkpt>
      <trkpt lat="46.037852" lon="12.477123">
        <ele>272.0</ele>
      </trkpt>
      <trkpt lat="46.037807" lon="12.477392">
        <ele>267.25</ele>
      </trkpt>
      <trkpt lat="46.037827" lon="12.477562">
        <ele>265.25</ele>
      </trkpt>
      <trkpt lat="46.03781" lon="12.477763">
        <ele>261.5</ele>
      </trkpt>
      <trkpt lat="46.037685" lon="12.477881">
        <ele>257.25</ele>
      </trkpt>
      <trkpt lat="46.037707" lon="12.477959">
        <ele>256.5</ele>
      </trkpt>
      <trkpt lat="46.037666" lon="12.478097">
        <ele>253.75</ele>
      </trkpt>
      <trkpt lat="46.037594" lon="12.478381">
        <ele>248.25</ele>
      </trkpt>
      <trkpt lat="46.03775" lon="12.478505">
        <ele>248.0</ele>
      </trkpt>
      <trkpt lat="46.037837" lon="12.478599">
        <ele>247.25</ele>
      </trkpt>
      <trkpt lat="46.037747" lon="12.478625">
        <ele>245.5</ele>
      </trkpt>
      <trkpt lat="46.037679" lon="12.47873">
        <ele>242.5</ele>
      </trkpt>
      <trkpt lat="46.037625" lon="12.478875">
        <ele>239.25</ele>
      </trkpt>
      <trkpt lat="46.037569" lon="12.478992">
        <ele>236.25</ele>
      </trkpt>
      <trkpt lat="46.037471" lon="12.479057">
        <ele>233.75</ele>
      </trkpt>
      <trkpt lat="46.037337" lon="12.479101">
        <ele>231.25</ele>
      </trkpt>
      <trkpt lat="46.037132" lon="12.478981">
        <ele>231.25</ele>
      </trkpt>
      <trkpt lat="46.037023" lon="12.478966">
        <ele>230.25</ele>
      </trkpt>
      <trkpt lat="46.036954" lon="12.47897">
        <ele>229.25</ele>
      </trkpt>
      <trkpt lat="46.036846" lon="12.47909">
        <ele>226.0</ele>
      </trkpt>
      <trkpt lat="46.036807" lon="12.479092">
        <ele>225.5</ele>
      </trkpt>
      <trkpt lat="46.03677" lon="12.479067">
        <ele>225.5</ele>
      </trkpt>
      <trkpt lat="46.036815" lon="12.47922">
        <ele>223.5</ele>
      </trkpt>
      <trkpt lat="46.036838" lon="12.479363">
        <ele>221.5</ele>
      </trkpt>
      <trkpt lat="46.036888" lon="12.479494">
        <ele>219.75</ele>
      </trkpt>
      <trkpt lat="46.036945" lon="12.479566">
        <ele>219.0</ele>
      </trkpt>
      <trkpt lat="46.03699" lon="12.479538">
        <ele>220.0</ele>
      </trkpt>
      <trkpt lat="46.037092" lon="12.479704">
        <ele>218.0</ele>
      </trkpt>
      <trkpt lat="46.037296" lon="12.479968">
        <ele>215.5</ele>
      </trkpt>
      <trkpt lat="46.037301" lon="12.48003">
        <ele>214.5</ele>
      </trkpt>
      <trkpt lat="46.037276" lon="12.480217">
        <ele>210.5</ele>
      </trkpt>
      <trkpt lat="46.037282" lon="12.480347">
        <ele>208.0</ele>
      </trkpt>
      <trkpt lat="46.037307" lon="12.480437">
        <ele>206.75</ele>
      </trkpt>
      <trkpt lat="46.037344" lon="12.480526">
        <ele>205.25</ele>
      </trkpt>
      <trkpt lat="46.037397" lon="12.480689">
        <ele>202.75</ele>
      </trkpt>
      <trkpt lat="46.037462" lon="12.480841">
        <ele>200.5</ele>
      </trkpt>
      <trkpt lat="46.037502" lon="12.480906">
        <ele>199.75</ele>
      </trkpt>
      <trkpt lat="46.037537" lon="12.481008">
        <ele>199.0</ele>
      </trkpt>
      <trkpt lat="46.037556" lon="12.481093">
        <ele>198.0</ele>
      </trkpt>
      <trkpt lat="46.037577" lon="12.481192">
        <ele>197.0</ele>
      </trkpt>
      <trkpt lat="46.037607" lon="12.481275">
        <ele>196.25</ele>
      </trkpt>
      <trkpt lat="46.037616" lon="12.481338">
        <ele>195.5</ele>
      </trkpt>
      <trkpt lat="46.037614" lon="12.481423">
        <ele>194.25</ele>
      </trkpt>
      <trkpt lat="46.037646" lon="12.481455">
        <ele>194.25</ele>
      </trkpt>
      <trkpt lat="46.037661" lon="12.481508">
        <ele>193.75</ele>
      </trkpt>
      <trkpt lat="46.037665" lon="12.48159">
        <ele>192.5</ele>
      </trkpt>
      <trkpt lat="46.037656" lon="12.481742">
        <ele>190.5</ele>
      </trkpt>
      <trkpt lat="46.037577" lon="12.481866">
        <ele>187.75</ele>
      </trkpt>
      <trkpt lat="46.037499" lon="12.48209">
        <ele>183.75</ele>
      </trkpt>
      <trkpt lat="46.037415" lon="12.482187">
        <ele>181.5</ele>
      </trkpt>
      <trkpt lat="46.037235" lon="12.482591">
        <ele>174.25</ele>
      </trkpt>
      <trkpt lat="46.037039" lon="12.483674">
        <ele>160.25</ele>
      </trkpt>
      <trkpt lat="46.036805" lon="12.484751">
        <ele>146.25</ele>
      </trkpt>
      <trkpt lat="46.036804" lon="12.485273">
        <ele>140.25</ele>
      </trkpt>
      <trkpt lat="46.03679" lon="12.485566">
        <ele>136.75</ele>
      </trkpt>
      <trkpt lat="46.036692" lon="12.485867">
        <ele>132.0</ele>
      </trkpt>
      <trkpt lat="46.036328" lon="12.486586">
        <ele>121.5</ele>
      </trkpt>
      <trkpt lat="46.036208" lon="12.486723">
        <ele>118.75</ele>
      </trkpt>
      <trkpt lat="46.036287" lon="12.486884">
        <ele>118.0</ele>
      </trkpt>
      <trkpt lat="46.036323" lon="12.486913">
        <ele>118.25</ele>
      </trkpt>
      <trkpt lat="46.036357" lon="12.486893">
        <ele>118.75</ele>
      </trkpt>
      <trkpt lat="46.036434" lon="12.486767">
        <ele>121.0</ele>
      </trkpt>
      <trkpt lat="46.036523" lon="12.486423">
        <ele>125.0</ele>
      </trkpt>
      <trkpt lat="46.036827" lon="12.485756">
        <ele>135.0</ele>
      </trkpt>
      <trkpt lat="46.037018" lon="12.485289">
        <ele>142.75</ele>
      </trkpt>
      <trkpt lat="46.037078" lon="12.485193">
        <ele>144.5</ele>
      </trkpt>
      <trkpt lat="46.037119" lon="12.485189">
        <ele>145.25</ele>
      </trkpt>
      <trkpt lat="46.037359" lon="12.485126">
        <ele>148.75</ele>
      </trkpt>
      <trkpt lat="46.037483" lon="12.485081">
        <ele>150.75</ele>
      </trkpt>
      <trkpt lat="46.03757" lon="12.485079">
        <ele>152.25</ele>
      </trkpt>
      <trkpt lat="46.037857" lon="12.485013">
        <ele>157.75</ele>
      </trkpt>
      <trkpt lat="46.038019" lon="12.485055">
        <ele>159.75</ele>
      </trkpt>
      <trkpt lat="46.038174" lon="12.485161">
        <ele>161.0</ele>
      </trkpt>
      <trkpt lat="46.038271" lon="12.485207">
        <ele>162.0</ele>
      </trkpt>
      <trkpt lat="46.038468" lon="12.485259">
        <ele>164.5</ele>
      </trkpt>
      <trkpt lat="46.038582" lon="12.485249">
        <ele>166.75</ele>
      </trkpt>
      <trkpt lat="46.038696" lon="12.485235">
        <ele>168.75</ele>
      </trkpt>
      <trkpt lat="46.038775" lon="12.485192">
        <ele>170.5</ele>
      </trkpt>
      <trkpt lat="46.03896" lon="12.485089">
        <ele>174.25</ele>
      </trkpt>
      <trkpt lat="46.039086" lon="12.48497">
        <ele>177.0</ele>
      </trkpt>
      <trkpt lat="46.039151" lon="12.484996">
        <ele>177.75</ele>
      </trkpt>
      <trkpt lat="46.03917" lon="12.485021">
        <ele>178.0</ele>
      </trkpt>
      <trkpt lat="46.039195" lon="12.485007">
        <ele>178.75</ele>
      </trkpt>
      <trkpt lat="46.039203" lon="12.485021">
        <ele>179.0</ele>
      </trkpt>
      <trkpt lat="46.03918" lon="12.485065">
        <ele>178.0</ele>
      </trkpt>
      <trkpt lat="46.039187" lon="12.485086">
        <ele>178.25</ele>
      </trkpt>
      <trkpt lat="46.039173" lon="12.485118">
        <ele>177.75</ele>
      </trkpt>
      <trkpt lat="46.039175" lon="12.485201">
        <ele>177.5</ele>
      </trkpt>
      <trkpt lat="46.039258" lon="12.485452">
        <ele>179.75</ele>
      </trkpt>
      <trkpt lat="46.039282" lon="12.485524">
        <ele>180.75</ele>
      </trkpt>
      <trkpt lat="46.039133" lon="12.485629">
        <ele>174.75</ele>
      </trkpt>
      <trkpt lat="46.039063" lon="12.48562">
        <ele>173.25</ele>
      </trkpt>
      <trkpt lat="46.038984" lon="12.485673">
        <ele>171.25</ele>
      </trkpt>
      <trkpt lat="46.038927" lon="12.486">
        <ele>168.5</ele>
      </trkpt>
      <trkpt lat="46.038845" lon="12.486376">
        <ele>164.5</ele>
      </trkpt>
      <trkpt lat="46.038836" lon="12.486525">
        <ele>163.5</ele>
      </trkpt>
      <trkpt lat="46.038902" lon="12.486988">
        <ele>163.25</ele>
      </trkpt>
      <trkpt lat="46.038951" lon="12.48725">
        <ele>164.0</ele>
      </trkpt>
      <trkpt lat="46.039024" lon="12.487534">
        <ele>165.75</ele>
      </trkpt>
      <trkpt lat="46.03913" lon="12.487783">
        <ele>168.5</ele>
      </trkpt>
      <trkpt lat="46.039291" lon="12.488268">
        <ele>172.5</ele>
      </trkpt>
      <trkpt lat="46.0393" lon="12.488421">
        <ele>171.0</ele>
      </trkpt>
      <trkpt lat="46.039409" lon="12.48913">
        <ele>166.25</ele>
      </trkpt>
      <trkpt lat="46.039499" lon="12.489569">
        <ele>164.75</ele>
      </trkpt>
      <trkpt lat="46.039512" lon="12.489747">
        <ele>162.75</ele>
      </trkpt>
      <trkpt lat="46.039569" lon="12.490032">
        <ele>161.5</ele>
      </trkpt>
      <trkpt lat="46.039627" lon="12.490204">
        <ele>162.75</ele>
      </trkpt>
      <trkpt lat="46.039697" lon="12.490786">
        <ele>158.5</ele>
      </trkpt>
      <trkpt lat="46.039697" lon="12.491006">
        <ele>156.0</ele>
      </trkpt>
      <trkpt lat="46.039627" lon="12.491267">
        <ele>149.5</ele>
      </trkpt>
      <trkpt lat="46.039621" lon="12.4915">
        <ele>146.5</ele>
      </trkpt>
      <trkpt lat="46.039642" lon="12.491699">
        <ele>145.25</ele>
      </trkpt>
      <trkpt lat="46.039615" lon="12.492042">
        <ele>139.25</ele>
      </trkpt>
      <trkpt lat="46.039572" lon="12.492302">
        <ele>133.5</ele>
      </trkpt>
      <trkpt lat="46.039569" lon="12.492492">
        <ele>130.75</ele>
      </trkpt>
      <trkpt lat="46.03956" lon="12.492549">
        <ele>129.5</ele>
      </trkpt>
      <trkpt lat="46.039551" lon="12.493299">
        <ele>119.5</ele>
      </trkpt>
      <trkpt lat="46.039516" lon="12.493444">
        <ele>115.75</ele>
      </trkpt>
      <trkpt lat="46.039546" lon="12.493715">
        <ele>113.0</ele>
      </trkpt>
      <trkpt lat="46.03988" lon="12.494924">
        <ele>106.75</ele>
      </trkpt>
      <trkpt lat="46.039922" lon="12.49523">
        <ele>103.5</ele>
      </trkpt>
      <trkpt lat="46.039961" lon="12.495337">
        <ele>103.25</ele>
      </trkpt>
      <trkpt lat="46.040038" lon="12.495423">
        <ele>105.0</ele>
      </trkpt>
      <trkpt lat="46.040011" lon="12.495518">
        <ele>102.25</ele>
      </trkpt>
      <trkpt lat="46.040143" lon="12.495918">
        <ele>101.0</ele>
      </trkpt>
      <trkpt lat="46.040292" lon="12.496073">
        <ele>103.25</ele>
      </trkpt>
      <trkpt lat="46.040323" lon="12.496074">
        <ele>104.5</ele>
      </trkpt>
      <trkpt lat="46.040363" lon="12.496099">
        <ele>105.75</ele>
      </trkpt>
      <trkpt lat="46.041181" lon="12.496674">
        <ele>120.5</ele>
      </trkpt>
      <trkpt lat="46.041469" lon="12.496746">
        <ele>127.5</ele>
      </trkpt>
      <trkpt lat="46.041662" lon="12.497003">
        <ele>126.5</ele>
      </trkpt>
      <trkpt lat="46.041779" lon="12.497188">
        <ele>124.5</ele>
      </trkpt>
      <trkpt lat="46.041864" lon="12.497368">
        <ele>121.5</ele>
      </trkpt>
      <trkpt lat="46.041887" lon="12.497468">
        <ele>119.25</ele>
      </trkpt>
      <trkpt lat="46.041914" lon="12.497525">
        <ele>118.5</ele>
      </trkpt>
      <trkpt lat="46.042037" lon="12.497588">
        <ele>120.25</ele>
      </trkpt>
      <trkpt lat="46.042075" lon="12.497688">
        <ele>119.0</ele>
      </trkpt>
      <trkpt lat="46.04212" lon="12.497759">
        <ele>118.5</ele>
      </trkpt>
      <trkpt lat="46.042408" lon="12.49816">
        <ele>116.5</ele>
      </trkpt>
      <trkpt lat="46.042583" lon="12.498332">
        <ele>118.0</ele>
      </trkpt>
      <trkpt lat="46.042649" lon="12.49838">
        <ele>119.75</ele>
      </trkpt>
      <trkpt lat="46.042687" lon="12.498506">
        <ele>120.25</ele>
      </trkpt>
      <trkpt lat="46.042715" lon="12.498678">
        <ele>119.5</ele>
      </trkpt>
      <trkpt lat="46.042708" lon="12.498755">
        <ele>118.75</ele>
      </trkpt>
      <trkpt lat="46.04263" lon="12.499476">
        <ele>111.25</ele>
      </trkpt>
      <trkpt lat="46.04263" lon="12.499876">
        <ele>109.0</ele>
      </trkpt>
      <trkpt lat="46.042642" lon="12.499977">
        <ele>108.5</ele>
      </trkpt>
      <trkpt lat="46.042755" lon="12.499943">
        <ele>110.75</ele>
      </trkpt>
      <trkpt lat="46.042858" lon="12.499935">
        <ele>112.75</ele>
      </trkpt>
      <trkpt lat="46.042968" lon="12.499972">
        <ele>114.5</ele>
      </trkpt>
      <trkpt lat="46.043241" lon="12.500105">
        <ele>118.75</ele>
      </trkpt>
      <trkpt lat="46.043376" lon="12.500071">
        <ele>121.5</ele>
      </trkpt>
      <trkpt lat="46.043562" lon="12.499949">
        <ele>126.5</ele>
      </trkpt>
      <trkpt lat="46.043629" lon="12.499945">
        <ele>128.0</ele>
      </trkpt>
      <trkpt lat="46.04368" lon="12.499982">
        <ele>128.5</ele>
      </trkpt>
      <trkpt lat="46.043701" lon="12.500039">
        <ele>128.75</ele>
      </trkpt>
      <trkpt lat="46.043712" lon="12.500125">
        <ele>128.75</ele>
      </trkpt>
      <trkpt lat="46.043738" lon="12.50019">
        <ele>129.25</ele>
      </trkpt>
      <trkpt lat="46.043769" lon="12.50023">
        <ele>130.0</ele>
      </trkpt>
      <trkpt lat="46.043826" lon="12.500271">
        <ele>131.25</ele>
      </trkpt>
      <trkpt lat="46.043888" lon="12.500329">
        <ele>132.5</ele>
      </trkpt>
      <trkpt lat="46.043942" lon="12.500429">
        <ele>133.75</ele>
      </trkpt>
      <trkpt lat="46.044008" lon="12.500572">
        <ele>135.5</ele>
      </trkpt>
      <trkpt lat="46.044095" lon="12.500571">
        <ele>137.75</ele>
      </trkpt>
      <trkpt lat="46.044143" lon="12.500592">
        <ele>139.0</ele>
      </trkpt>
      <trkpt lat="46.044193" lon="12.500641">
        <ele>140.75</ele>
      </trkpt>
      <trkpt lat="46.044277" lon="12.5007">
        <ele>144.5</ele>
      </trkpt>
      <trkpt lat="46.044309" lon="12.500596">
        <ele>145.5</ele>
      </trkpt>
      <trkpt lat="46.044329" lon="12.500457">
        <ele>146.0</ele>
      </trkpt>
      <trkpt lat="46.044292" lon="12.500258">
        <ele>143.75</ele>
      </trkpt>
      <trkpt lat="46.044298" lon="12.500181">
        <ele>143.75</ele>
      </trkpt>
      <trkpt lat="46.044324" lon="12.500126">
        <ele>144.5</ele>
      </trkpt>
      <trkpt lat="46.044363" lon="12.500108">
        <ele>146.0</ele>
      </trkpt>
      <trkpt lat="46.044409" lon="12.500121">
        <ele>147.5</ele>
      </trkpt>
      <trkpt lat="46.044444" lon="12.500144">
        <ele>149.0</ele>
      </trkpt>
      <trkpt lat="46.044461" lon="12.500185">
        <ele>149.75</ele>
      </trkpt>
      <trkpt lat="46.044471" lon="12.500258">
        <ele>150.5</ele>
      </trkpt>
      <trkpt lat="46.044473" lon="12.500332">
        <ele>151.0</ele>
      </trkpt>
      <trkpt lat="46.044441" lon="12.500726">
        <ele>151.75</ele>
      </trkpt>
      <trkpt lat="46.044408" lon="12.501005">
        <ele>152.0</ele>
      </trkpt>
      <trkpt lat="46.044384" lon="12.501381">
        <ele>153.5</ele>
      </trkpt>
      <trkpt lat="46.04438" lon="12.502087">
        <ele>155.0</ele>
      </trkpt>
      <trkpt lat="46.044392" lon="12.502196">
        <ele>155.75</ele>
      </trkpt>
      <trkpt lat="46.044459" lon="12.502504">
        <ele>159.25</ele>
      </trkpt>
      <trkpt lat="46.044513" lon="12.502719">
        <ele>161.5</ele>
      </trkpt>
      <trkpt lat="46.044774" lon="12.503695">
        <ele>170.5</ele>
      </trkpt>
      <trkpt lat="46.04488" lon="12.503919">
        <ele>175.0</ele>
      </trkpt>
      <trkpt lat="46.044912" lon="12.504025">
        <ele>176.0</ele>
      </trkpt>
      <trkpt lat="46.045013" lon="12.504475">
        <ele>178.0</ele>
      </trkpt>
      <trkpt lat="46.045103" lon="12.504773">
        <ele>179.75</ele>
      </trkpt>
      <trkpt lat="46.04528" lon="12.505201">
        <ele>181.75</ele>
      </trkpt>
      <trkpt lat="46.045447" lon="12.505493">
        <ele>183.75</ele>
      </trkpt>
      <trkpt lat="46.045511" lon="12.505573">
        <ele>185.0</ele>
      </trkpt>
      <trkpt lat="46.045575" lon="12.505611">
        <ele>186.75</ele>
      </trkpt>
      <trkpt lat="46.045811" lon="12.505648">
        <ele>195.75</ele>
      </trkpt>
      <trkpt lat="46.045895" lon="12.505753">
        <ele>197.75</ele>
      </trkpt>
      <trkpt lat="46.046074" lon="12.506045">
        <ele>204.5</ele>
      </trkpt>
      <trkpt lat="46.046115" lon="12.506141">
        <ele>206.0</ele>
      </trkpt>
      <trkpt lat="46.046257" lon="12.506551">
        <ele>210.5</ele>
      </trkpt>
      <trkpt lat="46.046283" lon="12.506665">
        <ele>211.0</ele>
      </trkpt>
      <trkpt lat="46.046288" lon="12.506768">
        <ele>212.5</ele>
      </trkpt>
      <trkpt lat="46.046287" lon="12.506885">
        <ele>214.0</ele>
      </trkpt>
      <trkpt lat="46.046277" lon="12.507016">
        <ele>215.25</ele>
      </trkpt>
      <trkpt lat="46.046059" lon="12.507652">
        <ele>215.5</ele>
      </trkpt>
      <trkpt lat="46.045744" lon="12.507982">
        <ele>208.5</ele>
      </trkpt>
      <trkpt lat="46.045692" lon="12.508427">
        <ele>212.0</ele>
      </trkpt>
      <trkpt lat="46.045678" lon="12.509075">
        <ele>218.5</ele>
      </trkpt>
      <trkpt lat="46.045796" lon="12.51017">
        <ele>224.25</ele>
      </trkpt>
      <trkpt lat="46.046037" lon="12.510949">
        <ele>229.75</ele>
      </trkpt>
      <trkpt lat="46.046083" lon="12.511277">
        <ele>225.75</ele>
      </trkpt>
      <trkpt lat="46.046189" lon="12.511347">
        <ele>227.0</ele>
      </trkpt>
      <trkpt lat="46.046231" lon="12.511392">
        <ele>227.0</ele>
      </trkpt>
      <trkpt lat="46.046252" lon="12.511425">
        <ele>226.75</ele>
      </trkpt>
      <trkpt lat="46.046334" lon="12.511507">
        <ele>226.75</ele>
      </trkpt>
      <trkpt lat="46.046477" lon="12.511612">
        <ele>227.0</ele>
      </trkpt>
      <trkpt lat="46.046607" lon="12.511669">
        <ele>227.75</ele>
      </trkpt>
      <trkpt lat="46.046729" lon="12.511745">
        <ele>228.25</ele>
      </trkpt>
      <trkpt lat="46.046852" lon="12.511788">
        <ele>230.75</ele>
      </trkpt>
      <trkpt lat="46.04699" lon="12.511717">
        <ele>237.0</ele>
      </trkpt>
      <trkpt lat="46.047037" lon="12.511605">
        <ele>240.75</ele>
      </trkpt>
      <trkpt lat="46.047058" lon="12.511647">
        <ele>240.5</ele>
      </trkpt>
      <trkpt lat="46.047058" lon="12.511679">
        <ele>239.75</ele>
      </trkpt>
      <trkpt lat="46.04702" lon="12.511862">
        <ele>234.5</ele>
      </trkpt>
      <trkpt lat="46.047147" lon="12.512417">
        <ele>227.25</ele>
      </trkpt>
      <trkpt lat="46.047215" lon="12.512586">
        <ele>227.75</ele>
      </trkpt>
      <trkpt lat="46.047359" lon="12.513014">
        <ele>229.0</ele>
      </trkpt>
      <trkpt lat="46.047413" lon="12.513234">
        <ele>228.5</ele>
      </trkpt>
      <trkpt lat="46.047499" lon="12.51351">
        <ele>229.25</ele>
      </trkpt>
      <trkpt lat="46.047502" lon="12.513641">
        <ele>228.0</ele>
      </trkpt>
      <trkpt lat="46.047543" lon="12.513798">
        <ele>227.5</ele>
      </trkpt>
      <trkpt lat="46.047427" lon="12.513843">
        <ele>223.5</ele>
      </trkpt>
      <trkpt lat="46.047156" lon="12.514377">
        <ele>213.75</ele>
      </trkpt>
      <trkpt lat="46.047181" lon="12.514633">
        <ele>214.0</ele>
      </trkpt>
      <trkpt lat="46.0472" lon="12.515354">
        <ele>209.0</ele>
      </trkpt>
      <trkpt lat="46.047125" lon="12.515605">
        <ele>204.5</ele>
      </trkpt>
      <trkpt lat="46.046978" lon="12.515644">
        <ele>202.25</ele>
      </trkpt>
      <trkpt lat="46.046777" lon="12.515608">
        <ele>200.0</ele>
      </trkpt>
      <trkpt lat="46.046725" lon="12.515776">
        <ele>198.0</ele>
      </trkpt>
      <trkpt lat="46.046685" lon="12.515962">
        <ele>194.5</ele>
      </trkpt>
      <trkpt lat="46.04658" lon="12.516176">
        <ele>187.75</ele>
      </trkpt>
      <trkpt lat="46.046476" lon="12.516286">
        <ele>183.0</ele>
      </trkpt>
      <trkpt lat="46.046351" lon="12.516396">
        <ele>178.0</ele>
      </trkpt>
      <trkpt lat="46.046222" lon="12.516483">
        <ele>173.25</ele>
      </trkpt>
      <trkpt lat="46.04609" lon="12.516483">
        <ele>170.0</ele>
      </trkpt>
      <trkpt lat="46.045832" lon="12.516385">
        <ele>164.5</ele>
      </trkpt>
      <trkpt lat="46.045762" lon="12.51628">
        <ele>163.5</ele>
      </trkpt>
      <trkpt lat="46.04566" lon="12.516087">
        <ele>162.25</ele>
      </trkpt>
      <trkpt lat="46.045573" lon="12.51594">
        <ele>161.0</ele>
      </trkpt>
      <trkpt lat="46.045462" lon="12.515987">
        <ele>157.25</ele>
      </trkpt>
      <trkpt lat="46.045388" lon="12.515973">
        <ele>155.0</ele>
      </trkpt>
      <trkpt lat="46.045328" lon="12.51584">
        <ele>154.0</ele>
      </trkpt>
      <trkpt lat="46.045222" lon="12.515574">
        <ele>150.75</ele>
      </trkpt>
      <trkpt lat="46.045138" lon="12.515268">
        <ele>147.5</ele>
      </trkpt>
      <trkpt lat="46.045041" lon="12.515135">
        <ele>143.75</ele>
      </trkpt>
      <trkpt lat="46.04495" lon="12.51506">
        <ele>141.0</ele>
      </trkpt>
      <trkpt lat="46.044874" lon="12.515404">
        <ele>140.0</ele>
      </trkpt>
      <trkpt lat="46.044828" lon="12.515478">
        <ele>139.0</ele>
      </trkpt>
      <trkpt lat="46.044625" lon="12.516098">
        <ele>134.25</ele>
      </trkpt>
      <trkpt lat="46.044585" lon="12.516381">
        <ele>133.0</ele>
      </trkpt>
      <trkpt lat="46.044539" lon="12.516505">
        <ele>132.0</ele>
      </trkpt>
      <trkpt lat="46.044513" lon="12.516916">
        <ele>129.75</ele>
      </trkpt>
      <trkpt lat="46.044482" lon="12.517136">
        <ele>127.75</ele>
      </trkpt>
      <trkpt lat="46.04426" lon="12.517574">
        <ele>121.75</ele>
      </trkpt>
      <trkpt lat="46.044138" lon="12.517766">
        <ele>119.0</ele>
      </trkpt>
      <trkpt lat="46.044195" lon="12.517882">
        <ele>119.5</ele>
      </trkpt>
      <trkpt lat="46.044432" lon="12.518006">
        <ele>121.5</ele>
      </trkpt>
      <trkpt lat="46.044696" lon="12.517954">
        <ele>125.0</ele>
      </trkpt>
      <trkpt lat="46.044861" lon="12.518001">
        <ele>126.5</ele>
      </trkpt>
      <trkpt lat="46.044994" lon="12.518014">
        <ele>127.75</ele>
      </trkpt>
      <trkpt lat="46.045034" lon="12.518025">
        <ele>128.5</ele>
      </trkpt>
      <trkpt lat="46.045216" lon="12.518248">
        <ele>129.0</ele>
      </trkpt>
      <trkpt lat="46.045556" lon="12.518532">
        <ele>131.75</ele>
      </trkpt>
      <trkpt lat="46.045715" lon="12.518694">
        <ele>132.75</ele>
      </trkpt>
      <trkpt lat="46.045927" lon="12.519061">
        <ele>133.25</ele>
      </trkpt>
      <trkpt lat="46.045913" lon="12.519209">
        <ele>132.0</ele>
      </trkpt>
      <trkpt lat="46.045703" lon="12.519587">
        <ele>129.0</ele>
      </trkpt>
      <trkpt lat="46.045709" lon="12.519766">
        <ele>128.75</ele>
      </trkpt>
      <trkpt lat="46.045826" lon="12.519955">
        <ele>129.0</ele>
      </trkpt>
      <trkpt lat="46.046024" lon="12.520385">
        <ele>130.75</ele>
      </trkpt>
      <trkpt lat="46.045998" lon="12.520484">
        <ele>130.75</ele>
      </trkpt>
      <trkpt lat="46.045842" lon="12.520765">
        <ele>130.75</ele>
      </trkpt>
      <trkpt lat="46.045794" lon="12.520894">
        <ele>130.5</ele>
      </trkpt>
      <trkpt lat="46.045705" lon="12.521195">
        <ele>130.0</ele>
      </trkpt>
      <trkpt lat="46.045606" lon="12.521487">
        <ele>129.0</ele>
      </trkpt>
      <trkpt lat="46.045587" lon="12.521612">
        <ele>128.75</ele>
      </trkpt>
      <trkpt lat="46.045649" lon="12.521835">
        <ele>129.0</ele>
      </trkpt>
      <trkpt lat="46.045719" lon="12.521985">
        <ele>129.5</ele>
      </trkpt>
      <trkpt lat="46.045621" lon="12.52204">
        <ele>128.25</ele>
      </trkpt>
      <trkpt lat="46.045595" lon="12.522031">
        <ele>128.0</ele>
      </trkpt>
      <trkpt lat="46.045523" lon="12.52206">
        <ele>127.0</ele>
      </trkpt>
      <trkpt lat="46.045637" lon="12.522246">
        <ele>127.75</ele>
      </trkpt>
      <trkpt lat="46.045744" lon="12.52235">
        <ele>128.5</ele>
      </trkpt>
      <trkpt lat="46.045775" lon="12.522437">
        <ele>128.5</ele>
      </trkpt>
      <trkpt lat="46.04579" lon="12.522571">
        <ele>128.5</ele>
      </trkpt>
      <trkpt lat="46.045777" lon="12.522635">
        <ele>128.25</ele>
      </trkpt>
      <trkpt lat="46.045711" lon="12.522699">
        <ele>128.0</ele>
      </trkpt>
      <trkpt lat="46.045694" lon="12.522707">
        <ele>127.75</ele>
      </trkpt>
      <trkpt lat="46.045725" lon="12.522748">
        <ele>128.0</ele>
      </trkpt>
      <trkpt lat="46.045719" lon="12.52287">
        <ele>128.0</ele>
      </trkpt>
      <trkpt lat="46.045712" lon="12.522895">
        <ele>128.0</ele>
      </trkpt>
      <trkpt lat="46.045725" lon="12.523151">
        <ele>128.0</ele>
      </trkpt>
      <trkpt lat="46.045725" lon="12.523363">
        <ele>128.25</ele>
      </trkpt>
      <trkpt lat="46.045739" lon="12.523513">
        <ele>128.75</ele>
      </trkpt>
      <trkpt lat="46.045878" lon="12.523677">
        <ele>129.75</ele>
      </trkpt>
      <trkpt lat="46.045968" lon="12.524069">
        <ele>131.75</ele>
      </trkpt>
      <trkpt lat="46.046134" lon="12.524291">
        <ele>133.25</ele>
      </trkpt>
      <trkpt lat="46.046262" lon="12.524394">
        <ele>134.25</ele>
      </trkpt>
      <trkpt lat="46.046611" lon="12.524593">
        <ele>136.75</ele>
      </trkpt>
      <trkpt lat="46.046687" lon="12.524627">
        <ele>137.25</ele>
      </trkpt>
      <trkpt lat="46.046706" lon="12.524659">
        <ele>137.75</ele>
      </trkpt>
      <trkpt lat="46.046718" lon="12.52477">
        <ele>138.5</ele>
      </trkpt>
      <trkpt lat="46.046742" lon="12.524866">
        <ele>139.25</ele>
      </trkpt>
      <trkpt lat="46.046783" lon="12.524978">
        <ele>140.25</ele>
      </trkpt>
      <trkpt lat="46.046811" lon="12.525037">
        <ele>140.5</ele>
      </trkpt>
      <trkpt lat="46.046826" lon="12.525102">
        <ele>141.0</ele>
      </trkpt>
      <trkpt lat="46.046824" lon="12.525196">
        <ele>141.5</ele>
      </trkpt>
      <trkpt lat="46.046804" lon="12.52529">
        <ele>141.75</ele>
      </trkpt>
      <trkpt lat="46.047718" lon="12.525171">
        <ele>145.0</ele>
      </trkpt>
      <trkpt lat="46.048104" lon="12.525294">
        <ele>147.25</ele>
      </trkpt>
      <trkpt lat="46.048127" lon="12.525364">
        <ele>147.5</ele>
      </trkpt>
      <trkpt lat="46.048235" lon="12.525499">
        <ele>148.0</ele>
      </trkpt>
      <trkpt lat="46.048346" lon="12.525577">
        <ele>148.25</ele>
      </trkpt>
      <trkpt lat="46.048466" lon="12.525645">
        <ele>148.5</ele>
      </trkpt>
      <trkpt lat="46.048594" lon="12.525688">
        <ele>149.0</ele>
      </trkpt>
      <trkpt lat="46.048744" lon="12.525723">
        <ele>149.5</ele>
      </trkpt>
      <trkpt lat="46.048891" lon="12.525718">
        <ele>150.0</ele>
      </trkpt>
      <trkpt lat="46.049105" lon="12.525767">
        <ele>150.75</ele>
      </trkpt>
      <trkpt lat="46.049209" lon="12.525767">
        <ele>151.5</ele>
      </trkpt>
      <trkpt lat="46.049237" lon="12.526069">
        <ele>152.75</ele>
      </trkpt>
      <trkpt lat="46.049312" lon="12.526391">
        <ele>154.75</ele>
      </trkpt>
      <trkpt lat="46.049425" lon="12.526663">
        <ele>156.75</ele>
      </trkpt>
      <trkpt lat="46.04972" lon="12.527181">
        <ele>159.75</ele>
      </trkpt>
      <trkpt lat="46.049832" lon="12.5273">
        <ele>160.5</ele>
      </trkpt>
      <trkpt lat="46.049971" lon="12.527427">
        <ele>161.5</ele>
      </trkpt>
      <trkpt lat="46.050118" lon="12.527606">
        <ele>163.5</ele>
      </trkpt>
      <trkpt lat="46.050203" lon="12.527864">
        <ele>164.75</ele>
      </trkpt>
      <trkpt lat="46.05023" lon="12.528075">
        <ele>165.25</ele>
      </trkpt>
      <trkpt lat="46.050223" lon="12.52832">
        <ele>165.25</ele>
      </trkpt>
      <trkpt lat="46.050171" lon="12.528595">
        <ele>166.0</ele>
      </trkpt>
      <trkpt lat="46.050173" lon="12.528768">
        <ele>166.75</ele>
      </trkpt>
      <trkpt lat="46.050161" lon="12.528935">
        <ele>167.25</ele>
      </trkpt>
      <trkpt lat="46.050187" lon="12.529147">
        <ele>168.25</ele>
      </trkpt>
      <trkpt lat="46.050232" lon="12.529363">
        <ele>168.75</ele>
      </trkpt>
      <trkpt lat="46.05056" lon="12.529367">
        <ele>170.0</ele>
      </trkpt>
      <trkpt lat="46.050874" lon="12.529414">
        <ele>171.75</ele>
      </trkpt>
      <trkpt lat="46.050959" lon="12.529436">
        <ele>173.0</ele>
      </trkpt>
      <trkpt lat="46.051091" lon="12.529472">
        <ele>174.75</ele>
      </trkpt>
      <trkpt lat="46.051341" lon="12.529564">
        <ele>178.25</ele>
      </trkpt>
      <trkpt lat="46.05155" lon="12.529553">
        <ele>180.75</ele>
      </trkpt>
      <trkpt lat="46.051687" lon="12.529727">
        <ele>183.75</ele>
      </trkpt>
      <trkpt lat="46.051695" lon="12.529854">
        <ele>184.5</ele>
      </trkpt>
      <trkpt lat="46.05162" lon="12.530085">
        <ele>184.5</ele>
      </trkpt>
      <trkpt lat="46.051582" lon="12.530202">
        <ele>184.0</ele>
      </trkpt>
      <trkpt lat="46.051574" lon="12.530469">
        <ele>184.25</ele>
      </trkpt>
      <trkpt lat="46.051665" lon="12.530653">
        <ele>185.75</ele>
      </trkpt>
      <trkpt lat="46.051747" lon="12.530764">
        <ele>187.25</ele>
      </trkpt>
      <trkpt lat="46.051818" lon="12.530878">
        <ele>188.25</ele>
      </trkpt>
      <trkpt lat="46.051945" lon="12.531048">
        <ele>189.0</ele>
      </trkpt>
      <trkpt lat="46.052098" lon="12.531151">
        <ele>190.5</ele>
      </trkpt>
      <trkpt lat="46.052133" lon="12.531208">
        <ele>190.75</ele>
      </trkpt>
      <trkpt lat="46.052214" lon="12.531285">
        <ele>191.0</ele>
      </trkpt>
      <trkpt lat="46.052278" lon="12.531365">
        <ele>191.25</ele>
      </trkpt>
      <trkpt lat="46.05245" lon="12.531444">
        <ele>192.75</ele>
      </trkpt>
      <trkpt lat="46.052509" lon="12.531491">
        <ele>192.75</ele>
      </trkpt>
      <trkpt lat="46.052565" lon="12.531569">
        <ele>192.5</ele>
      </trkpt>
      <trkpt lat="46.052646" lon="12.531702">
        <ele>191.75</ele>
      </trkpt>
      <trkpt lat="46.052677" lon="12.531774">
        <ele>192.0</ele>
      </trkpt>
      <trkpt lat="46.052731" lon="12.53187">
        <ele>192.0</ele>
      </trkpt>
      <trkpt lat="46.05284" lon="12.532125">
        <ele>192.25</ele>
      </trkpt>
      <trkpt lat="46.052904" lon="12.532279">
        <ele>192.25</ele>
      </trkpt>
      <trkpt lat="46.052939" lon="12.532402">
        <ele>192.25</ele>
      </trkpt>
      <trkpt lat="46.052954" lon="12.532587">
        <ele>192.25</ele>
      </trkpt>
      <trkpt lat="46.05296" lon="12.533027">
        <ele>192.75</ele>
      </trkpt>
      <trkpt lat="46.053016" lon="12.533045">
        <ele>193.25</ele>
      </trkpt>
      <trkpt lat="46.053032" lon="12.533072">
        <ele>193.5</ele>
      </trkpt>
      <trkpt lat="46.053277" lon="12.53354">
        <ele>195.5</ele>
      </trkpt>
      <trkpt lat="46.053311" lon="12.533653">
        <ele>195.75</ele>
      </trkpt>
      <trkpt lat="46.053325" lon="12.533723">
        <ele>195.75</ele>
      </trkpt>
      <trkpt lat="46.053411" lon="12.534268">
        <ele>196.25</ele>
      </trkpt>
      <trkpt lat="46.053418" lon="12.534443">
        <ele>195.75</ele>
      </trkpt>
      <trkpt lat="46.053576" lon="12.534721">
        <ele>196.25</ele>
      </trkpt>
      <trkpt lat="46.053749" lon="12.534992">
        <ele>196.5</ele>
      </trkpt>
      <trkpt lat="46.053852" lon="12.535235">
        <ele>196.25</ele>
      </trkpt>
      <trkpt lat="46.053917" lon="12.535406">
        <ele>196.25</ele>
      </trkpt>
      <trkpt lat="46.053979" lon="12.535641">
        <ele>195.75</ele>
      </trkpt>
      <trkpt lat="46.054246" lon="12.536519">
        <ele>194.75</ele>
      </trkpt>
      <trkpt lat="46.054323" lon="12.536698">
        <ele>194.75</ele>
      </trkpt>
      <trkpt lat="46.054817" lon="12.537036">
        <ele>197.25</ele>
      </trkpt>
      <trkpt lat="46.055219" lon="12.537394">
        <ele>198.75</ele>
      </trkpt>
      <trkpt lat="46.05529" lon="12.537388">
        <ele>199.0</ele>
      </trkpt>
      <trkpt lat="46.055351" lon="12.537307">
        <ele>199.25</ele>
      </trkpt>
      <trkpt lat="46.055523" lon="12.536959">
        <ele>200.5</ele>
      </trkpt>
      <trkpt lat="46.055577" lon="12.5369">
        <ele>200.75</ele>
      </trkpt>
      <trkpt lat="46.056075" lon="12.538004">
        <ele>197.5</ele>
      </trkpt>
      <trkpt lat="46.056083" lon="12.53813">
        <ele>197.0</ele>
      </trkpt>
      <trkpt lat="46.056049" lon="12.538271">
        <ele>196.5</ele>
      </trkpt>
      <trkpt lat="46.056001" lon="12.538391">
        <ele>196.5</ele>
      </trkpt>
      <trkpt lat="46.056057" lon="12.538538">
        <ele>195.25</ele>
      </trkpt>
      <trkpt lat="46.056105" lon="12.538644">
        <ele>194.5</ele>
      </trkpt>
      <trkpt lat="46.056198" lon="12.538797">
        <ele>193.25</ele>
      </trkpt>
      <trkpt lat="46.056274" lon="12.538848">
        <ele>192.5</ele>
      </trkpt>
      <trkpt lat="46.056291" lon="12.538798">
        <ele>192.75</ele>
      </trkpt>
      <trkpt lat="46.056359" lon="12.538727">
        <ele>192.5</ele>
      </trkpt>
      <trkpt lat="46.056406" lon="12.538691">
        <ele>192.25</ele>
      </trkpt>
      <trkpt lat="46.056436" lon="12.538678">
        <ele>192.25</ele>
      </trkpt>
      <trkpt lat="46.056485" lon="12.538677">
        <ele>191.75</ele>
      </trkpt>
      <trkpt lat="46.056589" lon="12.538676">
        <ele>191.25</ele>
      </trkpt>
      <trkpt lat="46.05662" lon="12.538693">
        <ele>191.0</ele>
      </trkpt>
      <trkpt lat="46.056684" lon="12.538785">
        <ele>190.5</ele>
      </trkpt>
      <trkpt lat="46.056708" lon="12.538858">
        <ele>190.25</ele>
      </trkpt>
      <trkpt lat="46.056727" lon="12.538974">
        <ele>190.0</ele>
      </trkpt>
      <trkpt lat="46.056728" lon="12.539165">
        <ele>189.5</ele>
      </trkpt>
      <trkpt lat="46.05674" lon="12.539305">
        <ele>189.0</ele>
      </trkpt>
      <trkpt lat="46.056771" lon="12.539462">
        <ele>188.75</ele>
      </trkpt>
      <trkpt lat="46.056818" lon="12.53963">
        <ele>188.75</ele>
      </trkpt>
      <trkpt lat="46.057017" lon="12.54009">
        <ele>189.25</ele>
      </trkpt>
      <trkpt lat="46.057134" lon="12.540357">
        <ele>189.5</ele>
      </trkpt>
      <trkpt lat="46.057186" lon="12.54043">
        <ele>189.75</ele>
      </trkpt>
      <trkpt lat="46.05722" lon="12.540518">
        <ele>189.75</ele>
      </trkpt>
      <trkpt lat="46.057253" lon="12.540629">
        <ele>189.75</ele>
      </trkpt>
      <trkpt lat="46.057299" lon="12.5409">
        <ele>189.0</ele>
      </trkpt>
      <trkpt lat="46.057338" lon="12.541506">
        <ele>187.0</ele>
      </trkpt>
      <trkpt lat="46.057346" lon="12.541788">
        <ele>186.25</ele>
      </trkpt>
      <trkpt lat="46.057373" lon="12.542261">
        <ele>186.0</ele>
      </trkpt>
      <trkpt lat="46.057369" lon="12.54236">
        <ele>186.0</ele>
      </trkpt>
      <trkpt lat="46.057891" lon="12.542363">
        <ele>188.0</ele>
      </trkpt>
      <trkpt lat="46.05842" lon="12.542294">
        <ele>190.0</ele>
      </trkpt>
      <trkpt lat="46.058492" lon="12.542234">
        <ele>190.75</ele>
      </trkpt>
      <trkpt lat="46.05888" lon="12.542199">
        <ele>194.25</ele>
      </trkpt>
      <trkpt lat="46.059069" lon="12.542472">
        <ele>193.5</ele>
      </trkpt>
      <trkpt lat="46.058985" lon="12.543242">
        <ele>189.25</ele>
      </trkpt>
      <trkpt lat="46.059039" lon="12.543706">
        <ele>188.25</ele>
      </trkpt>
      <trkpt lat="46.059092" lon="12.544168">
        <ele>187.25</ele>
      </trkpt>
      <trkpt lat="46.05923" lon="12.544905">
        <ele>183.5</ele>
      </trkpt>
      <trkpt lat="46.059495" lon="12.545465">
        <ele>182.25</ele>
      </trkpt>
      <trkpt lat="46.059564" lon="12.545502">
        <ele>182.75</ele>
      </trkpt>
      <trkpt lat="46.059659" lon="12.545633">
        <ele>182.5</ele>
      </trkpt>
      <trkpt lat="46.059652" lon="12.545772">
        <ele>181.25</ele>
      </trkpt>
      <trkpt lat="46.059723" lon="12.546024">
        <ele>180.25</ele>
      </trkpt>
      <trkpt lat="46.059776" lon="12.546141">
        <ele>180.0</ele>
      </trkpt>
      <trkpt lat="46.059902" lon="12.546424">
        <ele>179.5</ele>
      </trkpt>
      <trkpt lat="46.060015" lon="12.546652">
        <ele>179.0</ele>
      </trkpt>
      <trkpt lat="46.060268" lon="12.546978">
        <ele>176.5</ele>
      </trkpt>
      <trkpt lat="46.060487" lon="12.547151">
        <ele>175.75</ele>
      </trkpt>
      <trkpt lat="46.060588" lon="12.547249">
        <ele>175.5</ele>
      </trkpt>
      <trkpt lat="46.060728" lon="12.547488">
        <ele>174.25</ele>
      </trkpt>
      <trkpt lat="46.060841" lon="12.547651">
        <ele>173.5</ele>
      </trkpt>
      <trkpt lat="46.061188" lon="12.548319">
        <ele>166.5</ele>
      </trkpt>
      <trkpt lat="46.061203" lon="12.548526">
        <ele>165.75</ele>
      </trkpt>
      <trkpt lat="46.061527" lon="12.54889">
        <ele>163.5</ele>
      </trkpt>
      <trkpt lat="46.061843" lon="12.54937">
        <ele>160.5</ele>
      </trkpt>
      <trkpt lat="46.061881" lon="12.549427">
        <ele>160.25</ele>
      </trkpt>
      <trkpt lat="46.061907" lon="12.549655">
        <ele>159.25</ele>
      </trkpt>
      <trkpt lat="46.061874" lon="12.549971">
        <ele>157.5</ele>
      </trkpt>
      <trkpt lat="46.061904" lon="12.550372">
        <ele>155.5</ele>
      </trkpt>
      <trkpt lat="46.061858" lon="12.551551">
        <ele>152.75</ele>
      </trkpt>
      <trkpt lat="46.061896" lon="12.551725">
        <ele>152.5</ele>
      </trkpt>
      <trkpt lat="46.061985" lon="12.551646">
        <ele>152.5</ele>
      </trkpt>
      <trkpt lat="46.062036" lon="12.551882">
        <ele>152.5</ele>
      </trkpt>
      <trkpt lat="46.062103" lon="12.552198">
        <ele>153.0</ele>
      </trkpt>
      <trkpt lat="46.06224" lon="12.552601">
        <ele>154.75</ele>
      </trkpt>
      <trkpt lat="46.062293" lon="12.553034">
        <ele>157.0</ele>
      </trkpt>
      <trkpt lat="46.062338" lon="12.553519">
        <ele>158.5</ele>
      </trkpt>
      <trkpt lat="46.062457" lon="12.553995">
        <ele>158.75</ele>
      </trkpt>
      <trkpt lat="46.062551" lon="12.554174">
        <ele>159.25</ele>
      </trkpt>
      <trkpt lat="46.062623" lon="12.554312">
        <ele>159.75</ele>
      </trkpt>
      <trkpt lat="46.062754" lon="12.554745">
        <ele>161.25</ele>
      </trkpt>
      <trkpt lat="46.063039" lon="12.555302">
        <ele>167.75</ele>
      </trkpt>
      <trkpt lat="46.063128" lon="12.555361">
        <ele>170.0</ele>
      </trkpt>
      <trkpt lat="46.063199" lon="12.555377">
        <ele>171.5</ele>
      </trkpt>
      <trkpt lat="46.063295" lon="12.555474">
        <ele>174.25</ele>
      </trkpt>
      <trkpt lat="46.063433" lon="12.555779">
        <ele>177.25</ele>
      </trkpt>
      <trkpt lat="46.06357" lon="12.55594">
        <ele>178.5</ele>
      </trkpt>
      <trkpt lat="46.063604" lon="12.556037">
        <ele>179.0</ele>
      </trkpt>
      <trkpt lat="46.063611" lon="12.556326">
        <ele>179.5</ele>
      </trkpt>
      <trkpt lat="46.063645" lon="12.556482">
        <ele>180.0</ele>
      </trkpt>
      <trkpt lat="46.063734" lon="12.556541">
        <ele>181.0</ele>
      </trkpt>
      <trkpt lat="46.063931" lon="12.556835">
        <ele>183.75</ele>
      </trkpt>
      <trkpt lat="46.064128" lon="12.556964">
        <ele>186.5</ele>
      </trkpt>
      <trkpt lat="46.064191" lon="12.557082">
        <ele>188.0</ele>
      </trkpt>
      <trkpt lat="46.064249" lon="12.557376">
        <ele>190.5</ele>
      </trkpt>
      <trkpt lat="46.064381" lon="12.557655">
        <ele>192.5</ele>
      </trkpt>
      <trkpt lat="46.064415" lon="12.557893">
        <ele>193.25</ele>
      </trkpt>
      <trkpt lat="46.064664" lon="12.558124">
        <ele>195.0</ele>
      </trkpt>
      <trkpt lat="46.06482" lon="12.558247">
        <ele>196.0</ele>
      </trkpt>
      <trkpt lat="46.064952" lon="12.558278">
        <ele>196.5</ele>
      </trkpt>
      <trkpt lat="46.065117" lon="12.558411">
        <ele>197.25</ele>
      </trkpt>
      <trkpt lat="46.065155" lon="12.558502">
        <ele>197.0</ele>
      </trkpt>
      <trkpt lat="46.065263" lon="12.558556">
        <ele>197.5</ele>
      </trkpt>
      <trkpt lat="46.065512" lon="12.558545">
        <ele>200.25</ele>
      </trkpt>
      <trkpt lat="46.065584" lon="12.558622">
        <ele>200.25</ele>
      </trkpt>
      <trkpt lat="46.065742" lon="12.558894">
        <ele>200.0</ele>
      </trkpt>
      <trkpt lat="46.065834" lon="12.559069">
        <ele>199.5</ele>
      </trkpt>
      <trkpt lat="46.065913" lon="12.559262">
        <ele>200.25</ele>
      </trkpt>
      <trkpt lat="46.065965" lon="12.559525">
        <ele>201.25</ele>
      </trkpt>
      <trkpt lat="46.065967" lon="12.559762">
        <ele>201.25</ele>
      </trkpt>
      <trkpt lat="46.065948" lon="12.560242">
        <ele>200.5</ele>
      </trkpt>
      <trkpt lat="46.066034" lon="12.560511">
        <ele>200.75</ele>
      </trkpt>
      <trkpt lat="46.066097" lon="12.560661">
        <ele>201.0</ele>
      </trkpt>
      <trkpt lat="46.066142" lon="12.560914">
        <ele>200.0</ele>
      </trkpt>
      <trkpt lat="46.066098" lon="12.56113">
        <ele>197.75</ele>
      </trkpt>
      <trkpt lat="46.066015" lon="12.561288">
        <ele>195.5</ele>
      </trkpt>
      <trkpt lat="46.065991" lon="12.561383">
        <ele>194.5</ele>
      </trkpt>
      <trkpt lat="46.06599" lon="12.561562">
        <ele>193.0</ele>
      </trkpt>
      <trkpt lat="46.066132" lon="12.561877">
        <ele>192.25</ele>
      </trkpt>
      <trkpt lat="46.066157" lon="12.562049">
        <ele>191.75</ele>
      </trkpt>
      <trkpt lat="46.066148" lon="12.562178">
        <ele>191.0</ele>
      </trkpt>
      <trkpt lat="46.066164" lon="12.56232">
        <ele>190.5</ele>
      </trkpt>
      <trkpt lat="46.066243" lon="12.562495">
        <ele>190.25</ele>
      </trkpt>
      <trkpt lat="46.066306" lon="12.562592">
        <ele>190.0</ele>
      </trkpt>
      <trkpt lat="46.066444" lon="12.562962">
        <ele>188.25</ele>
      </trkpt>
      <trkpt lat="46.066495" lon="12.563491">
        <ele>184.75</ele>
      </trkpt>
      <trkpt lat="46.066512" lon="12.563769">
        <ele>182.5</ele>
      </trkpt>
      <trkpt lat="46.066541" lon="12.564013">
        <ele>180.5</ele>
      </trkpt>
      <trkpt lat="46.066527" lon="12.564253">
        <ele>178.25</ele>
      </trkpt>
      <trkpt lat="46.066542" lon="12.564495">
        <ele>176.0</ele>
      </trkpt>
      <trkpt lat="46.066713" lon="12.564784">
        <ele>174.0</ele>
      </trkpt>
      <trkpt lat="46.06681" lon="12.565143">
        <ele>170.0</ele>
      </trkpt>
      <trkpt lat="46.066839" lon="12.565684">
        <ele>163.25</ele>
      </trkpt>
      <trkpt lat="46.066802" lon="12.56592">
        <ele>160.5</ele>
      </trkpt>
      <trkpt lat="46.066415" lon="12.566344">
        <ele>153.75</ele>
      </trkpt>
      <trkpt lat="46.066244" lon="12.566923">
        <ele>149.5</ele>
      </trkpt>
      <trkpt lat="46.066155" lon="12.567083">
        <ele>148.5</ele>
      </trkpt>
      <trkpt lat="46.06554" lon="12.5679">
        <ele>145.25</ele>
      </trkpt>
      <trkpt lat="46.06579" lon="12.568224">
        <ele>145.75</ele>
      </trkpt>
      <trkpt lat="46.065784" lon="12.568251">
        <ele>145.75</ele>
      </trkpt>
      <trkpt lat="46.065758" lon="12.56831">
        <ele>145.75</ele>
      </trkpt>
      <trkpt lat="46.065737" lon="12.568364">
        <ele>145.75</ele>
      </trkpt>
      <trkpt lat="46.06565" lon="12.568631">
        <ele>145.5</ele>
      </trkpt>
      <trkpt lat="46.065621" lon="12.568686">
        <ele>145.5</ele>
      </trkpt>
      <trkpt lat="46.065573" lon="12.5687">
        <ele>145.5</ele>
      </trkpt>
      <trkpt lat="46.065212" lon="12.568618">
        <ele>144.75</ele>
      </trkpt>
      <trkpt lat="46.065151" lon="12.568546">
        <ele>144.75</ele>
      </trkpt>
      <trkpt lat="46.065122" lon="12.568548">
        <ele>144.75</ele>
      </trkpt>
      <trkpt lat="46.065106" lon="12.568581">
        <ele>144.75</ele>
      </trkpt>
      <trkpt lat="46.065137" lon="12.568692">
        <ele>144.75</ele>
      </trkpt>
      <trkpt lat="46.06536" lon="12.569168">
        <ele>144.75</ele>
      </trkpt>
      <trkpt lat="46.065912" lon="12.569797">
        <ele>145.25</ele>
      </trkpt>
      <trkpt lat="46.066544" lon="12.570462">
        <ele>147.0</ele>
      </trkpt>
      <trkpt lat="46.066657" lon="12.57056">
        <ele>147.5</ele>
      </trkpt>
      <trkpt lat="46.066675" lon="12.570607">
        <ele>147.5</ele>
      </trkpt>
      <trkpt lat="46.066682" lon="12.570667">
        <ele>147.75</ele>
      </trkpt>
      <trkpt lat="46.066657" lon="12.570825">
        <ele>147.75</ele>
      </trkpt>
      <trkpt lat="46.066497" lon="12.571365">
        <ele>148.0</ele>
      </trkpt>
      <trkpt lat="46.066445" lon="12.571429">
        <ele>148.0</ele>
      </trkpt>
      <trkpt lat="46.066286" lon="12.571507">
        <ele>147.5</ele>
      </trkpt>
      <trkpt lat="46.066185" lon="12.571654">
        <ele>147.75</ele>
      </trkpt>
      <trkpt lat="46.065981" lon="12.572224">
        <ele>147.0</ele>
      </trkpt>
      <trkpt lat="46.065905" lon="12.572409">
        <ele>147.0</ele>
      </trkpt>
      <trkpt lat="46.065717" lon="12.572626">
        <ele>147.0</ele>
      </trkpt>
      <trkpt lat="46.065669" lon="12.572683">
        <ele>147.0</ele>
      </trkpt>
      <trkpt lat="46.065536" lon="12.572882">
        <ele>147.0</ele>
      </trkpt>
      <trkpt lat="46.064975" lon="12.574021">
        <ele>147.75</ele>
      </trkpt>
      <trkpt lat="46.064841" lon="12.574282">
        <ele>147.75</ele>
      </trkpt>
      <trkpt lat="46.064672" lon="12.574511">
        <ele>148.0</ele>
      </trkpt>
      <trkpt lat="46.064414" lon="12.574731">
        <ele>147.75</ele>
      </trkpt>
      <trkpt lat="46.064007" lon="12.574899">
        <ele>147.5</ele>
      </trkpt>
      <trkpt lat="46.06393" lon="12.574928">
        <ele>147.5</ele>
      </trkpt>
      <trkpt lat="46.063698" lon="12.575129">
        <ele>147.25</ele>
      </trkpt>
      <trkpt lat="46.063513" lon="12.575371">
        <ele>147.0</ele>
      </trkpt>
      <trkpt lat="46.06321" lon="12.576161">
        <ele>147.25</ele>
      </trkpt>
      <trkpt lat="46.063159" lon="12.576298">
        <ele>147.25</ele>
      </trkpt>
      <trkpt lat="46.063049" lon="12.576666">
        <ele>147.75</ele>
      </trkpt>
      <trkpt lat="46.062863" lon="12.577706">
        <ele>151.5</ele>
      </trkpt>
      <trkpt lat="46.062748" lon="12.578085">
        <ele>153.0</ele>
      </trkpt>
      <trkpt lat="46.062557" lon="12.578491">
        <ele>154.25</ele>
      </trkpt>
      <trkpt lat="46.062243" lon="12.578377">
        <ele>154.0</ele>
      </trkpt>
      <trkpt lat="46.062148" lon="12.578327">
        <ele>153.75</ele>
      </trkpt>
      <trkpt lat="46.062266" lon="12.578749">
        <ele>154.75</ele>
      </trkpt>
      <trkpt lat="46.062268" lon="12.578914">
        <ele>155.0</ele>
      </trkpt>
      <trkpt lat="46.062167" lon="12.579079">
        <ele>155.25</ele>
      </trkpt>
      <trkpt lat="46.061977" lon="12.579286">
        <ele>155.25</ele>
      </trkpt>
      <trkpt lat="46.061829" lon="12.579514">
        <ele>155.25</ele>
      </trkpt>
      <trkpt lat="46.062124" lon="12.579959">
        <ele>156.0</ele>
      </trkpt>
      <trkpt lat="46.062519" lon="12.580616">
        <ele>156.25</ele>
      </trkpt>
      <trkpt lat="46.062628" lon="12.580815">
        <ele>156.0</ele>
      </trkpt>
      <trkpt lat="46.06319" lon="12.581829">
        <ele>155.25</ele>
      </trkpt>
      <trkpt lat="46.063508" lon="12.582376">
        <ele>155.5</ele>
      </trkpt>
      <trkpt lat="46.063954" lon="12.583164">
        <ele>156.0</ele>
      </trkpt>
      <trkpt lat="46.064338" lon="12.583881">
        <ele>156.75</ele>
      </trkpt>
      <trkpt lat="46.064734" lon="12.584578">
        <ele>156.75</ele>
      </trkpt>
      <trkpt lat="46.064937" lon="12.584936">
        <ele>156.75</ele>
      </trkpt>
      <trkpt lat="46.065131" lon="12.58528">
        <ele>156.75</ele>
      </trkpt>
      <trkpt lat="46.065527" lon="12.586017">
        <ele>157.0</ele>
      </trkpt>
      <trkpt lat="46.065658" lon="12.586282">
        <ele>157.0</ele>
      </trkpt>
      <trkpt lat="46.065771" lon="12.586571">
        <ele>156.75</ele>
      </trkpt>
      <trkpt lat="46.06583" lon="12.586761">
        <ele>156.5</ele>
      </trkpt>
      <trkpt lat="46.065792" lon="12.586848">
        <ele>156.0</ele>
      </trkpt>
      <trkpt lat="46.06565" lon="12.587176">
        <ele>154.25</ele>
      </trkpt>
      <trkpt lat="46.065422" lon="12.587751">
        <ele>151.25</ele>
      </trkpt>
      <trkpt lat="46.06522" lon="12.588015">
        <ele>150.0</ele>
      </trkpt>
      <trkpt lat="46.06489" lon="12.588373">
        <ele>148.5</ele>
      </trkpt>
      <trkpt lat="46.064749" lon="12.588559">
        <ele>148.0</ele>
      </trkpt>
      <trkpt lat="46.064674" lon="12.588715">
        <ele>147.75</ele>
      </trkpt>
      <trkpt lat="46.064611" lon="12.588901">
        <ele>147.5</ele>
      </trkpt>
      <trkpt lat="46.064493" lon="12.589208">
        <ele>147.25</ele>
      </trkpt>
      <trkpt lat="46.06437" lon="12.589502">
        <ele>147.0</ele>
      </trkpt>
      <trkpt lat="46.064135" lon="12.589958">
        <ele>146.75</ele>
      </trkpt>
      <trkpt lat="46.064184" lon="12.590018">
        <ele>146.75</ele>
      </trkpt>
      <trkpt lat="46.064427" lon="12.590312">
        <ele>146.75</ele>
      </trkpt>
      <trkpt lat="46.064462" lon="12.590316">
        <ele>147.0</ele>
      </trkpt>
    </trkseg>
    <trkseg>
      <trkpt lat="46.064462" lon="12.590316">
        <ele>146.75</ele>
      </trkpt>
      <trkpt lat="46.064427" lon="12.590312">
        <ele>146.75</ele>
      </trkpt>
      <trkpt lat="46.064184" lon="12.590018">
        <ele>146.75</ele>
      </trkpt>
      <trkpt lat="46.064135" lon="12.589958">
        <ele>146.75</ele>
      </trkpt>
      <trkpt lat="46.063912" lon="12.589693">
        <ele>146.0</ele>
      </trkpt>
      <trkpt lat="46.063012" lon="12.588531">
        <ele>143.5</ele>
      </trkpt>
      <trkpt lat="46.062943" lon="12.588387">
        <ele>143.5</ele>
      </trkpt>
      <trkpt lat="46.062926" lon="12.58831">
        <ele>143.5</ele>
      </trkpt>
      <trkpt lat="46.062935" lon="12.588239">
        <ele>143.5</ele>
      </trkpt>
      <trkpt lat="46.063174" lon="12.587756">
        <ele>145.0</ele>
      </trkpt>
      <trkpt lat="46.063514" lon="12.587112">
        <ele>146.75</ele>
      </trkpt>
      <trkpt lat="46.063546" lon="12.58707">
        <ele>147.0</ele>
      </trkpt>
      <trkpt lat="46.063877" lon="12.586697">
        <ele>148.25</ele>
      </trkpt>
      <trkpt lat="46.064013" lon="12.586516">
        <ele>148.75</ele>
      </trkpt>
      <trkpt lat="46.064033" lon="12.586489">
        <ele>149.0</ele>
      </trkpt>
      <trkpt lat="46.064174" lon="12.586209">
        <ele>150.0</ele>
      </trkpt>
      <trkpt lat="46.064249" lon="12.586043">
        <ele>150.75</ele>
      </trkpt>
      <trkpt lat="46.064284" lon="12.585969">
        <ele>151.0</ele>
      </trkpt>
      <trkpt lat="46.064622" lon="12.585231">
        <ele>154.5</ele>
      </trkpt>
      <trkpt lat="46.064694" lon="12.58515">
        <ele>155.0</ele>
      </trkpt>
      <trkpt lat="46.064761" lon="12.585075">
        <ele>155.5</ele>
      </trkpt>
      <trkpt lat="46.064864" lon="12.584991">
        <ele>156.25</ele>
      </trkpt>
      <trkpt lat="46.064937" lon="12.584936">
        <ele>156.75</ele>
      </trkpt>
      <trkpt lat="46.064734" lon="12.584578">
        <ele>156.75</ele>
      </trkpt>
      <trkpt lat="46.064338" lon="12.583881">
        <ele>156.75</ele>
      </trkpt>
      <trkpt lat="46.063954" lon="12.583164">
        <ele>156.0</ele>
      </trkpt>
      <trkpt lat="46.063508" lon="12.582376">
        <ele>155.5</ele>
      </trkpt>
      <trkpt lat="46.06319" lon="12.581829">
        <ele>155.25</ele>
      </trkpt>
      <trkpt lat="46.062628" lon="12.580815">
        <ele>156.0</ele>
      </trkpt>
      <trkpt lat="46.062519" lon="12.580616">
        <ele>156.25</ele>
      </trkpt>
      <trkpt lat="46.062124" lon="12.579959">
        <ele>156.0</ele>
      </trkpt>
      <trkpt lat="46.061829" lon="12.579514">
        <ele>155.25</ele>
      </trkpt>
      <trkpt lat="46.061977" lon="12.579286">
        <ele>155.25</ele>
      </trkpt>
      <trkpt lat="46.062167" lon="12.579079">
        <ele>155.25</ele>
      </trkpt>
      <trkpt lat="46.062268" lon="12.578914">
        <ele>155.0</ele>
      </trkpt>
      <trkpt lat="46.062266" lon="12.578749">
        <ele>154.75</ele>
      </trkpt>
      <trkpt lat="46.062148" lon="12.578327">
        <ele>153.75</ele>
      </trkpt>
      <trkpt lat="46.062243" lon="12.578377">
        <ele>154.0</ele>
      </trkpt>
      <trkpt lat="46.062557" lon="12.578491">
        <ele>154.25</ele>
      </trkpt>
      <trkpt lat="46.062748" lon="12.578085">
        <ele>153.0</ele>
      </trkpt>
      <trkpt lat="46.062863" lon="12.577706">
        <ele>151.5</ele>
      </trkpt>
      <trkpt lat="46.063049" lon="12.576666">
        <ele>147.75</ele>
      </trkpt>
      <trkpt lat="46.063159" lon="12.576298">
        <ele>147.25</ele>
      </trkpt>
      <trkpt lat="46.06321" lon="12.576161">
        <ele>147.25</ele>
      </trkpt>
      <trkpt lat="46.063513" lon="12.575371">
        <ele>147.0</ele>
      </trkpt>
      <trkpt lat="46.063698" lon="12.575129">
        <ele>147.25</ele>
      </trkpt>
      <trkpt lat="46.06393" lon="12.574928">
        <ele>147.5</ele>
      </trkpt>
      <trkpt lat="46.064007" lon="12.574899">
        <ele>147.5</ele>
      </trkpt>
      <trkpt lat="46.064414" lon="12.574731">
        <ele>147.75</ele>
      </trkpt>
      <trkpt lat="46.064672" lon="12.574511">
        <ele>148.0</ele>
      </trkpt>
      <trkpt lat="46.064841" lon="12.574282">
        <ele>147.75</ele>
      </trkpt>
      <trkpt lat="46.064975" lon="12.574021">
        <ele>147.75</ele>
      </trkpt>
      <trkpt lat="46.065536" lon="12.572882">
        <ele>147.0</ele>
      </trkpt>
      <trkpt lat="46.065669" lon="12.572683">
        <ele>147.0</ele>
      </trkpt>
      <trkpt lat="46.065717" lon="12.572626">
        <ele>147.0</ele>
      </trkpt>
      <trkpt lat="46.065905" lon="12.572409">
        <ele>147.0</ele>
      </trkpt>
      <trkpt lat="46.065981" lon="12.572224">
        <ele>147.0</ele>
      </trkpt>
      <trkpt lat="46.066185" lon="12.571654">
        <ele>147.75</ele>
      </trkpt>
      <trkpt lat="46.066286" lon="12.571507">
        <ele>147.5</ele>
      </trkpt>
      <trkpt lat="46.066445" lon="12.571429">
        <ele>148.0</ele>
      </trkpt>
      <trkpt lat="46.066497" lon="12.571365">
        <ele>148.0</ele>
      </trkpt>
      <trkpt lat="46.066657" lon="12.570825">
        <ele>147.75</ele>
      </trkpt>
      <trkpt lat="46.066682" lon="12.570667">
        <ele>147.75</ele>
      </trkpt>
      <trkpt lat="46.066675" lon="12.570607">
        <ele>147.5</ele>
      </trkpt>
      <trkpt lat="46.066657" lon="12.57056">
        <ele>147.5</ele>
      </trkpt>
      <trkpt lat="46.066544" lon="12.570462">
        <ele>147.0</ele>
      </trkpt>
      <trkpt lat="46.065912" lon="12.569797">
        <ele>145.25</ele>
      </trkpt>
      <trkpt lat="46.06536" lon="12.569168">
        <ele>144.75</ele>
      </trkpt>
      <trkpt lat="46.065137" lon="12.568692">
        <ele>144.75</ele>
      </trkpt>
      <trkpt lat="46.065106" lon="12.568581">
        <ele>144.75</ele>
      </trkpt>
      <trkpt lat="46.065122" lon="12.568548">
        <ele>144.75</ele>
      </trkpt>
      <trkpt lat="46.065151" lon="12.568546">
        <ele>144.75</ele>
      </trkpt>
      <trkpt lat="46.065212" lon="12.568618">
        <ele>144.75</ele>
      </trkpt>
      <trkpt lat="46.065573" lon="12.5687">
        <ele>145.5</ele>
      </trkpt>
      <trkpt lat="46.065621" lon="12.568686">
        <ele>145.5</ele>
      </trkpt>
      <trkpt lat="46.06565" lon="12.568631">
        <ele>145.5</ele>
      </trkpt>
      <trkpt lat="46.065737" lon="12.568364">
        <ele>145.75</ele>
      </trkpt>
      <trkpt lat="46.065758" lon="12.56831">
        <ele>145.75</ele>
      </trkpt>
      <trkpt lat="46.065784" lon="12.568251">
        <ele>145.75</ele>
      </trkpt>
      <trkpt lat="46.06579" lon="12.568224">
        <ele>145.75</ele>
      </trkpt>
      <trkpt lat="46.06554" lon="12.5679">
        <ele>145.25</ele>
      </trkpt>
      <trkpt lat="46.066155" lon="12.567083">
        <ele>148.5</ele>
      </trkpt>
      <trkpt lat="46.066244" lon="12.566923">
        <ele>149.5</ele>
      </trkpt>
      <trkpt lat="46.066415" lon="12.566344">
        <ele>153.75</ele>
      </trkpt>
      <trkpt lat="46.066802" lon="12.56592">
        <ele>160.5</ele>
      </trkpt>
      <trkpt lat="46.066839" lon="12.565684">
        <ele>163.25</ele>
      </trkpt>
      <trkpt lat="46.06681" lon="12.565143">
        <ele>170.0</ele>
      </trkpt>
      <trkpt lat="46.066713" lon="12.564784">
        <ele>174.0</ele>
      </trkpt>
      <trkpt lat="46.066542" lon="12.564495">
        <ele>176.0</ele>
      </trkpt>
      <trkpt lat="46.066527" lon="12.564253">
        <ele>178.25</ele>
      </trkpt>
      <trkpt lat="46.066541" lon="12.564013">
        <ele>180.5</ele>
      </trkpt>
      <trkpt lat="46.066512" lon="12.563769">
        <ele>182.5</ele>
      </trkpt>
      <trkpt lat="46.066495" lon="12.563491">
        <ele>184.75</ele>
      </trkpt>
      <trkpt lat="46.066444" lon="12.562962">
        <ele>188.25</ele>
      </trkpt>
      <trkpt lat="46.066306" lon="12.562592">
        <ele>190.0</ele>
      </trkpt>
      <trkpt lat="46.066243" lon="12.562495">
        <ele>190.25</ele>
      </trkpt>
      <trkpt lat="46.066164" lon="12.56232">
        <ele>190.5</ele>
      </trkpt>
      <trkpt lat="46.066148" lon="12.562178">
        <ele>191.0</ele>
      </trkpt>
      <trkpt lat="46.066157" lon="12.562049">
        <ele>191.75</ele>
      </trkpt>
      <trkpt lat="46.066132" lon="12.561877">
        <ele>192.25</ele>
      </trkpt>
      <trkpt lat="46.06599" lon="12.561562">
        <ele>193.0</ele>
      </trkpt>
      <trkpt lat="46.065991" lon="12.561383">
        <ele>194.5</ele>
      </trkpt>
      <trkpt lat="46.066015" lon="12.561288">
        <ele>195.5</ele>
      </trkpt>
      <trkpt lat="46.066098" lon="12.56113">
        <ele>197.75</ele>
      </trkpt>
      <trkpt lat="46.066142" lon="12.560914">
        <ele>200.0</ele>
      </trkpt>
      <trkpt lat="46.066097" lon="12.560661">
        <ele>201.0</ele>
      </trkpt>
      <trkpt lat="46.066034" lon="12.560511">
        <ele>200.75</ele>
      </trkpt>
      <trkpt lat="46.065948" lon="12.560242">
        <ele>200.5</ele>
      </trkpt>
      <trkpt lat="46.065967" lon="12.559762">
        <ele>201.25</ele>
      </trkpt>
      <trkpt lat="46.065965" lon="12.559525">
        <ele>201.25</ele>
      </trkpt>
      <trkpt lat="46.065913" lon="12.559262">
        <ele>200.25</ele>
      </trkpt>
      <trkpt lat="46.065834" lon="12.559069">
        <ele>199.5</ele>
      </trkpt>
      <trkpt lat="46.065742" lon="12.558894">
        <ele>200.0</ele>
      </trkpt>
      <trkpt lat="46.065584" lon="12.558622">
        <ele>200.25</ele>
      </trkpt>
      <trkpt lat="46.065512" lon="12.558545">
        <ele>200.25</ele>
      </trkpt>
      <trkpt lat="46.065263" lon="12.558556">
        <ele>197.5</ele>
      </trkpt>
      <trkpt lat="46.065155" lon="12.558502">
        <ele>197.0</ele>
      </trkpt>
      <trkpt lat="46.065117" lon="12.558411">
        <ele>197.25</ele>
      </trkpt>
      <trkpt lat="46.064952" lon="12.558278">
        <ele>196.5</ele>
      </trkpt>
      <trkpt lat="46.06482" lon="12.558247">
        <ele>196.0</ele>
      </trkpt>
      <trkpt lat="46.064664" lon="12.558124">
        <ele>195.0</ele>
      </trkpt>
      <trkpt lat="46.064415" lon="12.557893">
        <ele>193.25</ele>
      </trkpt>
      <trkpt lat="46.064381" lon="12.557655">
        <ele>192.5</ele>
      </trkpt>
      <trkpt lat="46.064249" lon="12.557376">
        <ele>190.5</ele>
      </trkpt>
      <trkpt lat="46.064191" lon="12.557082">
        <ele>188.0</ele>
      </trkpt>
      <trkpt lat="46.064128" lon="12.556964">
        <ele>186.5</ele>
      </trkpt>
      <trkpt lat="46.063931" lon="12.556835">
        <ele>183.75</ele>
      </trkpt>
      <trkpt lat="46.063734" lon="12.556541">
        <ele>181.0</ele>
      </trkpt>
      <trkpt lat="46.063645" lon="12.556482">
        <ele>180.0</ele>
      </trkpt>
      <trkpt lat="46.063611" lon="12.556326">
        <ele>179.5</ele>
      </trkpt>
      <trkpt lat="46.063604" lon="12.556037">
        <ele>179.0</ele>
      </trkpt>
      <trkpt lat="46.06357" lon="12.55594">
        <ele>178.5</ele>
      </trkpt>
      <trkpt lat="46.063433" lon="12.555779">
        <ele>177.25</ele>
      </trkpt>
      <trkpt lat="46.063295" lon="12.555474">
        <ele>174.25</ele>
      </trkpt>
      <trkpt lat="46.063199" lon="12.555377">
        <ele>171.5</ele>
      </trkpt>
      <trkpt lat="46.063128" lon="12.555361">
        <ele>170.0</ele>
      </trkpt>
      <trkpt lat="46.063039" lon="12.555302">
        <ele>167.75</ele>
      </trkpt>
      <trkpt lat="46.062754" lon="12.554745">
        <ele>161.25</ele>
      </trkpt>
      <trkpt lat="46.062623" lon="12.554312">
        <ele>159.75</ele>
      </trkpt>
      <trkpt lat="46.062551" lon="12.554174">
        <ele>159.25</ele>
      </trkpt>
      <trkpt lat="46.062457" lon="12.553995">
        <ele>158.75</ele>
      </trkpt>
      <trkpt lat="46.062338" lon="12.553519">
        <ele>158.5</ele>
      </trkpt>
      <trkpt lat="46.062293" lon="12.553034">
        <ele>157.0</ele>
      </trkpt>
      <trkpt lat="46.06224" lon="12.552601">
        <ele>154.75</ele>
      </trkpt>
      <trkpt lat="46.062103" lon="12.552198">
        <ele>153.0</ele>
      </trkpt>
      <trkpt lat="46.062036" lon="12.551882">
        <ele>152.5</ele>
      </trkpt>
      <trkpt lat="46.061985" lon="12.551646">
        <ele>152.5</ele>
      </trkpt>
      <trkpt lat="46.061896" lon="12.551725">
        <ele>152.5</ele>
      </trkpt>
      <trkpt lat="46.061858" lon="12.551551">
        <ele>152.75</ele>
      </trkpt>
      <trkpt lat="46.061904" lon="12.550372">
        <ele>155.5</ele>
      </trkpt>
      <trkpt lat="46.061874" lon="12.549971">
        <ele>157.5</ele>
      </trkpt>
      <trkpt lat="46.061907" lon="12.549655">
        <ele>159.25</ele>
      </trkpt>
      <trkpt lat="46.061881" lon="12.549427">
        <ele>160.25</ele>
      </trkpt>
      <trkpt lat="46.061843" lon="12.54937">
        <ele>160.5</ele>
      </trkpt>
      <trkpt lat="46.061527" lon="12.54889">
        <ele>163.5</ele>
      </trkpt>
      <trkpt lat="46.061203" lon="12.548526">
        <ele>165.75</ele>
      </trkpt>
      <trkpt lat="46.061188" lon="12.548319">
        <ele>166.5</ele>
      </trkpt>
      <trkpt lat="46.060841" lon="12.547651">
        <ele>173.5</ele>
      </trkpt>
      <trkpt lat="46.060728" lon="12.547488">
        <ele>174.25</ele>
      </trkpt>
      <trkpt lat="46.060588" lon="12.547249">
        <ele>175.5</ele>
      </trkpt>
      <trkpt lat="46.060487" lon="12.547151">
        <ele>175.75</ele>
      </trkpt>
      <trkpt lat="46.060268" lon="12.546978">
        <ele>176.5</ele>
      </trkpt>
      <trkpt lat="46.060015" lon="12.546652">
        <ele>179.0</ele>
      </trkpt>
      <trkpt lat="46.059902" lon="12.546424">
        <ele>179.5</ele>
      </trkpt>
      <trkpt lat="46.059776" lon="12.546141">
        <ele>180.0</ele>
      </trkpt>
      <trkpt lat="46.059723" lon="12.546024">
        <ele>180.25</ele>
      </trkpt>
      <trkpt lat="46.059652" lon="12.545772">
        <ele>181.25</ele>
      </trkpt>
      <trkpt lat="46.059659" lon="12.545633">
        <ele>182.5</ele>
      </trkpt>
      <trkpt lat="46.059564" lon="12.545502">
        <ele>182.75</ele>
      </trkpt>
      <trkpt lat="46.059495" lon="12.545465">
        <ele>182.25</ele>
      </trkpt>
      <trkpt lat="46.05923" lon="12.544905">
        <ele>183.5</ele>
      </trkpt>
      <trkpt lat="46.059092" lon="12.544168">
        <ele>187.25</ele>
      </trkpt>
      <trkpt lat="46.059039" lon="12.543706">
        <ele>188.25</ele>
      </trkpt>
      <trkpt lat="46.058985" lon="12.543242">
        <ele>189.25</ele>
      </trkpt>
      <trkpt lat="46.059069" lon="12.542472">
        <ele>193.5</ele>
      </trkpt>
      <trkpt lat="46.05888" lon="12.542199">
        <ele>194.25</ele>
      </trkpt>
      <trkpt lat="46.058492" lon="12.542234">
        <ele>190.75</ele>
      </trkpt>
      <trkpt lat="46.05842" lon="12.542294">
        <ele>190.0</ele>
      </trkpt>
      <trkpt lat="46.057891" lon="12.542363">
        <ele>188.0</ele>
      </trkpt>
      <trkpt lat="46.057369" lon="12.54236">
        <ele>186.0</ele>
      </trkpt>
      <trkpt lat="46.057373" lon="12.542261">
        <ele>186.0</ele>
      </trkpt>
      <trkpt lat="46.057346" lon="12.541788">
        <ele>186.25</ele>
      </trkpt>
      <trkpt lat="46.057338" lon="12.541506">
        <ele>187.0</ele>
      </trkpt>
      <trkpt lat="46.057299" lon="12.5409">
        <ele>189.0</ele>
      </trkpt>
      <trkpt lat="46.057253" lon="12.540629">
        <ele>189.75</ele>
      </trkpt>
      <trkpt lat="46.05722" lon="12.540518">
        <ele>189.75</ele>
      </trkpt>
      <trkpt lat="46.057186" lon="12.54043">
        <ele>189.75</ele>
      </trkpt>
      <trkpt lat="46.057134" lon="12.540357">
        <ele>189.5</ele>
      </trkpt>
      <trkpt lat="46.057017" lon="12.54009">
        <ele>189.25</ele>
      </trkpt>
      <trkpt lat="46.056818" lon="12.53963">
        <ele>188.75</ele>
      </trkpt>
      <trkpt lat="46.056771" lon="12.539462">
        <ele>188.75</ele>
      </trkpt>
      <trkpt lat="46.05674" lon="12.539305">
        <ele>189.0</ele>
      </trkpt>
      <trkpt lat="46.056728" lon="12.539165">
        <ele>189.5</ele>
      </trkpt>
      <trkpt lat="46.056727" lon="12.538974">
        <ele>190.0</ele>
      </trkpt>
      <trkpt lat="46.056708" lon="12.538858">
        <ele>190.25</ele>
      </trkpt>
      <trkpt lat="46.056684" lon="12.538785">
        <ele>190.5</ele>
      </trkpt>
      <trkpt lat="46.05662" lon="12.538693">
        <ele>191.0</ele>
      </trkpt>
      <trkpt lat="46.056589" lon="12.538676">
        <ele>191.25</ele>
      </trkpt>
      <trkpt lat="46.056485" lon="12.538677">
        <ele>191.75</ele>
      </trkpt>
      <trkpt lat="46.056436" lon="12.538678">
        <ele>192.25</ele>
      </trkpt>
      <trkpt lat="46.056406" lon="12.538691">
        <ele>192.25</ele>
      </trkpt>
      <trkpt lat="46.056359" lon="12.538727">
        <ele>192.5</ele>
      </trkpt>
      <trkpt lat="46.056291" lon="12.538798">
        <ele>192.75</ele>
      </trkpt>
      <trkpt lat="46.056274" lon="12.538848">
        <ele>192.5</ele>
      </trkpt>
      <trkpt lat="46.056198" lon="12.538797">
        <ele>193.25</ele>
      </trkpt>
      <trkpt lat="46.056105" lon="12.538644">
        <ele>194.5</ele>
      </trkpt>
      <trkpt lat="46.056057" lon="12.538538">
        <ele>195.25</ele>
      </trkpt>
      <trkpt lat="46.056001" lon="12.538391">
        <ele>196.5</ele>
      </trkpt>
      <trkpt lat="46.056049" lon="12.538271">
        <ele>196.5</ele>
      </trkpt>
      <trkpt lat="46.056083" lon="12.53813">
        <ele>197.0</ele>
      </trkpt>
      <trkpt lat="46.056075" lon="12.538004">
        <ele>197.5</ele>
      </trkpt>
      <trkpt lat="46.055577" lon="12.5369">
        <ele>200.75</ele>
      </trkpt>
      <trkpt lat="46.055523" lon="12.536959">
        <ele>200.5</ele>
      </trkpt>
      <trkpt lat="46.055351" lon="12.537307">
        <ele>199.25</ele>
      </trkpt>
      <trkpt lat="46.05529" lon="12.537388">
        <ele>199.0</ele>
      </trkpt>
      <trkpt lat="46.055219" lon="12.537394">
        <ele>198.75</ele>
      </trkpt>
      <trkpt lat="46.054817" lon="12.537036">
        <ele>197.25</ele>
      </trkpt>
      <trkpt lat="46.054323" lon="12.536698">
        <ele>194.75</ele>
      </trkpt>
      <trkpt lat="46.054246" lon="12.536519">
        <ele>194.75</ele>
      </trkpt>
      <trkpt lat="46.053979" lon="12.535641">
        <ele>195.75</ele>
      </trkpt>
      <trkpt lat="46.053917" lon="12.535406">
        <ele>196.25</ele>
      </trkpt>
      <trkpt lat="46.053852" lon="12.535235">
        <ele>196.25</ele>
      </trkpt>
      <trkpt lat="46.053749" lon="12.534992">
        <ele>196.5</ele>
      </trkpt>
      <trkpt lat="46.053576" lon="12.534721">
        <ele>196.25</ele>
      </trkpt>
      <trkpt lat="46.053418" lon="12.534443">
        <ele>195.75</ele>
      </trkpt>
      <trkpt lat="46.053411" lon="12.534268">
        <ele>196.25</ele>
      </trkpt>
      <trkpt lat="46.053325" lon="12.533723">
        <ele>195.75</ele>
      </trkpt>
      <trkpt lat="46.053311" lon="12.533653">
        <ele>195.75</ele>
      </trkpt>
      <trkpt lat="46.053277" lon="12.53354">
        <ele>195.5</ele>
      </trkpt>
      <trkpt lat="46.053032" lon="12.533072">
        <ele>193.5</ele>
      </trkpt>
      <trkpt lat="46.053016" lon="12.533045">
        <ele>193.25</ele>
      </trkpt>
      <trkpt lat="46.05296" lon="12.533027">
        <ele>192.75</ele>
      </trkpt>
      <trkpt lat="46.052954" lon="12.532587">
        <ele>192.25</ele>
      </trkpt>
      <trkpt lat="46.052939" lon="12.532402">
        <ele>192.25</ele>
      </trkpt>
      <trkpt lat="46.052904" lon="12.532279">
        <ele>192.25</ele>
      </trkpt>
      <trkpt lat="46.05284" lon="12.532125">
        <ele>192.25</ele>
      </trkpt>
      <trkpt lat="46.052731" lon="12.53187">
        <ele>192.0</ele>
      </trkpt>
      <trkpt lat="46.052677" lon="12.531774">
        <ele>192.0</ele>
      </trkpt>
      <trkpt lat="46.052646" lon="12.531702">
        <ele>191.75</ele>
      </trkpt>
      <trkpt lat="46.052565" lon="12.531569">
        <ele>192.5</ele>
      </trkpt>
      <trkpt lat="46.052509" lon="12.531491">
        <ele>192.75</ele>
      </trkpt>
      <trkpt lat="46.05245" lon="12.531444">
        <ele>192.75</ele>
      </trkpt>
      <trkpt lat="46.052278" lon="12.531365">
        <ele>191.25</ele>
      </trkpt>
      <trkpt lat="46.052214" lon="12.531285">
        <ele>191.0</ele>
      </trkpt>
      <trkpt lat="46.052133" lon="12.531208">
        <ele>190.75</ele>
      </trkpt>
      <trkpt lat="46.052098" lon="12.531151">
        <ele>190.5</ele>
      </trkpt>
      <trkpt lat="46.051945" lon="12.531048">
        <ele>189.0</ele>
      </trkpt>
      <trkpt lat="46.051818" lon="12.530878">
        <ele>188.25</ele>
      </trkpt>
      <trkpt lat="46.051747" lon="12.530764">
        <ele>187.25</ele>
      </trkpt>
      <trkpt lat="46.051665" lon="12.530653">
        <ele>185.75</ele>
      </trkpt>
      <trkpt lat="46.051574" lon="12.530469">
        <ele>184.25</ele>
      </trkpt>
      <trkpt lat="46.051582" lon="12.530202">
        <ele>184.0</ele>
      </trkpt>
      <trkpt lat="46.05162" lon="12.530085">
        <ele>184.5</ele>
      </trkpt>
      <trkpt lat="46.051695" lon="12.529854">
        <ele>184.5</ele>
      </trkpt>
      <trkpt lat="46.051687" lon="12.529727">
        <ele>183.75</ele>
      </trkpt>
      <trkpt lat="46.05155" lon="12.529553">
        <ele>180.75</ele>
      </trkpt>
      <trkpt lat="46.051341" lon="12.529564">
        <ele>178.25</ele>
      </trkpt>
      <trkpt lat="46.051091" lon="12.529472">
        <ele>174.75</ele>
      </trkpt>
      <trkpt lat="46.050959" lon="12.529436">
        <ele>173.0</ele>
      </trkpt>
      <trkpt lat="46.050874" lon="12.529414">
        <ele>171.75</ele>
      </trkpt>
      <trkpt lat="46.05056" lon="12.529367">
        <ele>170.0</ele>
      </trkpt>
      <trkpt lat="46.050232" lon="12.529363">
        <ele>168.75</ele>
      </trkpt>
      <trkpt lat="46.050187" lon="12.529147">
        <ele>168.25</ele>
      </trkpt>
      <trkpt lat="46.050161" lon="12.528935">
        <ele>167.25</ele>
      </trkpt>
      <trkpt lat="46.050173" lon="12.528768">
        <ele>166.75</ele>
      </trkpt>
      <trkpt lat="46.050171" lon="12.528595">
        <ele>166.0</ele>
      </trkpt>
      <trkpt lat="46.050223" lon="12.52832">
        <ele>165.25</ele>
      </trkpt>
      <trkpt lat="46.05023" lon="12.528075">
        <ele>165.25</ele>
      </trkpt>
      <trkpt lat="46.050203" lon="12.527864">
        <ele>164.75</ele>
      </trkpt>
      <trkpt lat="46.050118" lon="12.527606">
        <ele>163.5</ele>
      </trkpt>
      <trkpt lat="46.049971" lon="12.527427">
        <ele>161.5</ele>
      </trkpt>
      <trkpt lat="46.049832" lon="12.5273">
        <ele>160.5</ele>
      </trkpt>
      <trkpt lat="46.04972" lon="12.527181">
        <ele>159.75</ele>
      </trkpt>
      <trkpt lat="46.049425" lon="12.526663">
        <ele>156.75</ele>
      </trkpt>
      <trkpt lat="46.049312" lon="12.526391">
        <ele>154.75</ele>
      </trkpt>
      <trkpt lat="46.049237" lon="12.526069">
        <ele>152.75</ele>
      </trkpt>
      <trkpt lat="46.049209" lon="12.525767">
        <ele>151.5</ele>
      </trkpt>
      <trkpt lat="46.049105" lon="12.525767">
        <ele>150.75</ele>
      </trkpt>
      <trkpt lat="46.048891" lon="12.525718">
        <ele>150.0</ele>
      </trkpt>
      <trkpt lat="46.048744" lon="12.525723">
        <ele>149.5</ele>
      </trkpt>
      <trkpt lat="46.048594" lon="12.525688">
        <ele>149.0</ele>
      </trkpt>
      <trkpt lat="46.048466" lon="12.525645">
        <ele>148.5</ele>
      </trkpt>
      <trkpt lat="46.048346" lon="12.525577">
        <ele>148.25</ele>
      </trkpt>
      <trkpt lat="46.048235" lon="12.525499">
        <ele>148.0</ele>
      </trkpt>
      <trkpt lat="46.048127" lon="12.525364">
        <ele>147.5</ele>
      </trkpt>
      <trkpt lat="46.048104" lon="12.525294">
        <ele>147.25</ele>
      </trkpt>
      <trkpt lat="46.047718" lon="12.525171">
        <ele>145.0</ele>
      </trkpt>
      <trkpt lat="46.046804" lon="12.52529">
        <ele>141.75</ele>
      </trkpt>
      <trkpt lat="46.046824" lon="12.525196">
        <ele>141.5</ele>
      </trkpt>
      <trkpt lat="46.046826" lon="12.525102">
        <ele>141.0</ele>
      </trkpt>
      <trkpt lat="46.046811" lon="12.525037">
        <ele>140.5</ele>
      </trkpt>
      <trkpt lat="46.046783" lon="12.524978">
        <ele>140.25</ele>
      </trkpt>
      <trkpt lat="46.046742" lon="12.524866">
        <ele>139.25</ele>
      </trkpt>
      <trkpt lat="46.046718" lon="12.52477">
        <ele>138.5</ele>
      </trkpt>
      <trkpt lat="46.046706" lon="12.524659">
        <ele>137.75</ele>
      </trkpt>
      <trkpt lat="46.046687" lon="12.524627">
        <ele>137.25</ele>
      </trkpt>
      <trkpt lat="46.046611" lon="12.524593">
        <ele>136.75</ele>
      </trkpt>
      <trkpt lat="46.046262" lon="12.524394">
        <ele>134.25</ele>
      </trkpt>
      <trkpt lat="46.046134" lon="12.524291">
        <ele>133.25</ele>
      </trkpt>
      <trkpt lat="46.045968" lon="12.524069">
        <ele>131.75</ele>
      </trkpt>
      <trkpt lat="46.045878" lon="12.523677">
        <ele>129.75</ele>
      </trkpt>
      <trkpt lat="46.045739" lon="12.523513">
        <ele>128.75</ele>
      </trkpt>
      <trkpt lat="46.045725" lon="12.523363">
        <ele>128.25</ele>
      </trkpt>
      <trkpt lat="46.045725" lon="12.523151">
        <ele>128.0</ele>
      </trkpt>
      <trkpt lat="46.045712" lon="12.522895">
        <ele>128.0</ele>
      </trkpt>
      <trkpt lat="46.045719" lon="12.52287">
        <ele>128.0</ele>
      </trkpt>
      <trkpt lat="46.045725" lon="12.522748">
        <ele>128.0</ele>
      </trkpt>
      <trkpt lat="46.045694" lon="12.522707">
        <ele>127.75</ele>
      </trkpt>
      <trkpt lat="46.04564" lon="12.522634">
        <ele>127.5</ele>
      </trkpt>
      <trkpt lat="46.045602" lon="12.522609">
        <ele>127.0</ele>
      </trkpt>
      <trkpt lat="46.045493" lon="12.522576">
        <ele>126.25</ele>
      </trkpt>
      <trkpt lat="46.045374" lon="12.5224">
        <ele>125.0</ele>
      </trkpt>
      <trkpt lat="46.04527" lon="12.52232">
        <ele>124.25</ele>
      </trkpt>
      <trkpt lat="46.045179" lon="12.522075">
        <ele>123.25</ele>
      </trkpt>
      <trkpt lat="46.045088" lon="12.521922">
        <ele>122.25</ele>
      </trkpt>
      <trkpt lat="46.045032" lon="12.521736">
        <ele>121.25</ele>
      </trkpt>
      <trkpt lat="46.044916" lon="12.521544">
        <ele>121.25</ele>
      </trkpt>
      <trkpt lat="46.044862" lon="12.52148">
        <ele>121.5</ele>
      </trkpt>
      <trkpt lat="46.044762" lon="12.52153">
        <ele>121.25</ele>
      </trkpt>
      <trkpt lat="46.044756" lon="12.521563">
        <ele>121.25</ele>
      </trkpt>
      <trkpt lat="46.044717" lon="12.521599">
        <ele>121.25</ele>
      </trkpt>
      <trkpt lat="46.044692" lon="12.521599">
        <ele>121.25</ele>
      </trkpt>
      <trkpt lat="46.044665" lon="12.521556">
        <ele>121.25</ele>
      </trkpt>
      <trkpt lat="46.04464" lon="12.521516">
        <ele>121.25</ele>
      </trkpt>
      <trkpt lat="46.044575" lon="12.521371">
        <ele>121.25</ele>
      </trkpt>
      <trkpt lat="46.044468" lon="12.520974">
        <ele>120.25</ele>
      </trkpt>
      <trkpt lat="46.044266" lon="12.520559">
        <ele>118.75</ele>
      </trkpt>
      <trkpt lat="46.044119" lon="12.520362">
        <ele>117.75</ele>
      </trkpt>
      <trkpt lat="46.043955" lon="12.520326">
        <ele>117.5</ele>
      </trkpt>
      <trkpt lat="46.04383" lon="12.520223">
        <ele>117.0</ele>
      </trkpt>
      <trkpt lat="46.043804" lon="12.520037">
        <ele>116.75</ele>
      </trkpt>
      <trkpt lat="46.043621" lon="12.519745">
        <ele>114.75</ele>
      </trkpt>
      <trkpt lat="46.043528" lon="12.519528">
        <ele>113.0</ele>
      </trkpt>
      <trkpt lat="46.04338" lon="12.519097">
        <ele>109.25</ele>
      </trkpt>
      <trkpt lat="46.04336" lon="12.518894">
        <ele>108.5</ele>
      </trkpt>
      <trkpt lat="46.04333" lon="12.518735">
        <ele>108.0</ele>
      </trkpt>
      <trkpt lat="46.043222" lon="12.518265">
        <ele>108.25</ele>
      </trkpt>
      <trkpt lat="46.043319" lon="12.518259">
        <ele>107.0</ele>
      </trkpt>
      <trkpt lat="46.043341" lon="12.518162">
        <ele>106.5</ele>
      </trkpt>
      <trkpt lat="46.04333" lon="12.517937">
        <ele>106.0</ele>
      </trkpt>
      <trkpt lat="46.043274" lon="12.517573">
        <ele>105.5</ele>
      </trkpt>
      <trkpt lat="46.043235" lon="12.517436">
        <ele>105.5</ele>
      </trkpt>
      <trkpt lat="46.043181" lon="12.517336">
        <ele>105.75</ele>
      </trkpt>
      <trkpt lat="46.043133" lon="12.517155">
        <ele>106.0</ele>
      </trkpt>
      <trkpt lat="46.043079" lon="12.517019">
        <ele>105.75</ele>
      </trkpt>
      <trkpt lat="46.042982" lon="12.516916">
        <ele>105.5</ele>
      </trkpt>
      <trkpt lat="46.042882" lon="12.516691">
        <ele>104.25</ele>
      </trkpt>
      <trkpt lat="46.042837" lon="12.516532">
        <ele>103.75</ele>
      </trkpt>
      <trkpt lat="46.042779" lon="12.516438">
        <ele>103.25</ele>
      </trkpt>
      <trkpt lat="46.042658" lon="12.516193">
        <ele>101.5</ele>
      </trkpt>
      <trkpt lat="46.042596" lon="12.516001">
        <ele>100.0</ele>
      </trkpt>
      <trkpt lat="46.042557" lon="12.515793">
        <ele>98.75</ele>
      </trkpt>
      <trkpt lat="46.042567" lon="12.515631">
        <ele>99.0</ele>
      </trkpt>
      <trkpt lat="46.04248" lon="12.515294">
        <ele>98.0</ele>
      </trkpt>
      <trkpt lat="46.042443" lon="12.515123">
        <ele>98.0</ele>
      </trkpt>
      <trkpt lat="46.042407" lon="12.515016">
        <ele>97.75</ele>
      </trkpt>
      <trkpt lat="46.042308" lon="12.514834">
        <ele>97.75</ele>
      </trkpt>
      <trkpt lat="46.042268" lon="12.514725">
        <ele>97.75</ele>
      </trkpt>
      <trkpt lat="46.042259" lon="12.514731">
        <ele>97.75</ele>
      </trkpt>
      <trkpt lat="46.042217" lon="12.514712">
        <ele>97.5</ele>
      </trkpt>
      <trkpt lat="46.042099" lon="12.514546">
        <ele>96.75</ele>
      </trkpt>
      <trkpt lat="46.042072" lon="12.514506">
        <ele>96.5</ele>
      </trkpt>
      <trkpt lat="46.042037" lon="12.514451">
        <ele>96.0</ele>
      </trkpt>
      <trkpt lat="46.041855" lon="12.514232">
        <ele>93.5</ele>
      </trkpt>
      <trkpt lat="46.041759" lon="12.51415">
        <ele>92.0</ele>
      </trkpt>
      <trkpt lat="46.041696" lon="12.514125">
        <ele>91.25</ele>
      </trkpt>
      <trkpt lat="46.041667" lon="12.514041">
        <ele>90.75</ele>
      </trkpt>
      <trkpt lat="46.041631" lon="12.513804">
        <ele>90.75</ele>
      </trkpt>
      <trkpt lat="46.041602" lon="12.513723">
        <ele>91.0</ele>
      </trkpt>
      <trkpt lat="46.041587" lon="12.513603">
        <ele>90.75</ele>
      </trkpt>
      <trkpt lat="46.041609" lon="12.513579">
        <ele>90.5</ele>
      </trkpt>
      <trkpt lat="46.041608" lon="12.513544">
        <ele>90.5</ele>
      </trkpt>
      <trkpt lat="46.041586" lon="12.513447">
        <ele>90.5</ele>
      </trkpt>
      <trkpt lat="46.041577" lon="12.513405">
        <ele>90.25</ele>
      </trkpt>
      <trkpt lat="46.041449" lon="12.513393">
        <ele>90.75</ele>
      </trkpt>
      <trkpt lat="46.041281" lon="12.513323">
        <ele>90.75</ele>
      </trkpt>
      <trkpt lat="46.041224" lon="12.513237">
        <ele>90.75</ele>
      </trkpt>
      <trkpt lat="46.041222" lon="12.513084">
        <ele>90.5</ele>
      </trkpt>
      <trkpt lat="46.04114" lon="12.513031">
        <ele>90.25</ele>
      </trkpt>
      <trkpt lat="46.040861" lon="12.512784">
        <ele>88.0</ele>
      </trkpt>
      <trkpt lat="46.040729" lon="12.512653">
        <ele>89.0</ele>
      </trkpt>
      <trkpt lat="46.040546" lon="12.512389">
        <ele>91.0</ele>
      </trkpt>
      <trkpt lat="46.040411" lon="12.51215">
        <ele>91.5</ele>
      </trkpt>
      <trkpt lat="46.040343" lon="12.511975">
        <ele>90.75</ele>
      </trkpt>
      <trkpt lat="46.040316" lon="12.511952">
        <ele>90.75</ele>
      </trkpt>
      <trkpt lat="46.040171" lon="12.511643">
        <ele>88.0</ele>
      </trkpt>
      <trkpt lat="46.040042" lon="12.511346">
        <ele>86.25</ele>
      </trkpt>
      <trkpt lat="46.039891" lon="12.510954">
        <ele>82.5</ele>
      </trkpt>
      <trkpt lat="46.039728" lon="12.510571">
        <ele>81.75</ele>
      </trkpt>
      <trkpt lat="46.039687" lon="12.510488">
        <ele>81.75</ele>
      </trkpt>
      <trkpt lat="46.039625" lon="12.510399">
        <ele>81.75</ele>
      </trkpt>
      <trkpt lat="46.039518" lon="12.510296">
        <ele>81.75</ele>
      </trkpt>
      <trkpt lat="46.039343" lon="12.510213">
        <ele>81.25</ele>
      </trkpt>
      <trkpt lat="46.039202" lon="12.510197">
        <ele>80.75</ele>
      </trkpt>
      <trkpt lat="46.038924" lon="12.510193">
        <ele>79.25</ele>
      </trkpt>
      <trkpt lat="46.038779" lon="12.510196">
        <ele>78.5</ele>
      </trkpt>
      <trkpt lat="46.038486" lon="12.510231">
        <ele>77.0</ele>
      </trkpt>
      <trkpt lat="46.038205" lon="12.510282">
        <ele>76.75</ele>
      </trkpt>
      <trkpt lat="46.038066" lon="12.510281">
        <ele>76.75</ele>
      </trkpt>
      <trkpt lat="46.037871" lon="12.510202">
        <ele>76.25</ele>
      </trkpt>
      <trkpt lat="46.037782" lon="12.510117">
        <ele>75.75</ele>
      </trkpt>
      <trkpt lat="46.037696" lon="12.510068">
        <ele>75.5</ele>
      </trkpt>
      <trkpt lat="46.037495" lon="12.509994">
        <ele>75.0</ele>
      </trkpt>
      <trkpt lat="46.037311" lon="12.509922">
        <ele>76.25</ele>
      </trkpt>
      <trkpt lat="46.037239" lon="12.509861">
        <ele>76.75</ele>
      </trkpt>
      <trkpt lat="46.037165" lon="12.509573">
        <ele>76.25</ele>
      </trkpt>
      <trkpt lat="46.037165" lon="12.509426">
        <ele>75.5</ele>
      </trkpt>
      <trkpt lat="46.03714" lon="12.509234">
        <ele>74.75</ele>
      </trkpt>
      <trkpt lat="46.037091" lon="12.509013">
        <ele>74.25</ele>
      </trkpt>
      <trkpt lat="46.037061" lon="12.50892">
        <ele>74.0</ele>
      </trkpt>
      <trkpt lat="46.037058" lon="12.508825">
        <ele>73.5</ele>
      </trkpt>
      <trkpt lat="46.037029" lon="12.508782">
        <ele>73.5</ele>
      </trkpt>
      <trkpt lat="46.036929" lon="12.508717">
        <ele>73.5</ele>
      </trkpt>
      <trkpt lat="46.036865" lon="12.508491">
        <ele>72.0</ele>
      </trkpt>
      <trkpt lat="46.036774" lon="12.508414">
        <ele>71.5</ele>
      </trkpt>
      <trkpt lat="46.03669" lon="12.508445">
        <ele>71.75</ele>
      </trkpt>
      <trkpt lat="46.036663" lon="12.508348">
        <ele>71.0</ele>
      </trkpt>
      <trkpt lat="46.036512" lon="12.508034">
        <ele>69.25</ele>
      </trkpt>
      <trkpt lat="46.036462" lon="12.507831">
        <ele>68.0</ele>
      </trkpt>
      <trkpt lat="46.03636" lon="12.507716">
        <ele>67.25</ele>
      </trkpt>
      <trkpt lat="46.036309" lon="12.507631">
        <ele>66.5</ele>
      </trkpt>
      <trkpt lat="46.036253" lon="12.507687">
        <ele>67.0</ele>
      </trkpt>
      <trkpt lat="46.036155" lon="12.507746">
        <ele>67.5</ele>
      </trkpt>
      <trkpt lat="46.036034" lon="12.507713">
        <ele>67.25</ele>
      </trkpt>
      <trkpt lat="46.035986" lon="12.507685">
        <ele>67.0</ele>
      </trkpt>
      <trkpt lat="46.035853" lon="12.507465">
        <ele>64.75</ele>
      </trkpt>
      <trkpt lat="46.035795" lon="12.507202">
        <ele>64.75</ele>
      </trkpt>
      <trkpt lat="46.035802" lon="12.507138">
        <ele>64.5</ele>
      </trkpt>
      <trkpt lat="46.035832" lon="12.507095">
        <ele>64.5</ele>
      </trkpt>
      <trkpt lat="46.035865" lon="12.507025">
        <ele>64.5</ele>
      </trkpt>
      <trkpt lat="46.035877" lon="12.506934">
        <ele>64.25</ele>
      </trkpt>
      <trkpt lat="46.035868" lon="12.506882">
        <ele>64.25</ele>
      </trkpt>
      <trkpt lat="46.035831" lon="12.506938">
        <ele>64.25</ele>
      </trkpt>
      <trkpt lat="46.03567" lon="12.507007">
        <ele>64.75</ele>
      </trkpt>
      <trkpt lat="46.035599" lon="12.507059">
        <ele>65.25</ele>
      </trkpt>
      <trkpt lat="46.03555" lon="12.507126">
        <ele>65.75</ele>
      </trkpt>
      <trkpt lat="46.035509" lon="12.507219">
        <ele>66.25</ele>
      </trkpt>
      <trkpt lat="46.035501" lon="12.507273">
        <ele>66.75</ele>
      </trkpt>
      <trkpt lat="46.035461" lon="12.507331">
        <ele>67.25</ele>
      </trkpt>
      <trkpt lat="46.035367" lon="12.507319">
        <ele>67.75</ele>
      </trkpt>
      <trkpt lat="46.035262" lon="12.507276">
        <ele>68.0</ele>
      </trkpt>
      <trkpt lat="46.035065" lon="12.507171">
        <ele>68.5</ele>
      </trkpt>
      <trkpt lat="46.034955" lon="12.507083">
        <ele>69.0</ele>
      </trkpt>
      <trkpt lat="46.034827" lon="12.506954">
        <ele>70.5</ele>
      </trkpt>
      <trkpt lat="46.034746" lon="12.506852">
        <ele>70.75</ele>
      </trkpt>
      <trkpt lat="46.034682" lon="12.506738">
        <ele>70.5</ele>
      </trkpt>
      <trkpt lat="46.034642" lon="12.506618">
        <ele>69.75</ele>
      </trkpt>
      <trkpt lat="46.034541" lon="12.506384">
        <ele>68.75</ele>
      </trkpt>
      <trkpt lat="46.034469" lon="12.50628">
        <ele>68.5</ele>
      </trkpt>
      <trkpt lat="46.034409" lon="12.506159">
        <ele>67.5</ele>
      </trkpt>
      <trkpt lat="46.034335" lon="12.506038">
        <ele>66.75</ele>
      </trkpt>
      <trkpt lat="46.034212" lon="12.505861">
        <ele>65.0</ele>
      </trkpt>
      <trkpt lat="46.034011" lon="12.505599">
        <ele>64.5</ele>
      </trkpt>
      <trkpt lat="46.033793" lon="12.505415">
        <ele>64.5</ele>
      </trkpt>
      <trkpt lat="46.033689" lon="12.505307">
        <ele>64.25</ele>
      </trkpt>
      <trkpt lat="46.033558" lon="12.505208">
        <ele>64.0</ele>
      </trkpt>
      <trkpt lat="46.0335" lon="12.505138">
        <ele>63.75</ele>
      </trkpt>
      <trkpt lat="46.033457" lon="12.50505">
        <ele>63.0</ele>
      </trkpt>
      <trkpt lat="46.033439" lon="12.50498">
        <ele>62.25</ele>
      </trkpt>
      <trkpt lat="46.033433" lon="12.504868">
        <ele>61.25</ele>
      </trkpt>
      <trkpt lat="46.033466" lon="12.504841">
        <ele>60.75</ele>
      </trkpt>
      <trkpt lat="46.033505" lon="12.504834">
        <ele>60.75</ele>
      </trkpt>
      <trkpt lat="46.033514" lon="12.504825">
        <ele>60.5</ele>
      </trkpt>
      <trkpt lat="46.033525" lon="12.504803">
        <ele>60.25</ele>
      </trkpt>
      <trkpt lat="46.033475" lon="12.50473">
        <ele>59.75</ele>
      </trkpt>
      <trkpt lat="46.033453" lon="12.504663">
        <ele>59.0</ele>
      </trkpt>
      <trkpt lat="46.033412" lon="12.50457">
        <ele>58.25</ele>
      </trkpt>
      <trkpt lat="46.033282" lon="12.504375">
        <ele>57.25</ele>
      </trkpt>
      <trkpt lat="46.033043" lon="12.503959">
        <ele>56.0</ele>
      </trkpt>
      <trkpt lat="46.033073" lon="12.503921">
        <ele>55.25</ele>
      </trkpt>
      <trkpt lat="46.033103" lon="12.503791">
        <ele>53.25</ele>
      </trkpt>
      <trkpt lat="46.033118" lon="12.503614">
        <ele>51.0</ele>
      </trkpt>
      <trkpt lat="46.033123" lon="12.503474">
        <ele>49.5</ele>
      </trkpt>
      <trkpt lat="46.033109" lon="12.503444">
        <ele>49.25</ele>
      </trkpt>
      <trkpt lat="46.032851" lon="12.503552">
        <ele>51.5</ele>
      </trkpt>
      <trkpt lat="46.032784" lon="12.503567">
        <ele>52.25</ele>
      </trkpt>
      <trkpt lat="46.0327" lon="12.503556">
        <ele>52.25</ele>
      </trkpt>
      <trkpt lat="46.032623" lon="12.503516">
        <ele>51.75</ele>
      </trkpt>
      <trkpt lat="46.032553" lon="12.503441">
        <ele>50.25</ele>
      </trkpt>
      <trkpt lat="46.032355" lon="12.503164">
        <ele>49.75</ele>
      </trkpt>
      <trkpt lat="46.032221" lon="12.502935">
        <ele>50.5</ele>
      </trkpt>
      <trkpt lat="46.032101" lon="12.502776">
        <ele>50.25</ele>
      </trkpt>
      <trkpt lat="46.031881" lon="12.502508">
        <ele>48.5</ele>
      </trkpt>
      <trkpt lat="46.031479" lon="12.502175">
        <ele>50.0</ele>
      </trkpt>
      <trkpt lat="46.031084" lon="12.501901">
        <ele>49.5</ele>
      </trkpt>
      <trkpt lat="46.030861" lon="12.501789">
        <ele>47.75</ele>
      </trkpt>
      <trkpt lat="46.030791" lon="12.501794">
        <ele>47.5</ele>
      </trkpt>
      <trkpt lat="46.03072" lon="12.501611">
        <ele>46.25</ele>
      </trkpt>
    </trkseg>
    <trkseg>
      <trkpt lat="46.030715" lon="12.501603">
        <ele>46.25</ele>
      </trkpt>
      <trkpt lat="46.030667" lon="12.501532">
        <ele>46.75</ele>
      </trkpt>
      <trkpt lat="46.030679" lon="12.501488">
        <ele>47.5</ele>
      </trkpt>
      <trkpt lat="46.030689" lon="12.501364">
        <ele>48.75</ele>
      </trkpt>
      <trkpt lat="46.030667" lon="12.501182">
        <ele>50.5</ele>
      </trkpt>
      <trkpt lat="46.030628" lon="12.501045">
        <ele>51.5</ele>
      </trkpt>
      <trkpt lat="46.030658" lon="12.501019">
        <ele>52.0</ele>
      </trkpt>
      <trkpt lat="46.030684" lon="12.500983">
        <ele>52.75</ele>
      </trkpt>
      <trkpt lat="46.030988" lon="12.500928">
        <ele>59.5</ele>
      </trkpt>
      <trkpt lat="46.031137" lon="12.500936">
        <ele>63.0</ele>
      </trkpt>
      <trkpt lat="46.031248" lon="12.500985">
        <ele>64.75</ele>
      </trkpt>
      <trkpt lat="46.031453" lon="12.501037">
        <ele>68.0</ele>
      </trkpt>
      <trkpt lat="46.031564" lon="12.5011">
        <ele>68.5</ele>
      </trkpt>
      <trkpt lat="46.031655" lon="12.501181">
        <ele>67.5</ele>
      </trkpt>
      <trkpt lat="46.031743" lon="12.501289">
        <ele>64.0</ele>
      </trkpt>
      <trkpt lat="46.032033" lon="12.501609">
        <ele>56.25</ele>
      </trkpt>
      <trkpt lat="46.032081" lon="12.501644">
        <ele>55.75</ele>
      </trkpt>
      <trkpt lat="46.032147" lon="12.501663">
        <ele>56.25</ele>
      </trkpt>
      <trkpt lat="46.032198" lon="12.50159">
        <ele>58.0</ele>
      </trkpt>
      <trkpt lat="46.032233" lon="12.50152">
        <ele>59.75</ele>
      </trkpt>
      <trkpt lat="46.032264" lon="12.501389">
        <ele>62.25</ele>
      </trkpt>
      <trkpt lat="46.032275" lon="12.501253">
        <ele>64.5</ele>
      </trkpt>
      <trkpt lat="46.032279" lon="12.500968">
        <ele>69.5</ele>
      </trkpt>
      <trkpt lat="46.032247" lon="12.500726">
        <ele>73.0</ele>
      </trkpt>
      <trkpt lat="46.032139" lon="12.500197">
        <ele>79.25</ele>
      </trkpt>
      <trkpt lat="46.032055" lon="12.499968">
        <ele>83.75</ele>
      </trkpt>
      <trkpt lat="46.031844" lon="12.499443">
        <ele>87.75</ele>
      </trkpt>
      <trkpt lat="46.031792" lon="12.49924">
        <ele>88.5</ele>
      </trkpt>
      <trkpt lat="46.031734" lon="12.499088">
        <ele>89.25</ele>
      </trkpt>
      <trkpt lat="46.031581" lon="12.498747">
        <ele>84.5</ele>
      </trkpt>
      <trkpt lat="46.031468" lon="12.498577">
        <ele>80.0</ele>
      </trkpt>
      <trkpt lat="46.031445" lon="12.498504">
        <ele>78.75</ele>
      </trkpt>
      <trkpt lat="46.031446" lon="12.498469">
        <ele>78.25</ele>
      </trkpt>
      <trkpt lat="46.031483" lon="12.498462">
        <ele>78.75</ele>
      </trkpt>
      <trkpt lat="46.031637" lon="12.498534">
        <ele>82.5</ele>
      </trkpt>
      <trkpt lat="46.031693" lon="12.498543">
        <ele>82.5</ele>
      </trkpt>
      <trkpt lat="46.031765" lon="12.498543">
        <ele>80.75</ele>
      </trkpt>
      <trkpt lat="46.031788" lon="12.498504">
        <ele>79.75</ele>
      </trkpt>
      <trkpt lat="46.031798" lon="12.498454">
        <ele>78.75</ele>
      </trkpt>
      <trkpt lat="46.031779" lon="12.498395">
        <ele>78.5</ele>
      </trkpt>
      <trkpt lat="46.031675" lon="12.498245">
        <ele>77.25</ele>
      </trkpt>
      <trkpt lat="46.031658" lon="12.498189">
        <ele>75.75</ele>
      </trkpt>
      <trkpt lat="46.031659" lon="12.498123">
        <ele>74.0</ele>
      </trkpt>
      <trkpt lat="46.031671" lon="12.498058">
        <ele>72.25</ele>
      </trkpt>
      <trkpt lat="46.031761" lon="12.49791">
        <ele>67.25</ele>
      </trkpt>
      <trkpt lat="46.031967" lon="12.497598">
        <ele>58.75</ele>
      </trkpt>
      <trkpt lat="46.032029" lon="12.497484">
        <ele>56.75</ele>
      </trkpt>
      <trkpt lat="46.03206" lon="12.497373">
        <ele>56.0</ele>
      </trkpt>
      <trkpt lat="46.03207" lon="12.497252">
        <ele>55.5</ele>
      </trkpt>
      <trkpt lat="46.032069" lon="12.497158">
        <ele>54.75</ele>
      </trkpt>
      <trkpt lat="46.032083" lon="12.497035">
        <ele>54.0</ele>
      </trkpt>
      <trkpt lat="46.032124" lon="12.496902">
        <ele>53.25</ele>
      </trkpt>
      <trkpt lat="46.032152" lon="12.496836">
        <ele>53.0</ele>
      </trkpt>
      <trkpt lat="46.032196" lon="12.49674">
        <ele>52.5</ele>
      </trkpt>
      <trkpt lat="46.032224" lon="12.496657">
        <ele>52.25</ele>
      </trkpt>
      <trkpt lat="46.032405" lon="12.496643">
        <ele>52.5</ele>
      </trkpt>
      <trkpt lat="46.032577" lon="12.496615">
        <ele>52.75</ele>
      </trkpt>
      <trkpt lat="46.032754" lon="12.496538">
        <ele>52.75</ele>
      </trkpt>
      <trkpt lat="46.033158" lon="12.496346">
        <ele>52.5</ele>
      </trkpt>
      <trkpt lat="46.033269" lon="12.496289">
        <ele>52.5</ele>
      </trkpt>
      <trkpt lat="46.033465" lon="12.496137">
        <ele>52.0</ele>
      </trkpt>
      <trkpt lat="46.033564" lon="12.496046">
        <ele>51.75</ele>
      </trkpt>
      <trkpt lat="46.033665" lon="12.495973">
        <ele>51.5</ele>
      </trkpt>
      <trkpt lat="46.033871" lon="12.495852">
        <ele>51.0</ele>
      </trkpt>
      <trkpt lat="46.034072" lon="12.495791">
        <ele>51.0</ele>
      </trkpt>
      <trkpt lat="46.034181" lon="12.49572">
        <ele>51.25</ele>
      </trkpt>
      <trkpt lat="46.034289" lon="12.495634">
        <ele>51.75</ele>
      </trkpt>
      <trkpt lat="46.034442" lon="12.49543">
        <ele>52.5</ele>
      </trkpt>
      <trkpt lat="46.034176" lon="12.494978">
        <ele>54.0</ele>
      </trkpt>
      <trkpt lat="46.033908" lon="12.494532">
        <ele>53.75</ele>
      </trkpt>
      <trkpt lat="46.033821" lon="12.494093">
        <ele>53.75</ele>
      </trkpt>
      <trkpt lat="46.033819" lon="12.49392">
        <ele>54.0</ele>
      </trkpt>
      <trkpt lat="46.034103" lon="12.493581">
        <ele>55.25</ele>
      </trkpt>
      <trkpt lat="46.034046" lon="12.493418">
        <ele>55.25</ele>
      </trkpt>
      <trkpt lat="46.034011" lon="12.49323">
        <ele>55.75</ele>
      </trkpt>
      <trkpt lat="46.033901" lon="12.492805">
        <ele>57.75</ele>
      </trkpt>
      <trkpt lat="46.033764" lon="12.49261">
        <ele>58.25</ele>
      </trkpt>
      <trkpt lat="46.033687" lon="12.492581">
        <ele>58.25</ele>
      </trkpt>
      <trkpt lat="46.033619" lon="12.492516">
        <ele>58.5</ele>
      </trkpt>
      <trkpt lat="46.033519" lon="12.492387">
        <ele>59.0</ele>
      </trkpt>
      <trkpt lat="46.033455" lon="12.492227">
        <ele>59.5</ele>
      </trkpt>
      <trkpt lat="46.03351" lon="12.49212">
        <ele>60.25</ele>
      </trkpt>
      <trkpt lat="46.033578" lon="12.491991">
        <ele>61.0</ele>
      </trkpt>
      <trkpt lat="46.033584" lon="12.491961">
        <ele>61.25</ele>
      </trkpt>
      <trkpt lat="46.03358" lon="12.491933">
        <ele>61.5</ele>
      </trkpt>
      <trkpt lat="46.033577" lon="12.491904">
        <ele>61.5</ele>
      </trkpt>
      <trkpt lat="46.033577" lon="12.491879">
        <ele>61.75</ele>
      </trkpt>
      <trkpt lat="46.033668" lon="12.491684">
        <ele>63.0</ele>
      </trkpt>
      <trkpt lat="46.033699" lon="12.491672">
        <ele>63.25</ele>
      </trkpt>
      <trkpt lat="46.033726" lon="12.49164">
        <ele>63.5</ele>
      </trkpt>
      <trkpt lat="46.033969" lon="12.491189">
        <ele>66.25</ele>
      </trkpt>
      <trkpt lat="46.034015" lon="12.491046">
        <ele>67.25</ele>
      </trkpt>
      <trkpt lat="46.034051" lon="12.490976">
        <ele>67.75</ele>
      </trkpt>
      <trkpt lat="46.034143" lon="12.49089">
        <ele>68.5</ele>
      </trkpt>
      <trkpt lat="46.034191" lon="12.490814">
        <ele>69.25</ele>
      </trkpt>
      <trkpt lat="46.034255" lon="12.49066">
        <ele>70.5</ele>
      </trkpt>
      <trkpt lat="46.034276" lon="12.490592">
        <ele>71.25</ele>
      </trkpt>
      <trkpt lat="46.034289" lon="12.490518">
        <ele>71.75</ele>
      </trkpt>
      <trkpt lat="46.03435" lon="12.490281">
        <ele>74.0</ele>
      </trkpt>
      <trkpt lat="46.034437" lon="12.490092">
        <ele>75.75</ele>
      </trkpt>
      <trkpt lat="46.034495" lon="12.489833">
        <ele>77.75</ele>
      </trkpt>
      <trkpt lat="46.034512" lon="12.489645">
        <ele>78.75</ele>
      </trkpt>
      <trkpt lat="46.034552" lon="12.489491">
        <ele>80.0</ele>
      </trkpt>
      <trkpt lat="46.034569" lon="12.489395">
        <ele>80.5</ele>
      </trkpt>
      <trkpt lat="46.034587" lon="12.489361">
        <ele>80.75</ele>
      </trkpt>
      <trkpt lat="46.034513" lon="12.48925">
        <ele>81.0</ele>
      </trkpt>
      <trkpt lat="46.034766" lon="12.488822">
        <ele>86.0</ele>
      </trkpt>
      <trkpt lat="46.035169" lon="12.488178">
        <ele>94.5</ele>
      </trkpt>
      <trkpt lat="46.035454" lon="12.487787">
        <ele>100.25</ele>
      </trkpt>
      <trkpt lat="46.035683" lon="12.487539">
        <ele>105.0</ele>
      </trkpt>
      <trkpt lat="46.035869" lon="12.487292">
        <ele>109.25</ele>
      </trkpt>
      <trkpt lat="46.036014" lon="12.487073">
        <ele>113.0</ele>
      </trkpt>
      <trkpt lat="46.035989" lon="12.486926">
        <ele>114.25</ele>
      </trkpt>
      <trkpt lat="46.036036" lon="12.486664">
        <ele>117.25</ele>
      </trkpt>
      <trkpt lat="46.036208" lon="12.486723">
        <ele>118.75</ele>
      </trkpt>
      <trkpt lat="46.036328" lon="12.486586">
        <ele>121.5</ele>
      </trkpt>
      <trkpt lat="46.036692" lon="12.485867">
        <ele>132.0</ele>
      </trkpt>
      <trkpt lat="46.03679" lon="12.485566">
        <ele>136.75</ele>
      </trkpt>
      <trkpt lat="46.036804" lon="12.485273">
        <ele>140.25</ele>
      </trkpt>
      <trkpt lat="46.036805" lon="12.484751">
        <ele>146.25</ele>
      </trkpt>
      <trkpt lat="46.037039" lon="12.483674">
        <ele>160.25</ele>
      </trkpt>
      <trkpt lat="46.037235" lon="12.482591">
        <ele>174.25</ele>
      </trkpt>
      <trkpt lat="46.037415" lon="12.482187">
        <ele>181.5</ele>
      </trkpt>
      <trkpt lat="46.037499" lon="12.48209">
        <ele>183.75</ele>
      </trkpt>
      <trkpt lat="46.037577" lon="12.481866">
        <ele>187.75</ele>
      </trkpt>
      <trkpt lat="46.037656" lon="12.481742">
        <ele>190.5</ele>
      </trkpt>
      <trkpt lat="46.037665" lon="12.48159">
        <ele>192.5</ele>
      </trkpt>
      <trkpt lat="46.037661" lon="12.481508">
        <ele>193.75</ele>
      </trkpt>
      <trkpt lat="46.037646" lon="12.481455">
        <ele>194.25</ele>
      </trkpt>
      <trkpt lat="46.037614" lon="12.481423">
        <ele>194.25</ele>
      </trkpt>
      <trkpt lat="46.037616" lon="12.481338">
        <ele>195.5</ele>
      </trkpt>
      <trkpt lat="46.037607" lon="12.481275">
        <ele>196.25</ele>
      </trkpt>
      <trkpt lat="46.037577" lon="12.481192">
        <ele>197.0</ele>
      </trkpt>
      <trkpt lat="46.037556" lon="12.481093">
        <ele>198.0</ele>
      </trkpt>
      <trkpt lat="46.037537" lon="12.481008">
        <ele>199.0</ele>
      </trkpt>
      <trkpt lat="46.037502" lon="12.480906">
        <ele>199.75</ele>
      </trkpt>
      <trkpt lat="46.037462" lon="12.480841">
        <ele>200.5</ele>
      </trkpt>
      <trkpt lat="46.037397" lon="12.480689">
        <ele>202.75</ele>
      </trkpt>
      <trkpt lat="46.037344" lon="12.480526">
        <ele>205.25</ele>
      </trkpt>
      <trkpt lat="46.037307" lon="12.480437">
        <ele>206.75</ele>
      </trkpt>
      <trkpt lat="46.037282" lon="12.480347">
        <ele>208.0</ele>
      </trkpt>
      <trkpt lat="46.037276" lon="12.480217">
        <ele>210.5</ele>
      </trkpt>
      <trkpt lat="46.037301" lon="12.48003">
        <ele>214.5</ele>
      </trkpt>
      <trkpt lat="46.037296" lon="12.479968">
        <ele>215.5</ele>
      </trkpt>
      <trkpt lat="46.037092" lon="12.479704">
        <ele>218.0</ele>
      </trkpt>
      <trkpt lat="46.03699" lon="12.479538">
        <ele>220.0</ele>
      </trkpt>
      <trkpt lat="46.036945" lon="12.479566">
        <ele>219.0</ele>
      </trkpt>
      <trkpt lat="46.036888" lon="12.479494">
        <ele>219.75</ele>
      </trkpt>
      <trkpt lat="46.036838" lon="12.479363">
        <ele>221.5</ele>
      </trkpt>
      <trkpt lat="46.036815" lon="12.47922">
        <ele>223.5</ele>
      </trkpt>
      <trkpt lat="46.03677" lon="12.479067">
        <ele>225.5</ele>
      </trkpt>
      <trkpt lat="46.036807" lon="12.479092">
        <ele>225.5</ele>
      </trkpt>
      <trkpt lat="46.036846" lon="12.47909">
        <ele>226.0</ele>
      </trkpt>
      <trkpt lat="46.036954" lon="12.47897">
        <ele>229.25</ele>
      </trkpt>
      <trkpt lat="46.037023" lon="12.478966">
        <ele>230.25</ele>
      </trkpt>
      <trkpt lat="46.037132" lon="12.478981">
        <ele>231.25</ele>
      </trkpt>
      <trkpt lat="46.037337" lon="12.479101">
        <ele>231.25</ele>
      </trkpt>
      <trkpt lat="46.037471" lon="12.479057">
        <ele>233.75</ele>
      </trkpt>
      <trkpt lat="46.037569" lon="12.478992">
        <ele>236.25</ele>
      </trkpt>
      <trkpt lat="46.037625" lon="12.478875">
        <ele>239.25</ele>
      </trkpt>
      <trkpt lat="46.037679" lon="12.47873">
        <ele>242.5</ele>
      </trkpt>
      <trkpt lat="46.037747" lon="12.478625">
        <ele>245.5</ele>
      </trkpt>
      <trkpt lat="46.037837" lon="12.478599">
        <ele>247.25</ele>
      </trkpt>
      <trkpt lat="46.03775" lon="12.478505">
        <ele>248.0</ele>
      </trkpt>
      <trkpt lat="46.037594" lon="12.478381">
        <ele>248.25</ele>
      </trkpt>
      <trkpt lat="46.037666" lon="12.478097">
        <ele>253.75</ele>
      </trkpt>
      <trkpt lat="46.037707" lon="12.477959">
        <ele>256.5</ele>
      </trkpt>
      <trkpt lat="46.037685" lon="12.477881">
        <ele>257.25</ele>
      </trkpt>
      <trkpt lat="46.03781" lon="12.477763">
        <ele>261.5</ele>
      </trkpt>
      <trkpt lat="46.037827" lon="12.477562">
        <ele>265.25</ele>
      </trkpt>
      <trkpt lat="46.037807" lon="12.477392">
        <ele>267.25</ele>
      </trkpt>
      <trkpt lat="46.037852" lon="12.477123">
        <ele>272.0</ele>
      </trkpt>
      <trkpt lat="46.037957" lon="12.476886">
        <ele>277.75</ele>
      </trkpt>
      <trkpt lat="46.037981" lon="12.476791">
        <ele>279.75</ele>
      </trkpt>
      <trkpt lat="46.03796" lon="12.476659">
        <ele>281.0</ele>
      </trkpt>
      <trkpt lat="46.038058" lon="12.476615">
        <ele>284.25</ele>
      </trkpt>
      <trkpt lat="46.038157" lon="12.476449">
        <ele>289.0</ele>
      </trkpt>
      <trkpt lat="46.038227" lon="12.476349">
        <ele>292.0</ele>
      </trkpt>
      <trkpt lat="46.038248" lon="12.476256">
        <ele>293.75</ele>
      </trkpt>
      <trkpt lat="46.038313" lon="12.476097">
        <ele>297.25</ele>
      </trkpt>
      <trkpt lat="46.038426" lon="12.475972">
        <ele>301.5</ele>
      </trkpt>
      <trkpt lat="46.038539" lon="12.475897">
        <ele>305.25</ele>
      </trkpt>
      <trkpt lat="46.038597" lon="12.475719">
        <ele>309.25</ele>
      </trkpt>
      <trkpt lat="46.03869" lon="12.475616">
        <ele>313.25</ele>
      </trkpt>
      <trkpt lat="46.038822" lon="12.475318">
        <ele>320.75</ele>
      </trkpt>
      <trkpt lat="46.038886" lon="12.475191">
        <ele>324.0</ele>
      </trkpt>
      <trkpt lat="46.038972" lon="12.475158">
        <ele>326.5</ele>
      </trkpt>
      <trkpt lat="46.039065" lon="12.47505">
        <ele>330.0</ele>
      </trkpt>
      <trkpt lat="46.03918" lon="12.47505">
        <ele>332.5</ele>
      </trkpt>
      <trkpt lat="46.03939" lon="12.47513">
        <ele>334.25</ele>
      </trkpt>
      <trkpt lat="46.039528" lon="12.475112">
        <ele>336.5</ele>
      </trkpt>
      <trkpt lat="46.039701" lon="12.475255">
        <ele>336.75</ele>
      </trkpt>
      <trkpt lat="46.040048" lon="12.475479">
        <ele>338.0</ele>
      </trkpt>
      <trkpt lat="46.040104" lon="12.475292">
        <ele>342.0</ele>
      </trkpt>
      <trkpt lat="46.04013" lon="12.475173">
        <ele>344.5</ele>
      </trkpt>
      <trkpt lat="46.040036" lon="12.474976">
        <ele>346.0</ele>
      </trkpt>
      <trkpt lat="46.039976" lon="12.474778">
        <ele>348.25</ele>
      </trkpt>
      <trkpt lat="46.039979" lon="12.474685">
        <ele>349.75</ele>
      </trkpt>
      <trkpt lat="46.039958" lon="12.474566">
        <ele>351.5</ele>
      </trkpt>
      <trkpt lat="46.039905" lon="12.474436">
        <ele>353.0</ele>
      </trkpt>
      <trkpt lat="46.039833" lon="12.474328">
        <ele>353.5</ele>
      </trkpt>
      <trkpt lat="46.039903" lon="12.474236">
        <ele>356.25</ele>
      </trkpt>
      <trkpt lat="46.039965" lon="12.474168">
        <ele>358.25</ele>
      </trkpt>
      <trkpt lat="46.040057" lon="12.474025">
        <ele>363.0</ele>
      </trkpt>
      <trkpt lat="46.040089" lon="12.473989">
        <ele>364.5</ele>
      </trkpt>
      <trkpt lat="46.040199" lon="12.473898">
        <ele>368.5</ele>
      </trkpt>
      <trkpt lat="46.040262" lon="12.473804">
        <ele>371.75</ele>
      </trkpt>
      <trkpt lat="46.040297" lon="12.473692">
        <ele>374.5</ele>
      </trkpt>
      <trkpt lat="46.040327" lon="12.473552">
        <ele>378.0</ele>
      </trkpt>
      <trkpt lat="46.040322" lon="12.473487">
        <ele>379.25</ele>
      </trkpt>
      <trkpt lat="46.040298" lon="12.473454">
        <ele>379.5</ele>
      </trkpt>
      <trkpt lat="46.040259" lon="12.473451">
        <ele>378.75</ele>
      </trkpt>
      <trkpt lat="46.040157" lon="12.473513">
        <ele>375.75</ele>
      </trkpt>
      <trkpt lat="46.040122" lon="12.473495">
        <ele>375.5</ele>
      </trkpt>
      <trkpt lat="46.040076" lon="12.473484">
        <ele>375.0</ele>
      </trkpt>
      <trkpt lat="46.039951" lon="12.473509">
        <ele>372.5</ele>
      </trkpt>
      <trkpt lat="46.039897" lon="12.473444">
        <ele>373.0</ele>
      </trkpt>
      <trkpt lat="46.039886" lon="12.473401">
        <ele>374.0</ele>
      </trkpt>
      <trkpt lat="46.039963" lon="12.473353">
        <ele>376.0</ele>
      </trkpt>
      <trkpt lat="46.039973" lon="12.473298">
        <ele>377.25</ele>
      </trkpt>
      <trkpt lat="46.03989" lon="12.473126">
        <ele>380.25</ele>
      </trkpt>
      <trkpt lat="46.039872" lon="12.472989">
        <ele>383.25</ele>
      </trkpt>
      <trkpt lat="46.039887" lon="12.472957">
        <ele>384.25</ele>
      </trkpt>
      <trkpt lat="46.040048" lon="12.472841">
        <ele>389.25</ele>
      </trkpt>
      <trkpt lat="46.040193" lon="12.472719">
        <ele>394.0</ele>
      </trkpt>
      <trkpt lat="46.0402" lon="12.472662">
        <ele>395.5</ele>
      </trkpt>
      <trkpt lat="46.040161" lon="12.47237">
        <ele>402.0</ele>
      </trkpt>
      <trkpt lat="46.040141" lon="12.47226">
        <ele>404.75</ele>
      </trkpt>
      <trkpt lat="46.04014" lon="12.47212">
        <ele>408.5</ele>
      </trkpt>
      <trkpt lat="46.040228" lon="12.472065">
        <ele>410.75</ele>
      </trkpt>
      <trkpt lat="46.040343" lon="12.471976">
        <ele>414.5</ele>
      </trkpt>
      <trkpt lat="46.040414" lon="12.471912">
        <ele>416.75</ele>
      </trkpt>
      <trkpt lat="46.040441" lon="12.471876">
        <ele>418.0</ele>
      </trkpt>
      <trkpt lat="46.040412" lon="12.471366">
        <ele>430.75</ele>
      </trkpt>
      <trkpt lat="46.04044" lon="12.471333">
        <ele>431.75</ele>
      </trkpt>
      <trkpt lat="46.04053" lon="12.471276">
        <ele>434.5</ele>
      </trkpt>
      <trkpt lat="46.04061" lon="12.47121">
        <ele>437.0</ele>
      </trkpt>
      <trkpt lat="46.040713" lon="12.471154">
        <ele>439.75</ele>
      </trkpt>
      <trkpt lat="46.040725" lon="12.471114">
        <ele>441.0</ele>
      </trkpt>
      <trkpt lat="46.040716" lon="12.471034">
        <ele>443.0</ele>
      </trkpt>
      <trkpt lat="46.04071" lon="12.470872">
        <ele>447.0</ele>
      </trkpt>
      <trkpt lat="46.040731" lon="12.470656">
        <ele>453.0</ele>
      </trkpt>
      <trkpt lat="46.040741" lon="12.470416">
        <ele>459.25</ele>
      </trkpt>
      <trkpt lat="46.040766" lon="12.470394">
        <ele>460.25</ele>
      </trkpt>
      <trkpt lat="46.040851" lon="12.470381">
        <ele>461.5</ele>
      </trkpt>
      <trkpt lat="46.04092" lon="12.470388">
        <ele>461.75</ele>
      </trkpt>
      <trkpt lat="46.040988" lon="12.47041">
        <ele>461.75</ele>
      </trkpt>
      <trkpt lat="46.041001" lon="12.470398">
        <ele>462.25</ele>
      </trkpt>
      <trkpt lat="46.041016" lon="12.470293">
        <ele>465.0</ele>
      </trkpt>
      <trkpt lat="46.041119" lon="12.470071">
        <ele>471.75</ele>
      </trkpt>
      <trkpt lat="46.041156" lon="12.469957">
        <ele>475.5</ele>
      </trkpt>
      <trkpt lat="46.041175" lon="12.469857">
        <ele>478.75</ele>
      </trkpt>
      <trkpt lat="46.041171" lon="12.469775">
        <ele>481.5</ele>
      </trkpt>
      <trkpt lat="46.041107" lon="12.469392">
        <ele>493.25</ele>
      </trkpt>
      <trkpt lat="46.041126" lon="12.46922">
        <ele>499.0</ele>
      </trkpt>
      <trkpt lat="46.041149" lon="12.469182">
        <ele>500.75</ele>
      </trkpt>
      <trkpt lat="46.041248" lon="12.469109">
        <ele>505.0</ele>
      </trkpt>
      <trkpt lat="46.041334" lon="12.469006">
        <ele>510.0</ele>
      </trkpt>
      <trkpt lat="46.041411" lon="12.468894">
        <ele>515.0</ele>
      </trkpt>
      <trkpt lat="46.041509" lon="12.468715">
        <ele>522.75</ele>
      </trkpt>
      <trkpt lat="46.04171" lon="12.468498">
        <ele>532.75</ele>
      </trkpt>
      <trkpt lat="46.041769" lon="12.46849">
        <ele>533.5</ele>
      </trkpt>
      <trkpt lat="46.041838" lon="12.468492">
        <ele>534.25</ele>
      </trkpt>
      <trkpt lat="46.041936" lon="12.46847">
        <ele>536.0</ele>
      </trkpt>
      <trkpt lat="46.04196" lon="12.468394">
        <ele>538.75</ele>
      </trkpt>
      <trkpt lat="46.041932" lon="12.468347">
        <ele>540.25</ele>
      </trkpt>
      <trkpt lat="46.04189" lon="12.468243">
        <ele>543.75</ele>
      </trkpt>
      <trkpt lat="46.041854" lon="12.468188">
        <ele>545.25</ele>
      </trkpt>
      <trkpt lat="46.041847" lon="12.468135">
        <ele>547.25</ele>
      </trkpt>
      <trkpt lat="46.041864" lon="12.46807">
        <ele>550.0</ele>
      </trkpt>
      <trkpt lat="46.041924" lon="12.467943">
        <ele>555.25</ele>
      </trkpt>
      <trkpt lat="46.041979" lon="12.467931">
        <ele>556.25</ele>
      </trkpt>
      <trkpt lat="46.041992" lon="12.467902">
        <ele>557.25</ele>
      </trkpt>
      <trkpt lat="46.04201" lon="12.467762">
        <ele>562.75</ele>
      </trkpt>
      <trkpt lat="46.042045" lon="12.467707">
        <ele>565.0</ele>
      </trkpt>
      <trkpt lat="46.042067" lon="12.467627">
        <ele>568.0</ele>
      </trkpt>
      <trkpt lat="46.042089" lon="12.467586">
        <ele>569.75</ele>
      </trkpt>
      <trkpt lat="46.042125" lon="12.467582">
        <ele>570.25</ele>
      </trkpt>
      <trkpt lat="46.042142" lon="12.467509">
        <ele>573.0</ele>
      </trkpt>
      <trkpt lat="46.042212" lon="12.467358">
        <ele>578.5</ele>
      </trkpt>
      <trkpt lat="46.042245" lon="12.46727">
        <ele>581.75</ele>
      </trkpt>
      <trkpt lat="46.042276" lon="12.467232">
        <ele>583.0</ele>
      </trkpt>
      <trkpt lat="46.042331" lon="12.467166">
        <ele>585.5</ele>
      </trkpt>
      <trkpt lat="46.042337" lon="12.467129">
        <ele>586.75</ele>
      </trkpt>
      <trkpt lat="46.042361" lon="12.467096">
        <ele>588.0</ele>
      </trkpt>
      <trkpt lat="46.042375" lon="12.467045">
        <ele>589.5</ele>
      </trkpt>
      <trkpt lat="46.042381" lon="12.466895">
        <ele>594.5</ele>
      </trkpt>
      <trkpt lat="46.042438" lon="12.466905">
        <ele>594.25</ele>
      </trkpt>
      <trkpt lat="46.042472" lon="12.466925">
        <ele>593.75</ele>
      </trkpt>
      <trkpt lat="46.042491" lon="12.467015">
        <ele>591.0</ele>
      </trkpt>
      <trkpt lat="46.042534" lon="12.467015">
        <ele>592.0</ele>
      </trkpt>
      <trkpt lat="46.042574" lon="12.466994">
        <ele>593.5</ele>
      </trkpt>
      <trkpt lat="46.042634" lon="12.466986">
        <ele>595.25</ele>
      </trkpt>
      <trkpt lat="46.042681" lon="12.467015">
        <ele>595.75</ele>
      </trkpt>
      <trkpt lat="46.042746" lon="12.466999">
        <ele>597.75</ele>
      </trkpt>
      <trkpt lat="46.04281" lon="12.46701">
        <ele>599.0</ele>
      </trkpt>
      <trkpt lat="46.042885" lon="12.467003">
        <ele>601.25</ele>
      </trkpt>
      <trkpt lat="46.042933" lon="12.466978">
        <ele>603.25</ele>
      </trkpt>
      <trkpt lat="46.042986" lon="12.466988">
        <ele>604.25</ele>
      </trkpt>
      <trkpt lat="46.043045" lon="12.46696">
        <ele>606.75</ele>
      </trkpt>
      <trkpt lat="46.043311" lon="12.466968">
        <ele>613.5</ele>
      </trkpt>
      <trkpt lat="46.04336" lon="12.467015">
        <ele>613.0</ele>
      </trkpt>
      <trkpt lat="46.043452" lon="12.46704">
        <ele>614.5</ele>
      </trkpt>
      <trkpt lat="46.043644" lon="12.467003">
        <ele>621.0</ele>
      </trkpt>
      <trkpt lat="46.043682" lon="12.467023">
        <ele>621.25</ele>
      </trkpt>
      <trkpt lat="46.0438" lon="12.467035">
        <ele>623.75</ele>
      </trkpt>
      <trkpt lat="46.043922" lon="12.467123">
        <ele>623.0</ele>
      </trkpt>
      <trkpt lat="46.044014" lon="12.467145">
        <ele>624.25</ele>
      </trkpt>
      <trkpt lat="46.044058" lon="12.467188">
        <ele>623.25</ele>
      </trkpt>
      <trkpt lat="46.04408" lon="12.467199">
        <ele>623.25</ele>
      </trkpt>
      <trkpt lat="46.044114" lon="12.46719">
        <ele>624.5</ele>
      </trkpt>
      <trkpt lat="46.044124" lon="12.46715">
        <ele>626.75</ele>
      </trkpt>
      <trkpt lat="46.044127" lon="12.467064">
        <ele>630.75</ele>
      </trkpt>
      <trkpt lat="46.044138" lon="12.467041">
        <ele>632.25</ele>
      </trkpt>
      <trkpt lat="46.044211" lon="12.467052">
        <ele>633.25</ele>
      </trkpt>
      <trkpt lat="46.044247" lon="12.467033">
        <ele>634.75</ele>
      </trkpt>
      <trkpt lat="46.044277" lon="12.467033">
        <ele>635.25</ele>
      </trkpt>
      <trkpt lat="46.044349" lon="12.466992">
        <ele>638.25</ele>
      </trkpt>
      <trkpt lat="46.04457" lon="12.466907">
        <ele>646.0</ele>
      </trkpt>
      <trkpt lat="46.044742" lon="12.466829">
        <ele>652.5</ele>
      </trkpt>
      <trkpt lat="46.044859" lon="12.46679">
        <ele>656.25</ele>
      </trkpt>
      <trkpt lat="46.044947" lon="12.466774">
        <ele>658.25</ele>
      </trkpt>
      <trkpt lat="46.044991" lon="12.466799">
        <ele>657.75</ele>
      </trkpt>
      <trkpt lat="46.045066" lon="12.46679">
        <ele>660.0</ele>
      </trkpt>
      <trkpt lat="46.045111" lon="12.466807">
        <ele>660.25</ele>
      </trkpt>
      <trkpt lat="46.045219" lon="12.466803">
        <ele>663.0</ele>
      </trkpt>
      <trkpt lat="46.045267" lon="12.466815">
        <ele>663.5</ele>
      </trkpt>
      <trkpt lat="46.045317" lon="12.466852">
        <ele>663.5</ele>
      </trkpt>
      <trkpt lat="46.045349" lon="12.466856">
        <ele>664.25</ele>
      </trkpt>
      <trkpt lat="46.045419" lon="12.466811">
        <ele>667.25</ele>
      </trkpt>
      <trkpt lat="46.045448" lon="12.466807">
        <ele>668.25</ele>
      </trkpt>
      <trkpt lat="46.045471" lon="12.466819">
        <ele>668.25</ele>
      </trkpt>
      <trkpt lat="46.045482" lon="12.466836">
        <ele>668.0</ele>
      </trkpt>
      <trkpt lat="46.045508" lon="12.466897">
        <ele>667.0</ele>
      </trkpt>
      <trkpt lat="46.045538" lon="12.466917">
        <ele>667.25</ele>
      </trkpt>
      <trkpt lat="46.045597" lon="12.466917">
        <ele>668.75</ele>
      </trkpt>
      <trkpt lat="46.045665" lon="12.466895">
        <ele>671.0</ele>
      </trkpt>
      <trkpt lat="46.045709" lon="12.466852">
        <ele>673.25</ele>
      </trkpt>
      <trkpt lat="46.045763" lon="12.466817">
        <ele>675.25</ele>
      </trkpt>
      <trkpt lat="46.045911" lon="12.466698">
        <ele>683.5</ele>
      </trkpt>
      <trkpt lat="46.046013" lon="12.466574">
        <ele>692.5</ele>
      </trkpt>
      <trkpt lat="46.046012" lon="12.466488">
        <ele>695.0</ele>
      </trkpt>
      <trkpt lat="46.045989" lon="12.466437">
        <ele>695.5</ele>
      </trkpt>
      <trkpt lat="46.045992" lon="12.466395">
        <ele>697.0</ele>
      </trkpt>
      <trkpt lat="46.046045" lon="12.466362">
        <ele>700.25</ele>
      </trkpt>
      <trkpt lat="46.046066" lon="12.466319">
        <ele>702.5</ele>
      </trkpt>
      <trkpt lat="46.046062" lon="12.466268">
        <ele>703.75</ele>
      </trkpt>
      <trkpt lat="46.046045" lon="12.466227">
        <ele>704.25</ele>
      </trkpt>
      <trkpt lat="46.046049" lon="12.466178">
        <ele>706.0</ele>
      </trkpt>
      <trkpt lat="46.046069" lon="12.466138">
        <ele>707.75</ele>
      </trkpt>
      <trkpt lat="46.046188" lon="12.466174">
        <ele>711.5</ele>
      </trkpt>
      <trkpt lat="46.04621" lon="12.466174">
        <ele>712.25</ele>
      </trkpt>
      <trkpt lat="46.046236" lon="12.466085">
        <ele>715.5</ele>
      </trkpt>
      <trkpt lat="46.046217" lon="12.466027">
        <ele>716.25</ele>
      </trkpt>
      <trkpt lat="46.046231" lon="12.466001">
        <ele>717.25</ele>
      </trkpt>
      <trkpt lat="46.046241" lon="12.465952">
        <ele>718.75</ele>
      </trkpt>
      <trkpt lat="46.046189" lon="12.465848">
        <ele>719.75</ele>
      </trkpt>
      <trkpt lat="46.046182" lon="12.465764">
        <ele>722.5</ele>
      </trkpt>
      <trkpt lat="46.046203" lon="12.465725">
        <ele>724.5</ele>
      </trkpt>
      <trkpt lat="46.046336" lon="12.465676">
        <ele>729.5</ele>
      </trkpt>
      <trkpt lat="46.046376" lon="12.465717">
        <ele>729.25</ele>
      </trkpt>
      <trkpt lat="46.046423" lon="12.465801">
        <ele>727.75</ele>
      </trkpt>
      <trkpt lat="46.046485" lon="12.465823">
        <ele>729.0</ele>
      </trkpt>
      <trkpt lat="46.04666" lon="12.465737">
        <ele>736.25</ele>
      </trkpt>
      <trkpt lat="46.046715" lon="12.465655">
        <ele>741.25</ele>
      </trkpt>
      <trkpt lat="46.046677" lon="12.465547">
        <ele>742.0</ele>
      </trkpt>
      <trkpt lat="46.046727" lon="12.465351">
        <ele>749.25</ele>
      </trkpt>
      <trkpt lat="46.046738" lon="12.465272">
        <ele>751.75</ele>
      </trkpt>
      <trkpt lat="46.046735" lon="12.465198">
        <ele>753.5</ele>
      </trkpt>
      <trkpt lat="46.046752" lon="12.465139">
        <ele>755.5</ele>
      </trkpt>
      <trkpt lat="46.046758" lon="12.465031">
        <ele>758.5</ele>
      </trkpt>
      <trkpt lat="46.046794" lon="12.464966">
        <ele>762.0</ele>
      </trkpt>
      <trkpt lat="46.046812" lon="12.464906">
        <ele>765.5</ele>
      </trkpt>
      <trkpt lat="46.04681" lon="12.464849">
        <ele>768.0</ele>
      </trkpt>
      <trkpt lat="46.046798" lon="12.464809">
        <ele>769.5</ele>
      </trkpt>
      <trkpt lat="46.046796" lon="12.464714">
        <ele>774.0</ele>
      </trkpt>
      <trkpt lat="46.046823" lon="12.464665">
        <ele>777.0</ele>
      </trkpt>
      <trkpt lat="46.046869" lon="12.464649">
        <ele>779.0</ele>
      </trkpt>
      <trkpt lat="46.046912" lon="12.464611">
        <ele>781.75</ele>
      </trkpt>
      <trkpt lat="46.047055" lon="12.464627">
        <ele>785.0</ele>
      </trkpt>
      <trkpt lat="46.047147" lon="12.464575">
        <ele>789.25</ele>
      </trkpt>
      <trkpt lat="46.047157" lon="12.464581">
        <ele>789.25</ele>
      </trkpt>
      <trkpt lat="46.047183" lon="12.464597">
        <ele>789.5</ele>
      </trkpt>
      <trkpt lat="46.047322" lon="12.464602">
        <ele>792.75</ele>
      </trkpt>
      <trkpt lat="46.04751" lon="12.464537">
        <ele>799.75</ele>
      </trkpt>
      <trkpt lat="46.047611" lon="12.464456">
        <ele>807.5</ele>
      </trkpt>
      <trkpt lat="46.047664" lon="12.464368">
        <ele>812.5</ele>
      </trkpt>
      <trkpt lat="46.047672" lon="12.464298">
        <ele>814.5</ele>
      </trkpt>
      <trkpt lat="46.047647" lon="12.464201">
        <ele>815.5</ele>
      </trkpt>
      <trkpt lat="46.047633" lon="12.464118">
        <ele>818.0</ele>
      </trkpt>
      <trkpt lat="46.047689" lon="12.464188">
        <ele>817.75</ele>
      </trkpt>
      <trkpt lat="46.047725" lon="12.464262">
        <ele>817.75</ele>
      </trkpt>
      <trkpt lat="46.04778" lon="12.464235">
        <ele>821.0</ele>
      </trkpt>
      <trkpt lat="46.047806" lon="12.464138">
        <ele>824.5</ele>
      </trkpt>
      <trkpt lat="46.047859" lon="12.464098">
        <ele>828.5</ele>
      </trkpt>
      <trkpt lat="46.047912" lon="12.464071">
        <ele>831.75</ele>
      </trkpt>
      <trkpt lat="46.04797" lon="12.464021">
        <ele>836.25</ele>
      </trkpt>
      <trkpt lat="46.048003" lon="12.463911">
        <ele>841.75</ele>
      </trkpt>
      <trkpt lat="46.04809" lon="12.463866">
        <ele>846.75</ele>
      </trkpt>
      <trkpt lat="46.048139" lon="12.463859">
        <ele>848.75</ele>
      </trkpt>
      <trkpt lat="46.048211" lon="12.463805">
        <ele>853.5</ele>
      </trkpt>
      <trkpt lat="46.048275" lon="12.463799">
        <ele>856.0</ele>
      </trkpt>
      <trkpt lat="46.048454" lon="12.463724">
        <ele>867.5</ele>
      </trkpt>
      <trkpt lat="46.048465" lon="12.463677">
        <ele>869.25</ele>
      </trkpt>
      <trkpt lat="46.048437" lon="12.463668">
        <ele>868.0</ele>
      </trkpt>
      <trkpt lat="46.048407" lon="12.463646">
        <ele>867.0</ele>
      </trkpt>
      <trkpt lat="46.048404" lon="12.46359">
        <ele>868.5</ele>
      </trkpt>
      <trkpt lat="46.048428" lon="12.463565">
        <ele>870.5</ele>
      </trkpt>
      <trkpt lat="46.048478" lon="12.463531">
        <ele>874.25</ele>
      </trkpt>
      <trkpt lat="46.048609" lon="12.463416">
        <ele>883.75</ele>
      </trkpt>
      <trkpt lat="46.048713" lon="12.463387">
        <ele>889.5</ele>
      </trkpt>
      <trkpt lat="46.048749" lon="12.463385">
        <ele>891.25</ele>
      </trkpt>
      <trkpt lat="46.048746" lon="12.463349">
        <ele>891.75</ele>
      </trkpt>
      <trkpt lat="46.048757" lon="12.463295">
        <ele>894.25</ele>
      </trkpt>
      <trkpt lat="46.048827" lon="12.463227">
        <ele>900.0</ele>
      </trkpt>
      <trkpt lat="46.048993" lon="12.463191">
        <ele>908.75</ele>
      </trkpt>
      <trkpt lat="46.049086" lon="12.463218">
        <ele>912.0</ele>
      </trkpt>
      <trkpt lat="46.049138" lon="12.463288">
        <ele>912.0</ele>
      </trkpt>
      <trkpt lat="46.049316" lon="12.463351">
        <ele>919.75</ele>
      </trkpt>
      <trkpt lat="46.049447" lon="12.463423">
        <ele>926.25</ele>
      </trkpt>
      <trkpt lat="46.049531" lon="12.463545">
        <ele>929.75</ele>
      </trkpt>
      <trkpt lat="46.049572" lon="12.46356">
        <ele>931.75</ele>
      </trkpt>
      <trkpt lat="46.049656" lon="12.463536">
        <ele>936.75</ele>
      </trkpt>
      <trkpt lat="46.049886" lon="12.463594">
        <ele>949.25</ele>
      </trkpt>
      <trkpt lat="46.049936" lon="12.463596">
        <ele>952.0</ele>
      </trkpt>
      <trkpt lat="46.049969" lon="12.463569">
        <ele>954.0</ele>
      </trkpt>
      <trkpt lat="46.049984" lon="12.463524">
        <ele>955.0</ele>
      </trkpt>
      <trkpt lat="46.050044" lon="12.463542">
        <ele>958.5</ele>
      </trkpt>
      <trkpt lat="46.050056" lon="12.463522">
        <ele>959.25</ele>
      </trkpt>
      <trkpt lat="46.050078" lon="12.463527">
        <ele>960.5</ele>
      </trkpt>
      <trkpt lat="46.050262" lon="12.463664">
        <ele>970.5</ele>
      </trkpt>
      <trkpt lat="46.05039" lon="12.463704">
        <ele>978.0</ele>
      </trkpt>
      <trkpt lat="46.050487" lon="12.463713">
        <ele>983.5</ele>
      </trkpt>
      <trkpt lat="46.050503" lon="12.463787">
        <ele>984.25</ele>
      </trkpt>
      <trkpt lat="46.050523" lon="12.463835">
        <ele>985.25</ele>
      </trkpt>
      <trkpt lat="46.05064" lon="12.463895">
        <ele>992.0</ele>
      </trkpt>
      <trkpt lat="46.050762" lon="12.463931">
        <ele>999.25</ele>
      </trkpt>
      <trkpt lat="46.050869" lon="12.463943">
        <ele>1005.75</ele>
      </trkpt>
      <trkpt lat="46.050924" lon="12.463981">
        <ele>1009.0</ele>
      </trkpt>
      <trkpt lat="46.051011" lon="12.464001">
        <ele>1014.25</ele>
      </trkpt>
      <trkpt lat="46.051186" lon="12.464021">
        <ele>1025.0</ele>
      </trkpt>
      <trkpt lat="46.051213" lon="12.464033">
        <ele>1026.5</ele>
      </trkpt>
      <trkpt lat="46.0512" lon="12.463847">
        <ele>1027.5</ele>
      </trkpt>
      <trkpt lat="46.051175" lon="12.463746">
        <ele>1026.75</ele>
      </trkpt>
      <trkpt lat="46.051155" lon="12.463514">
        <ele>1027.5</ele>
      </trkpt>
      <trkpt lat="46.051185" lon="12.463352">
        <ele>1031.25</ele>
      </trkpt>
      <trkpt lat="46.051206" lon="12.463143">
        <ele>1036.5</ele>
      </trkpt>
      <trkpt lat="46.051222" lon="12.462865">
        <ele>1042.75</ele>
      </trkpt>
      <trkpt lat="46.051209" lon="12.462431">
        <ele>1050.25</ele>
      </trkpt>
      <trkpt lat="46.051207" lon="12.46215">
        <ele>1057.5</ele>
      </trkpt>
      <trkpt lat="46.051229" lon="12.462007">
        <ele>1062.75</ele>
      </trkpt>
      <trkpt lat="46.051223" lon="12.461929">
        <ele>1064.5</ele>
      </trkpt>
      <trkpt lat="46.051229" lon="12.461897">
        <ele>1065.75</ele>
      </trkpt>
      <trkpt lat="46.051256" lon="12.46188">
        <ele>1068.25</ele>
      </trkpt>
      <trkpt lat="46.051306" lon="12.461938">
        <ele>1070.25</ele>
      </trkpt>
      <trkpt lat="46.051322" lon="12.461809">
        <ele>1074.75</ele>
      </trkpt>
      <trkpt lat="46.051391" lon="12.461622">
        <ele>1084.75</ele>
      </trkpt>
      <trkpt lat="46.051397" lon="12.461571">
        <ele>1086.5</ele>
      </trkpt>
      <trkpt lat="46.051359" lon="12.461356">
        <ele>1089.0</ele>
      </trkpt>
      <trkpt lat="46.051333" lon="12.461166">
        <ele>1092.0</ele>
      </trkpt>
      <trkpt lat="46.05134" lon="12.461064">
        <ele>1095.0</ele>
      </trkpt>
      <trkpt lat="46.051319" lon="12.46098">
        <ele>1095.75</ele>
      </trkpt>
      <trkpt lat="46.051312" lon="12.460839">
        <ele>1098.75</ele>
      </trkpt>
      <trkpt lat="46.05128" lon="12.460739">
        <ele>1101.0</ele>
      </trkpt>
      <trkpt lat="46.051196" lon="12.460564">
        <ele>1103.5</ele>
      </trkpt>
      <trkpt lat="46.051191" lon="12.460455">
        <ele>1107.75</ele>
      </trkpt>
      <trkpt lat="46.051151" lon="12.46022">
        <ele>1115.5</ele>
      </trkpt>
      <trkpt lat="46.051158" lon="12.460145">
        <ele>1119.0</ele>
      </trkpt>
      <trkpt lat="46.051148" lon="12.460051">
        <ele>1122.25</ele>
      </trkpt>
      <trkpt lat="46.051122" lon="12.459951">
        <ele>1125.0</ele>
      </trkpt>
      <trkpt lat="46.051104" lon="12.459851">
        <ele>1127.75</ele>
      </trkpt>
      <trkpt lat="46.051104" lon="12.459803">
        <ele>1129.5</ele>
      </trkpt>
      <trkpt lat="46.051051" lon="12.459596">
        <ele>1134.25</ele>
      </trkpt>
      <trkpt lat="46.051028" lon="12.459542">
        <ele>1134.75</ele>
      </trkpt>
      <trkpt lat="46.050997" lon="12.459387">
        <ele>1138.5</ele>
      </trkpt>
      <trkpt lat="46.050972" lon="12.45932">
        <ele>1139.5</ele>
      </trkpt>
      <trkpt lat="46.050932" lon="12.459248">
        <ele>1139.5</ele>
      </trkpt>
      <trkpt lat="46.050896" lon="12.459079">
        <ele>1144.25</ele>
      </trkpt>
      <trkpt lat="46.050859" lon="12.459003">
        <ele>1145.5</ele>
      </trkpt>
      <trkpt lat="46.050821" lon="12.458896">
        <ele>1148.75</ele>
      </trkpt>
      <trkpt lat="46.050803" lon="12.458861">
        <ele>1149.5</ele>
      </trkpt>
      <trkpt lat="46.050776" lon="12.458848">
        <ele>1149.0</ele>
      </trkpt>
      <trkpt lat="46.050723" lon="12.458866">
        <ele>1145.75</ele>
      </trkpt>
      <trkpt lat="46.050677" lon="12.458852">
        <ele>1144.25</ele>
      </trkpt>
      <trkpt lat="46.050596" lon="12.458799">
        <ele>1143.0</ele>
      </trkpt>
      <trkpt lat="46.050543" lon="12.458737">
        <ele>1143.25</ele>
      </trkpt>
      <trkpt lat="46.050518" lon="12.458688">
        <ele>1144.25</ele>
      </trkpt>
      <trkpt lat="46.050516" lon="12.458606">
        <ele>1147.75</ele>
      </trkpt>
      <trkpt lat="46.050478" lon="12.458523">
        <ele>1149.5</ele>
      </trkpt>
      <trkpt lat="46.050469" lon="12.458483">
        <ele>1150.75</ele>
      </trkpt>
      <trkpt lat="46.050486" lon="12.458447">
        <ele>1153.25</ele>
      </trkpt>
      <trkpt lat="46.050511" lon="12.458418">
        <ele>1155.75</ele>
      </trkpt>
      <trkpt lat="46.050545" lon="12.458396">
        <ele>1158.5</ele>
      </trkpt>
      <trkpt lat="46.050556" lon="12.458367">
        <ele>1160.5</ele>
      </trkpt>
      <trkpt lat="46.050508" lon="12.458215">
        <ele>1164.5</ele>
      </trkpt>
      <trkpt lat="46.0505" lon="12.458125">
        <ele>1168.0</ele>
      </trkpt>
      <trkpt lat="46.050478" lon="12.458024">
        <ele>1171.5</ele>
      </trkpt>
      <trkpt lat="46.050477" lon="12.457917">
        <ele>1176.0</ele>
      </trkpt>
      <trkpt lat="46.050457" lon="12.45768">
        <ele>1185.5</ele>
      </trkpt>
      <trkpt lat="46.050444" lon="12.457611">
        <ele>1188.0</ele>
      </trkpt>
      <trkpt lat="46.050394" lon="12.457509">
        <ele>1189.75</ele>
      </trkpt>
      <trkpt lat="46.05032" lon="12.457185">
        <ele>1199.0</ele>
      </trkpt>
      <trkpt lat="46.050312" lon="12.457054">
        <ele>1204.0</ele>
      </trkpt>
      <trkpt lat="46.050325" lon="12.456923">
        <ele>1210.0</ele>
      </trkpt>
      <trkpt lat="46.050321" lon="12.456855">
        <ele>1212.75</ele>
      </trkpt>
      <trkpt lat="46.050298" lon="12.456781">
        <ele>1214.75</ele>
      </trkpt>
      <trkpt lat="46.050258" lon="12.456764">
        <ele>1214.0</ele>
      </trkpt>
      <trkpt lat="46.050227" lon="12.456739">
        <ele>1214.0</ele>
      </trkpt>
      <trkpt lat="46.050219" lon="12.456709">
        <ele>1215.0</ele>
      </trkpt>
      <trkpt lat="46.050223" lon="12.456681">
        <ele>1216.25</ele>
      </trkpt>
      <trkpt lat="46.050236" lon="12.456673">
        <ele>1217.0</ele>
      </trkpt>
      <trkpt lat="46.05032" lon="12.456657">
        <ele>1220.5</ele>
      </trkpt>
      <trkpt lat="46.050339" lon="12.45666">
        <ele>1221.25</ele>
      </trkpt>
      <trkpt lat="46.050357" lon="12.456642">
        <ele>1222.25</ele>
      </trkpt>
      <trkpt lat="46.050397" lon="12.456645">
        <ele>1223.5</ele>
      </trkpt>
      <trkpt lat="46.050403" lon="12.456617">
        <ele>1224.5</ele>
      </trkpt>
      <trkpt lat="46.050251" lon="12.456463">
        <ele>1223.25</ele>
      </trkpt>
      <trkpt lat="46.050242" lon="12.45644">
        <ele>1223.5</ele>
      </trkpt>
      <trkpt lat="46.050248" lon="12.45642">
        <ele>1224.25</ele>
      </trkpt>
      <trkpt lat="46.050267" lon="12.456413">
        <ele>1224.75</ele>
      </trkpt>
      <trkpt lat="46.05038" lon="12.456459">
        <ele>1227.0</ele>
      </trkpt>
      <trkpt lat="46.050492" lon="12.456435">
        <ele>1230.5</ele>
      </trkpt>
      <trkpt lat="46.050538" lon="12.456448">
        <ele>1231.5</ele>
      </trkpt>
      <trkpt lat="46.050568" lon="12.456445">
        <ele>1232.5</ele>
      </trkpt>
      <trkpt lat="46.050602" lon="12.456463">
        <ele>1233.25</ele>
      </trkpt>
      <trkpt lat="46.050627" lon="12.456464">
        <ele>1234.0</ele>
      </trkpt>
      <trkpt lat="46.050656" lon="12.456483">
        <ele>1234.5</ele>
      </trkpt>
      <trkpt lat="46.050691" lon="12.456483">
        <ele>1235.5</ele>
      </trkpt>
      <trkpt lat="46.050718" lon="12.456473">
        <ele>1236.5</ele>
      </trkpt>
      <trkpt lat="46.050734" lon="12.456483">
        <ele>1236.75</ele>
      </trkpt>
      <trkpt lat="46.050753" lon="12.456473">
        <ele>1237.5</ele>
      </trkpt>
      <trkpt lat="46.050762" lon="12.456449">
        <ele>1238.0</ele>
      </trkpt>
      <trkpt lat="46.050763" lon="12.456423">
        <ele>1238.0</ele>
      </trkpt>
      <trkpt lat="46.050772" lon="12.456411">
        <ele>1238.5</ele>
      </trkpt>
      <trkpt lat="46.050798" lon="12.456405">
        <ele>1239.25</ele>
      </trkpt>
      <trkpt lat="46.050844" lon="12.456449">
        <ele>1240.25</ele>
      </trkpt>
      <trkpt lat="46.050939" lon="12.456518">
        <ele>1243.25</ele>
      </trkpt>
      <trkpt lat="46.050958" lon="12.45652">
        <ele>1244.0</ele>
      </trkpt>
      <trkpt lat="46.050995" lon="12.456503">
        <ele>1245.25</ele>
      </trkpt>
      <trkpt lat="46.051142" lon="12.456407">
        <ele>1250.25</ele>
      </trkpt>
      <trkpt lat="46.051202" lon="12.456329">
        <ele>1252.25</ele>
      </trkpt>
      <trkpt lat="46.05124" lon="12.456201">
        <ele>1253.25</ele>
      </trkpt>
      <trkpt lat="46.051275" lon="12.456121">
        <ele>1254.0</ele>
      </trkpt>
      <trkpt lat="46.051283" lon="12.456078">
        <ele>1254.25</ele>
      </trkpt>
      <trkpt lat="46.051388" lon="12.45577">
        <ele>1256.0</ele>
      </trkpt>
      <trkpt lat="46.051428" lon="12.45568">
        <ele>1257.0</ele>
      </trkpt>
      <trkpt lat="46.051515" lon="12.455596">
        <ele>1258.5</ele>
      </trkpt>
      <trkpt lat="46.051554" lon="12.455487">
        <ele>1259.0</ele>
      </trkpt>
      <trkpt lat="46.051563" lon="12.455343">
        <ele>1258.75</ele>
      </trkpt>
      <trkpt lat="46.0516" lon="12.45524">
        <ele>1259.0</ele>
      </trkpt>
      <trkpt lat="46.051623" lon="12.455199">
        <ele>1259.25</ele>
      </trkpt>
      <trkpt lat="46.051684" lon="12.455051">
        <ele>1259.5</ele>
      </trkpt>
      <trkpt lat="46.051634" lon="12.455039">
        <ele>1258.5</ele>
      </trkpt>
      <trkpt lat="46.051577" lon="12.455013">
        <ele>1257.75</ele>
      </trkpt>
      <trkpt lat="46.051355" lon="12.454797">
        <ele>1256.5</ele>
      </trkpt>
      <trkpt lat="46.05128" lon="12.454716">
        <ele>1256.5</ele>
      </trkpt>
      <trkpt lat="46.051179" lon="12.454627">
        <ele>1256.5</ele>
      </trkpt>
      <trkpt lat="46.051129" lon="12.454598">
        <ele>1256.25</ele>
      </trkpt>
      <trkpt lat="46.050942" lon="12.454563">
        <ele>1255.0</ele>
      </trkpt>
      <trkpt lat="46.050848" lon="12.4545">
        <ele>1255.25</ele>
      </trkpt>
      <trkpt lat="46.050757" lon="12.454373">
        <ele>1256.75</ele>
      </trkpt>
      <trkpt lat="46.050694" lon="12.454301">
        <ele>1257.5</ele>
      </trkpt>
      <trkpt lat="46.05065" lon="12.454265">
        <ele>1257.75</ele>
      </trkpt>
      <trkpt lat="46.050598" lon="12.454242">
        <ele>1258.0</ele>
      </trkpt>
      <trkpt lat="46.05047" lon="12.454212">
        <ele>1258.0</ele>
      </trkpt>
      <trkpt lat="46.050238" lon="12.454141">
        <ele>1257.75</ele>
      </trkpt>
      <trkpt lat="46.050161" lon="12.454174">
        <ele>1257.25</ele>
      </trkpt>
      <trkpt lat="46.050129" lon="12.454212">
        <ele>1256.75</ele>
      </trkpt>
      <trkpt lat="46.050103" lon="12.454267">
        <ele>1256.0</ele>
      </trkpt>
      <trkpt lat="46.050018" lon="12.454628">
        <ele>1251.5</ele>
      </trkpt>
      <trkpt lat="46.049966" lon="12.454787">
        <ele>1249.25</ele>
      </trkpt>
      <trkpt lat="46.049947" lon="12.454823">
        <ele>1248.75</ele>
      </trkpt>
      <trkpt lat="46.049904" lon="12.45485">
        <ele>1248.25</ele>
      </trkpt>
      <trkpt lat="46.049845" lon="12.454845">
        <ele>1248.0</ele>
      </trkpt>
      <trkpt lat="46.049736" lon="12.454751">
        <ele>1248.75</ele>
      </trkpt>
      <trkpt lat="46.049682" lon="12.454666">
        <ele>1249.5</ele>
      </trkpt>
      <trkpt lat="46.04963" lon="12.454563">
        <ele>1250.75</ele>
      </trkpt>
      <trkpt lat="46.049526" lon="12.454425">
        <ele>1252.5</ele>
      </trkpt>
      <trkpt lat="46.049481" lon="12.45441">
        <ele>1252.5</ele>
      </trkpt>
      <trkpt lat="46.049441" lon="12.454414">
        <ele>1252.5</ele>
      </trkpt>
      <trkpt lat="46.04941" lon="12.454429">
        <ele>1252.25</ele>
      </trkpt>
      <trkpt lat="46.049376" lon="12.454473">
        <ele>1251.25</ele>
      </trkpt>
      <trkpt lat="46.049344" lon="12.454426">
        <ele>1252.0</ele>
      </trkpt>
      <trkpt lat="46.049334" lon="12.454392">
        <ele>1252.5</ele>
      </trkpt>
      <trkpt lat="46.049239" lon="12.454317">
        <ele>1253.5</ele>
      </trkpt>
      <trkpt lat="46.049222" lon="12.454287">
        <ele>1254.0</ele>
      </trkpt>
      <trkpt lat="46.049205" lon="12.454222">
        <ele>1255.0</ele>
      </trkpt>
      <trkpt lat="46.049193" lon="12.454075">
        <ele>1257.0</ele>
      </trkpt>
      <trkpt lat="46.049191" lon="12.453878">
        <ele>1259.5</ele>
      </trkpt>
      <trkpt lat="46.049196" lon="12.453776">
        <ele>1261.0</ele>
      </trkpt>
      <trkpt lat="46.049239" lon="12.4537">
        <ele>1261.75</ele>
      </trkpt>
      <trkpt lat="46.049359" lon="12.453384">
        <ele>1264.25</ele>
      </trkpt>
      <trkpt lat="46.04939" lon="12.453271">
        <ele>1265.0</ele>
      </trkpt>
      <trkpt lat="46.04941" lon="12.453148">
        <ele>1266.0</ele>
      </trkpt>
      <trkpt lat="46.049401" lon="12.452998">
        <ele>1267.5</ele>
      </trkpt>
      <trkpt lat="46.049404" lon="12.452976">
        <ele>1267.75</ele>
      </trkpt>
      <trkpt lat="46.049459" lon="12.452871">
        <ele>1268.0</ele>
      </trkpt>
      <trkpt lat="46.049545" lon="12.452634">
        <ele>1268.5</ele>
      </trkpt>
      <trkpt lat="46.049598" lon="12.452534">
        <ele>1268.25</ele>
      </trkpt>
      <trkpt lat="46.049672" lon="12.452435">
        <ele>1268.0</ele>
      </trkpt>
      <trkpt lat="46.049717" lon="12.452333">
        <ele>1268.25</ele>
      </trkpt>
      <trkpt lat="46.04979" lon="12.452213">
        <ele>1268.0</ele>
      </trkpt>
      <trkpt lat="46.04984" lon="12.452185">
        <ele>1267.25</ele>
      </trkpt>
      <trkpt lat="46.049895" lon="12.45213">
        <ele>1266.75</ele>
      </trkpt>
      <trkpt lat="46.04992" lon="12.452095">
        <ele>1266.5</ele>
      </trkpt>
      <trkpt lat="46.049924" lon="12.452033">
        <ele>1267.0</ele>
      </trkpt>
      <trkpt lat="46.049932" lon="12.451993">
        <ele>1267.25</ele>
      </trkpt>
      <trkpt lat="46.049933" lon="12.451864">
        <ele>1268.5</ele>
      </trkpt>
      <trkpt lat="46.049917" lon="12.451716">
        <ele>1270.5</ele>
      </trkpt>
      <trkpt lat="46.049864" lon="12.451614">
        <ele>1272.75</ele>
      </trkpt>
      <trkpt lat="46.049802" lon="12.451515">
        <ele>1275.5</ele>
      </trkpt>
      <trkpt lat="46.04976" lon="12.451402">
        <ele>1277.75</ele>
      </trkpt>
      <trkpt lat="46.049745" lon="12.45134">
        <ele>1278.75</ele>
      </trkpt>
      <trkpt lat="46.049688" lon="12.451245">
        <ele>1280.75</ele>
      </trkpt>
      <trkpt lat="46.04962" lon="12.450995">
        <ele>1284.25</ele>
      </trkpt>
      <trkpt lat="46.049614" lon="12.450934">
        <ele>1285.0</ele>
      </trkpt>
      <trkpt lat="46.049616" lon="12.450865">
        <ele>1285.75</ele>
      </trkpt>
      <trkpt lat="46.049659" lon="12.450748">
        <ele>1287.0</ele>
      </trkpt>
      <trkpt lat="46.049672" lon="12.450727">
        <ele>1287.25</ele>
      </trkpt>
      <trkpt lat="46.049679" lon="12.450674">
        <ele>1288.0</ele>
      </trkpt>
      <trkpt lat="46.049701" lon="12.450613">
        <ele>1289.0</ele>
      </trkpt>
      <trkpt lat="46.049723" lon="12.450581">
        <ele>1289.25</ele>
      </trkpt>
      <trkpt lat="46.04976" lon="12.450537">
        <ele>1289.75</ele>
      </trkpt>
      <trkpt lat="46.049953" lon="12.45039">
        <ele>1291.25</ele>
      </trkpt>
      <trkpt lat="46.050072" lon="12.450303">
        <ele>1293.0</ele>
      </trkpt>
      <trkpt lat="46.050159" lon="12.450254">
        <ele>1294.25</ele>
      </trkpt>
      <trkpt lat="46.050273" lon="12.450036">
        <ele>1298.75</ele>
      </trkpt>
      <trkpt lat="46.050344" lon="12.449924">
        <ele>1300.5</ele>
      </trkpt>
      <trkpt lat="46.050393" lon="12.449882">
        <ele>1300.75</ele>
      </trkpt>
      <trkpt lat="46.050429" lon="12.449791">
        <ele>1301.75</ele>
      </trkpt>
      <trkpt lat="46.050465" lon="12.449749">
        <ele>1302.0</ele>
      </trkpt>
      <trkpt lat="46.050485" lon="12.449683">
        <ele>1302.5</ele>
      </trkpt>
      <trkpt lat="46.050413" lon="12.449378">
        <ele>1306.5</ele>
      </trkpt>
      <trkpt lat="46.050387" lon="12.44932">
        <ele>1307.5</ele>
      </trkpt>
      <trkpt lat="46.050374" lon="12.449186">
        <ele>1309.25</ele>
      </trkpt>
      <trkpt lat="46.05035" lon="12.449128">
        <ele>1310.25</ele>
      </trkpt>
      <trkpt lat="46.050326" lon="12.449117">
        <ele>1310.5</ele>
      </trkpt>
      <trkpt lat="46.05023" lon="12.449137">
        <ele>1311.75</ele>
      </trkpt>
      <trkpt lat="46.050089" lon="12.449145">
        <ele>1313.75</ele>
      </trkpt>
      <trkpt lat="46.050038" lon="12.449157">
        <ele>1314.5</ele>
      </trkpt>
      <trkpt lat="46.049981" lon="12.449181">
        <ele>1314.75</ele>
      </trkpt>
      <trkpt lat="46.049851" lon="12.449212">
        <ele>1314.25</ele>
      </trkpt>
      <trkpt lat="46.049783" lon="12.449251">
        <ele>1313.5</ele>
      </trkpt>
      <trkpt lat="46.049752" lon="12.449286">
        <ele>1313.0</ele>
      </trkpt>
      <trkpt lat="46.049706" lon="12.449303">
        <ele>1312.75</ele>
      </trkpt>
      <trkpt lat="46.049606" lon="12.44931">
        <ele>1312.75</ele>
      </trkpt>
      <trkpt lat="46.049579" lon="12.449335">
        <ele>1312.25</ele>
      </trkpt>
      <trkpt lat="46.049518" lon="12.449352">
        <ele>1312.0</ele>
      </trkpt>
      <trkpt lat="46.049455" lon="12.449345">
        <ele>1312.25</ele>
      </trkpt>
      <trkpt lat="46.049402" lon="12.449296">
        <ele>1313.25</ele>
      </trkpt>
      <trkpt lat="46.04928" lon="12.44923">
        <ele>1314.5</ele>
      </trkpt>
      <trkpt lat="46.049048" lon="12.449059">
        <ele>1314.75</ele>
      </trkpt>
      <trkpt lat="46.049006" lon="12.449044">
        <ele>1314.0</ele>
      </trkpt>
      <trkpt lat="46.048951" lon="12.449004">
        <ele>1313.5</ele>
      </trkpt>
      <trkpt lat="46.048915" lon="12.448968">
        <ele>1313.25</ele>
      </trkpt>
      <trkpt lat="46.048888" lon="12.448928">
        <ele>1313.0</ele>
      </trkpt>
      <trkpt lat="46.048854" lon="12.44887">
        <ele>1313.0</ele>
      </trkpt>
      <trkpt lat="46.048866" lon="12.448681">
        <ele>1315.5</ele>
      </trkpt>
      <trkpt lat="46.048932" lon="12.448507">
        <ele>1318.25</ele>
      </trkpt>
      <trkpt lat="46.048943" lon="12.448431">
        <ele>1319.25</ele>
      </trkpt>
      <trkpt lat="46.048983" lon="12.448282">
        <ele>1321.25</ele>
      </trkpt>
      <trkpt lat="46.049008" lon="12.448224">
        <ele>1322.0</ele>
      </trkpt>
      <trkpt lat="46.049043" lon="12.447998">
        <ele>1324.0</ele>
      </trkpt>
      <trkpt lat="46.049051" lon="12.447975">
        <ele>1324.25</ele>
      </trkpt>
      <trkpt lat="46.049057" lon="12.447874">
        <ele>1325.0</ele>
      </trkpt>
      <trkpt lat="46.049065" lon="12.447842">
        <ele>1325.25</ele>
      </trkpt>
      <trkpt lat="46.049104" lon="12.447809">
        <ele>1326.0</ele>
      </trkpt>
      <trkpt lat="46.049122" lon="12.447754">
        <ele>1326.75</ele>
      </trkpt>
      <trkpt lat="46.04916" lon="12.447726">
        <ele>1327.5</ele>
      </trkpt>
      <trkpt lat="46.049197" lon="12.447624">
        <ele>1327.75</ele>
      </trkpt>
      <trkpt lat="46.049226" lon="12.447597">
        <ele>1327.5</ele>
      </trkpt>
      <trkpt lat="46.049294" lon="12.447562">
        <ele>1326.75</ele>
      </trkpt>
      <trkpt lat="46.04933" lon="12.447434">
        <ele>1326.0</ele>
      </trkpt>
      <trkpt lat="46.049354" lon="12.447376">
        <ele>1325.0</ele>
      </trkpt>
      <trkpt lat="46.049388" lon="12.447305">
        <ele>1324.0</ele>
      </trkpt>
      <trkpt lat="46.049466" lon="12.447185">
        <ele>1322.5</ele>
      </trkpt>
      <trkpt lat="46.04948" lon="12.447037">
        <ele>1321.25</ele>
      </trkpt>
      <trkpt lat="46.049483" lon="12.446884">
        <ele>1320.25</ele>
      </trkpt>
      <trkpt lat="46.049519" lon="12.446796">
        <ele>1319.75</ele>
      </trkpt>
      <trkpt lat="46.049565" lon="12.446707">
        <ele>1319.0</ele>
      </trkpt>
      <trkpt lat="46.049617" lon="12.446679">
        <ele>1319.0</ele>
      </trkpt>
      <trkpt lat="46.049667" lon="12.446611">
        <ele>1318.25</ele>
      </trkpt>
      <trkpt lat="46.049766" lon="12.446523">
        <ele>1317.5</ele>
      </trkpt>
      <trkpt lat="46.049907" lon="12.446372">
        <ele>1316.25</ele>
      </trkpt>
      <trkpt lat="46.049972" lon="12.44623">
        <ele>1315.0</ele>
      </trkpt>
      <trkpt lat="46.050066" lon="12.446141">
        <ele>1314.5</ele>
      </trkpt>
      <trkpt lat="46.050115" lon="12.446084">
        <ele>1314.0</ele>
      </trkpt>
      <trkpt lat="46.050207" lon="12.445951">
        <ele>1313.5</ele>
      </trkpt>
      <trkpt lat="46.050265" lon="12.445887">
        <ele>1313.25</ele>
      </trkpt>
      <trkpt lat="46.050338" lon="12.445787">
        <ele>1313.5</ele>
      </trkpt>
      <trkpt lat="46.050439" lon="12.445493">
        <ele>1314.25</ele>
      </trkpt>
      <trkpt lat="46.050526" lon="12.445264">
        <ele>1315.25</ele>
      </trkpt>
      <trkpt lat="46.050579" lon="12.444939">
        <ele>1316.25</ele>
      </trkpt>
      <trkpt lat="46.050642" lon="12.444703">
        <ele>1317.0</ele>
      </trkpt>
      <trkpt lat="46.05074" lon="12.444544">
        <ele>1318.0</ele>
      </trkpt>
      <trkpt lat="46.050876" lon="12.444423">
        <ele>1319.25</ele>
      </trkpt>
      <trkpt lat="46.050961" lon="12.444455">
        <ele>1319.75</ele>
      </trkpt>
      <trkpt lat="46.050991" lon="12.444397">
        <ele>1320.0</ele>
      </trkpt>
      <trkpt lat="46.051016" lon="12.444328">
        <ele>1320.25</ele>
      </trkpt>
      <trkpt lat="46.05105" lon="12.444266">
        <ele>1320.5</ele>
      </trkpt>
      <trkpt lat="46.051136" lon="12.444174">
        <ele>1321.0</ele>
      </trkpt>
      <trkpt lat="46.051179" lon="12.444145">
        <ele>1321.25</ele>
      </trkpt>
      <trkpt lat="46.0513" lon="12.44404">
        <ele>1322.25</ele>
      </trkpt>
      <trkpt lat="46.051346" lon="12.444035">
        <ele>1322.5</ele>
      </trkpt>
      <trkpt lat="46.051483" lon="12.444052">
        <ele>1323.75</ele>
      </trkpt>
      <trkpt lat="46.051568" lon="12.444044">
        <ele>1324.25</ele>
      </trkpt>
      <trkpt lat="46.051612" lon="12.444047">
        <ele>1324.5</ele>
      </trkpt>
      <trkpt lat="46.051734" lon="12.444118">
        <ele>1324.75</ele>
      </trkpt>
      <trkpt lat="46.051853" lon="12.444145">
        <ele>1324.75</ele>
      </trkpt>
      <trkpt lat="46.051899" lon="12.44417">
        <ele>1324.5</ele>
      </trkpt>
      <trkpt lat="46.051961" lon="12.444356">
        <ele>1325.0</ele>
      </trkpt>
      <trkpt lat="46.051978" lon="12.44449">
        <ele>1325.25</ele>
      </trkpt>
      <trkpt lat="46.052003" lon="12.444507">
        <ele>1325.25</ele>
      </trkpt>
      <trkpt lat="46.05208" lon="12.444644">
        <ele>1325.5</ele>
      </trkpt>
      <trkpt lat="46.052169" lon="12.444698">
        <ele>1325.75</ele>
      </trkpt>
      <trkpt lat="46.052253" lon="12.444711">
        <ele>1325.75</ele>
      </trkpt>
      <trkpt lat="46.052336" lon="12.444673">
        <ele>1325.75</ele>
      </trkpt>
      <trkpt lat="46.05242" lon="12.444619">
        <ele>1325.5</ele>
      </trkpt>
      <trkpt lat="46.052486" lon="12.444595">
        <ele>1325.5</ele>
      </trkpt>
      <trkpt lat="46.052719" lon="12.44457">
        <ele>1323.5</ele>
      </trkpt>
      <trkpt lat="46.052799" lon="12.444573">
        <ele>1322.75</ele>
      </trkpt>
      <trkpt lat="46.052859" lon="12.444557">
        <ele>1322.25</ele>
      </trkpt>
      <trkpt lat="46.052945" lon="12.444508">
        <ele>1321.5</ele>
      </trkpt>
      <trkpt lat="46.053004" lon="12.444458">
        <ele>1321.0</ele>
      </trkpt>
      <trkpt lat="46.053064" lon="12.44439">
        <ele>1320.5</ele>
      </trkpt>
      <trkpt lat="46.053155" lon="12.444303">
        <ele>1320.0</ele>
      </trkpt>
      <trkpt lat="46.053207" lon="12.444234">
        <ele>1319.5</ele>
      </trkpt>
      <trkpt lat="46.053274" lon="12.444171">
        <ele>1319.25</ele>
      </trkpt>
      <trkpt lat="46.053316" lon="12.444115">
        <ele>1318.5</ele>
      </trkpt>
      <trkpt lat="46.053336" lon="12.444054">
        <ele>1318.0</ele>
      </trkpt>
      <trkpt lat="46.053374" lon="12.443852">
        <ele>1316.5</ele>
      </trkpt>
      <trkpt lat="46.053393" lon="12.44379">
        <ele>1316.0</ele>
      </trkpt>
      <trkpt lat="46.053419" lon="12.44374">
        <ele>1315.5</ele>
      </trkpt>
      <trkpt lat="46.053485" lon="12.44365">
        <ele>1314.75</ele>
      </trkpt>
      <trkpt lat="46.053558" lon="12.443569">
        <ele>1313.75</ele>
      </trkpt>
      <trkpt lat="46.053573" lon="12.443528">
        <ele>1313.5</ele>
      </trkpt>
      <trkpt lat="46.053641" lon="12.443447">
        <ele>1312.75</ele>
      </trkpt>
      <trkpt lat="46.05372" lon="12.443364">
        <ele>1311.75</ele>
      </trkpt>
      <trkpt lat="46.053888" lon="12.443215">
        <ele>1311.25</ele>
      </trkpt>
      <trkpt lat="46.053944" lon="12.44315">
        <ele>1311.5</ele>
      </trkpt>
      <trkpt lat="46.054044" lon="12.443069">
        <ele>1311.75</ele>
      </trkpt>
      <trkpt lat="46.054102" lon="12.442941">
        <ele>1312.5</ele>
      </trkpt>
      <trkpt lat="46.054125" lon="12.44291">
        <ele>1312.75</ele>
      </trkpt>
      <trkpt lat="46.05413" lon="12.442872">
        <ele>1313.0</ele>
      </trkpt>
      <trkpt lat="46.054122" lon="12.442813">
        <ele>1313.5</ele>
      </trkpt>
      <trkpt lat="46.054143" lon="12.442697">
        <ele>1314.25</ele>
      </trkpt>
      <trkpt lat="46.054162" lon="12.442635">
        <ele>1314.75</ele>
      </trkpt>
      <trkpt lat="46.054165" lon="12.442548">
        <ele>1315.5</ele>
      </trkpt>
      <trkpt lat="46.054157" lon="12.442478">
        <ele>1315.75</ele>
      </trkpt>
      <trkpt lat="46.054115" lon="12.442273">
        <ele>1315.75</ele>
      </trkpt>
      <trkpt lat="46.054116" lon="12.4422">
        <ele>1316.0</ele>
      </trkpt>
      <trkpt lat="46.054142" lon="12.442115">
        <ele>1316.25</ele>
      </trkpt>
      <trkpt lat="46.054179" lon="12.442038">
        <ele>1316.5</ele>
      </trkpt>
      <trkpt lat="46.054264" lon="12.441939">
        <ele>1317.75</ele>
      </trkpt>
      <trkpt lat="46.054337" lon="12.441826">
        <ele>1318.75</ele>
      </trkpt>
      <trkpt lat="46.05439" lon="12.441641">
        <ele>1320.0</ele>
      </trkpt>
      <trkpt lat="46.054469" lon="12.441453">
        <ele>1320.25</ele>
      </trkpt>
      <trkpt lat="46.054626" lon="12.441193">
        <ele>1321.25</ele>
      </trkpt>
      <trkpt lat="46.054742" lon="12.441017">
        <ele>1322.25</ele>
      </trkpt>
      <trkpt lat="46.054813" lon="12.440802">
        <ele>1322.75</ele>
      </trkpt>
      <trkpt lat="46.054814" lon="12.440737">
        <ele>1323.25</ele>
      </trkpt>
      <trkpt lat="46.054788" lon="12.440623">
        <ele>1323.25</ele>
      </trkpt>
      <trkpt lat="46.054761" lon="12.440588">
        <ele>1323.0</ele>
      </trkpt>
      <trkpt lat="46.054733" lon="12.44052">
        <ele>1322.75</ele>
      </trkpt>
      <trkpt lat="46.054698" lon="12.440466">
        <ele>1322.5</ele>
      </trkpt>
      <trkpt lat="46.054623" lon="12.440308">
        <ele>1322.0</ele>
      </trkpt>
      <trkpt lat="46.054572" lon="12.440104">
        <ele>1322.25</ele>
      </trkpt>
      <trkpt lat="46.054546" lon="12.439894">
        <ele>1323.0</ele>
      </trkpt>
      <trkpt lat="46.054548" lon="12.439915">
        <ele>1323.0</ele>
      </trkpt>
      <trkpt lat="46.054477" lon="12.439709">
        <ele>1323.25</ele>
      </trkpt>
      <trkpt lat="46.054434" lon="12.43965">
        <ele>1323.0</ele>
      </trkpt>
      <trkpt lat="46.054353" lon="12.439577">
        <ele>1322.25</ele>
      </trkpt>
      <trkpt lat="46.054229" lon="12.439489">
        <ele>1321.25</ele>
      </trkpt>
      <trkpt lat="46.054156" lon="12.439407">
        <ele>1321.0</ele>
      </trkpt>
      <trkpt lat="46.054094" lon="12.439315">
        <ele>1321.0</ele>
      </trkpt>
      <trkpt lat="46.054034" lon="12.439078">
        <ele>1321.5</ele>
      </trkpt>
      <trkpt lat="46.053917" lon="12.438917">
        <ele>1320.5</ele>
      </trkpt>
      <trkpt lat="46.053819" lon="12.438817">
        <ele>1319.75</ele>
      </trkpt>
      <trkpt lat="46.053387" lon="12.438418">
        <ele>1316.25</ele>
      </trkpt>
      <trkpt lat="46.053219" lon="12.438417">
        <ele>1316.25</ele>
      </trkpt>
      <trkpt lat="46.053265" lon="12.438212">
        <ele>1314.75</ele>
      </trkpt>
      <trkpt lat="46.053345" lon="12.438039">
        <ele>1312.0</ele>
      </trkpt>
      <trkpt lat="46.05347" lon="12.437814">
        <ele>1310.0</ele>
      </trkpt>
      <trkpt lat="46.053568" lon="12.437505">
        <ele>1306.75</ele>
      </trkpt>
      <trkpt lat="46.053612" lon="12.437244">
        <ele>1303.25</ele>
      </trkpt>
      <trkpt lat="46.053563" lon="12.437063">
        <ele>1300.25</ele>
      </trkpt>
      <trkpt lat="46.053465" lon="12.436905">
        <ele>1296.75</ele>
      </trkpt>
      <trkpt lat="46.053458" lon="12.436703">
        <ele>1293.75</ele>
      </trkpt>
      <trkpt lat="46.053592" lon="12.436502">
        <ele>1292.75</ele>
      </trkpt>
      <trkpt lat="46.053537" lon="12.436414">
        <ele>1291.25</ele>
      </trkpt>
      <trkpt lat="46.053445" lon="12.436084">
        <ele>1287.5</ele>
      </trkpt>
      <trkpt lat="46.053387" lon="12.435672">
        <ele>1281.5</ele>
      </trkpt>
      <trkpt lat="46.05338" lon="12.435319">
        <ele>1274.0</ele>
      </trkpt>
      <trkpt lat="46.053488" lon="12.434508">
        <ele>1255.75</ele>
      </trkpt>
      <trkpt lat="46.053566" lon="12.434192">
        <ele>1248.75</ele>
      </trkpt>
      <trkpt lat="46.053626" lon="12.434063">
        <ele>1247.0</ele>
      </trkpt>
      <trkpt lat="46.053717" lon="12.433754">
        <ele>1242.25</ele>
      </trkpt>
      <trkpt lat="46.053828" lon="12.433486">
        <ele>1238.5</ele>
      </trkpt>
      <trkpt lat="46.05388" lon="12.432914">
        <ele>1230.0</ele>
      </trkpt>
      <trkpt lat="46.053973" lon="12.432789">
        <ele>1228.5</ele>
      </trkpt>
      <trkpt lat="46.054117" lon="12.432617">
        <ele>1226.5</ele>
      </trkpt>
      <trkpt lat="46.054172" lon="12.432493">
        <ele>1224.75</ele>
      </trkpt>
      <trkpt lat="46.054207" lon="12.432366">
        <ele>1223.25</ele>
      </trkpt>
      <trkpt lat="46.054205" lon="12.432201">
        <ele>1220.5</ele>
      </trkpt>
      <trkpt lat="46.054133" lon="12.432031">
        <ele>1216.75</ele>
      </trkpt>
      <trkpt lat="46.054108" lon="12.431804">
        <ele>1213.0</ele>
      </trkpt>
      <trkpt lat="46.054147" lon="12.431352">
        <ele>1203.75</ele>
      </trkpt>
      <trkpt lat="46.054186" lon="12.431326">
        <ele>1203.25</ele>
      </trkpt>
      <trkpt lat="46.054232" lon="12.431258">
        <ele>1202.5</ele>
      </trkpt>
      <trkpt lat="46.054351" lon="12.431125">
        <ele>1200.75</ele>
      </trkpt>
      <trkpt lat="46.054428" lon="12.431092">
        <ele>1201.0</ele>
      </trkpt>
      <trkpt lat="46.054543" lon="12.431073">
        <ele>1202.0</ele>
      </trkpt>
      <trkpt lat="46.05477" lon="12.430957">
        <ele>1201.75</ele>
      </trkpt>
      <trkpt lat="46.054827" lon="12.430874">
        <ele>1200.0</ele>
      </trkpt>
      <trkpt lat="46.054855" lon="12.430743">
        <ele>1197.0</ele>
      </trkpt>
      <trkpt lat="46.054794" lon="12.430181">
        <ele>1182.5</ele>
      </trkpt>
      <trkpt lat="46.054866" lon="12.429994">
        <ele>1178.5</ele>
      </trkpt>
      <trkpt lat="46.054683" lon="12.429888">
        <ele>1175.0</ele>
      </trkpt>
      <trkpt lat="46.054513" lon="12.429481">
        <ele>1166.0</ele>
      </trkpt>
      <trkpt lat="46.054489" lon="12.429387">
        <ele>1164.25</ele>
      </trkpt>
      <trkpt lat="46.054483" lon="12.429266">
        <ele>1161.75</ele>
      </trkpt>
      <trkpt lat="46.054499" lon="12.429142">
        <ele>1159.5</ele>
      </trkpt>
      <trkpt lat="46.054632" lon="12.428857">
        <ele>1154.75</ele>
      </trkpt>
      <trkpt lat="46.054647" lon="12.428498">
        <ele>1147.75</ele>
      </trkpt>
      <trkpt lat="46.054747" lon="12.428195">
        <ele>1141.75</ele>
      </trkpt>
      <trkpt lat="46.05476" lon="12.427936">
        <ele>1136.75</ele>
      </trkpt>
      <trkpt lat="46.054833" lon="12.427834">
        <ele>1134.25</ele>
      </trkpt>
      <trkpt lat="46.054906" lon="12.427748">
        <ele>1132.0</ele>
      </trkpt>
      <trkpt lat="46.055016" lon="12.427706">
        <ele>1130.5</ele>
      </trkpt>
      <trkpt lat="46.055153" lon="12.427614">
        <ele>1130.0</ele>
      </trkpt>
      <trkpt lat="46.055246" lon="12.42747">
        <ele>1128.5</ele>
      </trkpt>
      <trkpt lat="46.055328" lon="12.427236">
        <ele>1125.75</ele>
      </trkpt>
      <trkpt lat="46.055293" lon="12.426926">
        <ele>1120.75</ele>
      </trkpt>
      <trkpt lat="46.055255" lon="12.426776">
        <ele>1118.25</ele>
      </trkpt>
      <trkpt lat="46.055269" lon="12.426695">
        <ele>1117.25</ele>
      </trkpt>
      <trkpt lat="46.055324" lon="12.426531">
        <ele>1116.25</ele>
      </trkpt>
      <trkpt lat="46.055325" lon="12.42613">
        <ele>1113.0</ele>
      </trkpt>
      <trkpt lat="46.055443" lon="12.425897">
        <ele>1110.75</ele>
      </trkpt>
      <trkpt lat="46.055495" lon="12.425661">
        <ele>1109.75</ele>
      </trkpt>
      <trkpt lat="46.055547" lon="12.425524">
        <ele>1109.0</ele>
      </trkpt>
      <trkpt lat="46.055607" lon="12.425303">
        <ele>1108.25</ele>
      </trkpt>
      <trkpt lat="46.055694" lon="12.425058">
        <ele>1107.0</ele>
      </trkpt>
      <trkpt lat="46.055812" lon="12.424847">
        <ele>1105.75</ele>
      </trkpt>
      <trkpt lat="46.056248" lon="12.424216">
        <ele>1101.25</ele>
      </trkpt>
      <trkpt lat="46.056697" lon="12.42381">
        <ele>1098.0</ele>
      </trkpt>
      <trkpt lat="46.05682" lon="12.423627">
        <ele>1097.0</ele>
      </trkpt>
      <trkpt lat="46.056917" lon="12.423601">
        <ele>1096.0</ele>
      </trkpt>
      <trkpt lat="46.0572" lon="12.423285">
        <ele>1091.5</ele>
      </trkpt>
      <trkpt lat="46.057235" lon="12.423142">
        <ele>1090.25</ele>
      </trkpt>
      <trkpt lat="46.057245" lon="12.422941">
        <ele>1089.0</ele>
      </trkpt>
      <trkpt lat="46.05723" lon="12.422755">
        <ele>1088.25</ele>
      </trkpt>
      <trkpt lat="46.057063" lon="12.422361">
        <ele>1088.5</ele>
      </trkpt>
      <trkpt lat="46.057163" lon="12.422144">
        <ele>1086.0</ele>
      </trkpt>
      <trkpt lat="46.057212" lon="12.422062">
        <ele>1084.75</ele>
      </trkpt>
      <trkpt lat="46.057307" lon="12.421985">
        <ele>1082.75</ele>
      </trkpt>
      <trkpt lat="46.057411" lon="12.421888">
        <ele>1080.75</ele>
      </trkpt>
      <trkpt lat="46.057473" lon="12.421732">
        <ele>1078.75</ele>
      </trkpt>
      <trkpt lat="46.057475" lon="12.421547">
        <ele>1076.0</ele>
      </trkpt>
      <trkpt lat="46.057519" lon="12.421437">
        <ele>1073.25</ele>
      </trkpt>
      <trkpt lat="46.057543" lon="12.421347">
        <ele>1071.25</ele>
      </trkpt>
      <trkpt lat="46.0575" lon="12.42125">
        <ele>1070.0</ele>
      </trkpt>
      <trkpt lat="46.057373" lon="12.421103">
        <ele>1069.75</ele>
      </trkpt>
      <trkpt lat="46.057349" lon="12.42104">
        <ele>1069.0</ele>
      </trkpt>
      <trkpt lat="46.05736" lon="12.420918">
        <ele>1066.5</ele>
      </trkpt>
      <trkpt lat="46.057472" lon="12.420586">
        <ele>1060.75</ele>
      </trkpt>
      <trkpt lat="46.057525" lon="12.420513">
        <ele>1059.25</ele>
      </trkpt>
      <trkpt lat="46.057711" lon="12.420016">
        <ele>1053.5</ele>
      </trkpt>
      <trkpt lat="46.05777" lon="12.419804">
        <ele>1051.25</ele>
      </trkpt>
      <trkpt lat="46.057847" lon="12.419768">
        <ele>1050.0</ele>
      </trkpt>
      <trkpt lat="46.057932" lon="12.41975">
        <ele>1048.75</ele>
      </trkpt>
      <trkpt lat="46.058039" lon="12.419584">
        <ele>1046.0</ele>
      </trkpt>
      <trkpt lat="46.05812" lon="12.419431">
        <ele>1043.5</ele>
      </trkpt>
      <trkpt lat="46.058146" lon="12.419358">
        <ele>1042.5</ele>
      </trkpt>
      <trkpt lat="46.058179" lon="12.419214">
        <ele>1040.75</ele>
      </trkpt>
      <trkpt lat="46.058218" lon="12.418995">
        <ele>1038.0</ele>
      </trkpt>
      <trkpt lat="46.058291" lon="12.418771">
        <ele>1034.5</ele>
      </trkpt>
      <trkpt lat="46.058327" lon="12.418595">
        <ele>1031.75</ele>
      </trkpt>
      <trkpt lat="46.058247" lon="12.418495">
        <ele>1032.5</ele>
      </trkpt>
      <trkpt lat="46.058145" lon="12.418483">
        <ele>1034.75</ele>
      </trkpt>
      <trkpt lat="46.058138" lon="12.418381">
        <ele>1034.0</ele>
      </trkpt>
      <trkpt lat="46.058271" lon="12.418258">
        <ele>1030.5</ele>
      </trkpt>
      <trkpt lat="46.058352" lon="12.418144">
        <ele>1029.0</ele>
      </trkpt>
      <trkpt lat="46.058512" lon="12.41773">
        <ele>1027.25</ele>
      </trkpt>
      <trkpt lat="46.058607" lon="12.417444">
        <ele>1025.5</ele>
      </trkpt>
      <trkpt lat="46.058722" lon="12.417313">
        <ele>1023.75</ele>
      </trkpt>
      <trkpt lat="46.058951" lon="12.417109">
        <ele>1019.0</ele>
      </trkpt>
      <trkpt lat="46.059181" lon="12.416663">
        <ele>1012.0</ele>
      </trkpt>
      <trkpt lat="46.059317" lon="12.41656">
        <ele>1012.25</ele>
      </trkpt>
      <trkpt lat="46.059546" lon="12.416393">
        <ele>1011.5</ele>
      </trkpt>
      <trkpt lat="46.05958" lon="12.416236">
        <ele>1011.5</ele>
      </trkpt>
      <trkpt lat="46.059647" lon="12.416165">
        <ele>1010.75</ele>
      </trkpt>
      <trkpt lat="46.059754" lon="12.416122">
        <ele>1009.25</ele>
      </trkpt>
      <trkpt lat="46.060424" lon="12.415757">
        <ele>1003.0</ele>
      </trkpt>
      <trkpt lat="46.060529" lon="12.415632">
        <ele>1002.75</ele>
      </trkpt>
      <trkpt lat="46.060599" lon="12.415471">
        <ele>1002.5</ele>
      </trkpt>
      <trkpt lat="46.060642" lon="12.415347">
        <ele>1002.0</ele>
      </trkpt>
      <trkpt lat="46.060651" lon="12.41525">
        <ele>1002.0</ele>
      </trkpt>
      <trkpt lat="46.060656" lon="12.415065">
        <ele>1001.75</ele>
      </trkpt>
      <trkpt lat="46.060637" lon="12.414878">
        <ele>1001.75</ele>
      </trkpt>
      <trkpt lat="46.060469" lon="12.413629">
        <ele>1002.0</ele>
      </trkpt>
      <trkpt lat="46.060253" lon="12.411657">
        <ele>1003.5</ele>
      </trkpt>
      <trkpt lat="46.060257" lon="12.411399">
        <ele>1004.0</ele>
      </trkpt>
      <trkpt lat="46.060279" lon="12.411203">
        <ele>1004.25</ele>
      </trkpt>
      <trkpt lat="46.060323" lon="12.411012">
        <ele>1004.25</ele>
      </trkpt>
      <trkpt lat="46.060421" lon="12.410708">
        <ele>1004.0</ele>
      </trkpt>
      <trkpt lat="46.060469" lon="12.410517">
        <ele>1003.5</ele>
      </trkpt>
      <trkpt lat="46.060576" lon="12.410189">
        <ele>1003.0</ele>
      </trkpt>
      <trkpt lat="46.060927" lon="12.409171">
        <ele>1001.0</ele>
      </trkpt>
      <trkpt lat="46.061102" lon="12.408686">
        <ele>1000.75</ele>
      </trkpt>
      <trkpt lat="46.061382" lon="12.407879">
        <ele>1002.75</ele>
      </trkpt>
      <trkpt lat="46.061825" lon="12.406546">
        <ele>1007.75</ele>
      </trkpt>
      <trkpt lat="46.062166" lon="12.405528">
        <ele>1009.75</ele>
      </trkpt>
      <trkpt lat="46.06289" lon="12.403361">
        <ele>1013.75</ele>
      </trkpt>
      <trkpt lat="46.062902" lon="12.403322">
        <ele>1014.0</ele>
      </trkpt>
      <trkpt lat="46.064097" lon="12.404039">
        <ele>1014.0</ele>
      </trkpt>
      <trkpt lat="46.064068" lon="12.404154">
        <ele>1013.75</ele>
      </trkpt>
      <trkpt lat="46.064047" lon="12.404519">
        <ele>1015.75</ele>
      </trkpt>
      <trkpt lat="46.064017" lon="12.405608">
        <ele>1023.0</ele>
      </trkpt>
      <trkpt lat="46.063919" lon="12.406005">
        <ele>1024.5</ele>
      </trkpt>
      <trkpt lat="46.063751" lon="12.406477">
        <ele>1025.75</ele>
      </trkpt>
      <trkpt lat="46.063749" lon="12.406745">
        <ele>1027.0</ele>
      </trkpt>
      <trkpt lat="46.063768" lon="12.40707">
        <ele>1027.5</ele>
      </trkpt>
      <trkpt lat="46.063595" lon="12.407244">
        <ele>1027.5</ele>
      </trkpt>
      <trkpt lat="46.063532" lon="12.407296">
        <ele>1028.25</ele>
      </trkpt>
    </trkseg>
  </trk>
</gpx>